solid OpenSCAD_Model
  facet normal 0.568042 -0.823 0
    outer loop
      vertex 35.1678 -16.7836 0
      vertex 36.755 -15.6881 15.9
      vertex 35.1678 -16.7836 15.9
    endloop
  endfacet
  facet normal 0.568042 -0.823 0
    outer loop
      vertex 36.755 -15.6881 15.9
      vertex 35.1678 -16.7836 0
      vertex 36.755 -15.6881 0
    endloop
  endfacet
  facet normal 0.354604 -0.935016 0
    outer loop
      vertex 33.3645 -17.4675 0
      vertex 35.1678 -16.7836 15.9
      vertex 33.3645 -17.4675 15.9
    endloop
  endfacet
  facet normal 0.354604 -0.935016 0
    outer loop
      vertex 35.1678 -16.7836 15.9
      vertex 33.3645 -17.4675 0
      vertex 35.1678 -16.7836 0
    endloop
  endfacet
  facet normal -0.120556 0.992707 0
    outer loop
      vertex -31.45 17.7 0
      vertex -33.3645 17.4675 15.9
      vertex -31.45 17.7 15.9
    endloop
  endfacet
  facet normal -0.120556 0.992707 0
    outer loop
      vertex -33.3645 17.4675 15.9
      vertex -31.45 17.7 0
      vertex -33.3645 17.4675 0
    endloop
  endfacet
  facet normal -0.885471 0.464695 0
    outer loop
      vertex -38.9301 12.5368 0
      vertex -38.0339 14.2445 15.9
      vertex -38.0339 14.2445 0
    endloop
  endfacet
  facet normal -0.885471 0.464695 0
    outer loop
      vertex -38.0339 14.2445 15.9
      vertex -38.9301 12.5368 0
      vertex -38.9301 12.5368 15.9
    endloop
  endfacet
  facet normal 0.120556 -0.992707 0
    outer loop
      vertex 31.45 -17.7 0
      vertex 33.3645 -17.4675 15.9
      vertex 31.45 -17.7 15.9
    endloop
  endfacet
  facet normal 0.120556 -0.992707 0
    outer loop
      vertex 33.3645 -17.4675 15.9
      vertex 31.45 -17.7 0
      vertex 33.3645 -17.4675 0
    endloop
  endfacet
  facet normal -1 0 0
    outer loop
      vertex -39.45 5 9.2
      vertex -39.45 9.7 0
      vertex -39.45 5 5.2
    endloop
  endfacet
  facet normal -1 0 0
    outer loop
      vertex -39.45 9.7 0
      vertex -39.45 -5 5.2
      vertex -39.45 5 5.2
    endloop
  endfacet
  facet normal -1 -0 0
    outer loop
      vertex -39.45 -5 5.2
      vertex -39.45 -9.7 0
      vertex -39.45 -5 9.2
    endloop
  endfacet
  facet normal -1 0 0
    outer loop
      vertex -39.45 -9.7 0
      vertex -39.45 -5 5.2
      vertex -39.45 9.7 0
    endloop
  endfacet
  facet normal -1 0 0
    outer loop
      vertex -39.45 9.7 0
      vertex -39.45 5 9.2
      vertex -39.45 9.7 15.9
    endloop
  endfacet
  facet normal -1 0 0
    outer loop
      vertex -39.45 -5 9.2
      vertex -39.45 9.7 15.9
      vertex -39.45 5 9.2
    endloop
  endfacet
  facet normal -1 0 0
    outer loop
      vertex -39.45 -5 9.2
      vertex -39.45 -9.7 15.9
      vertex -39.45 9.7 15.9
    endloop
  endfacet
  facet normal -1 0 0
    outer loop
      vertex -39.45 -9.7 15.9
      vertex -39.45 -5 9.2
      vertex -39.45 -9.7 0
    endloop
  endfacet
  facet normal 0 -1 0
    outer loop
      vertex -31.45 -17.7 0
      vertex 31.45 -17.7 15.9
      vertex -31.45 -17.7 15.9
    endloop
  endfacet
  facet normal 0 -1 -0
    outer loop
      vertex 31.45 -17.7 15.9
      vertex -31.45 -17.7 0
      vertex 31.45 -17.7 0
    endloop
  endfacet
  facet normal -0.464695 -0.885471 0
    outer loop
      vertex -35.9945 -16.2839 0
      vertex -34.2868 -17.1801 15.9
      vertex -35.9945 -16.2839 15.9
    endloop
  endfacet
  facet normal -0.464695 -0.885471 -0
    outer loop
      vertex -34.2868 -17.1801 15.9
      vertex -35.9945 -16.2839 0
      vertex -34.2868 -17.1801 0
    endloop
  endfacet
  facet normal -0.180267 -0.983618 0
    outer loop
      vertex -34.2868 -17.1801 0
      vertex -31.45 -17.7 15.9
      vertex -34.2868 -17.1801 15.9
    endloop
  endfacet
  facet normal -0.180267 -0.983618 -0
    outer loop
      vertex -31.45 -17.7 15.9
      vertex -34.2868 -17.1801 0
      vertex -31.45 -17.7 0
    endloop
  endfacet
  facet normal 0.180267 0.983618 -0
    outer loop
      vertex 34.2868 17.1801 0
      vertex 31.45 17.7 15.9
      vertex 34.2868 17.1801 15.9
    endloop
  endfacet
  facet normal 0.180267 0.983618 0
    outer loop
      vertex 31.45 17.7 15.9
      vertex 34.2868 17.1801 0
      vertex 31.45 17.7 0
    endloop
  endfacet
  facet normal -0.748594 0.663029 0
    outer loop
      vertex -36.9216 15.5 11.7
      vertex -36.755 15.6881 0
      vertex -36.9216 15.5 2.2
    endloop
  endfacet
  facet normal -0.748522 0.66311 1.23172e-05
    outer loop
      vertex -36.755 15.6881 0
      vertex -37.25 15.1293 2.2
      vertex -36.9216 15.5 2.2
    endloop
  endfacet
  facet normal -0.748496 0.66314 0
    outer loop
      vertex -37.25 15.1293 2.2
      vertex -38.0339 14.2445 0
      vertex -37.25 15.1293 11.7
    endloop
  endfacet
  facet normal -0.748515 0.663117 1.58663e-05
    outer loop
      vertex -38.0339 14.2445 0
      vertex -37.25 15.1293 2.2
      vertex -36.755 15.6881 0
    endloop
  endfacet
  facet normal -0.748594 0.663029 0
    outer loop
      vertex -36.755 15.6881 0
      vertex -36.9216 15.5 11.7
      vertex -36.755 15.6881 15.9
    endloop
  endfacet
  facet normal -0.748522 0.66311 -6.45187e-06
    outer loop
      vertex -37.25 15.1293 11.7
      vertex -36.755 15.6881 15.9
      vertex -36.9216 15.5 11.7
    endloop
  endfacet
  facet normal -0.748515 0.663117 -8.31091e-06
    outer loop
      vertex -37.25 15.1293 11.7
      vertex -38.0339 14.2445 15.9
      vertex -36.755 15.6881 15.9
    endloop
  endfacet
  facet normal -0.748496 0.66314 0
    outer loop
      vertex -38.0339 14.2445 15.9
      vertex -37.25 15.1293 11.7
      vertex -38.0339 14.2445 0
    endloop
  endfacet
  facet normal -0.66311 -0.748522 -6.45187e-06
    outer loop
      vertex -36.8793 -15.5 11.7
      vertex -37.4381 -15.005 15.9
      vertex -37.25 -15.1716 11.7
    endloop
  endfacet
  facet normal -0.663029 -0.748594 0
    outer loop
      vertex -37.4381 -15.005 0
      vertex -37.25 -15.1716 11.7
      vertex -37.4381 -15.005 15.9
    endloop
  endfacet
  facet normal -0.66311 -0.748522 1.23172e-05
    outer loop
      vertex -37.25 -15.1716 2.2
      vertex -37.4381 -15.005 0
      vertex -36.8793 -15.5 2.2
    endloop
  endfacet
  facet normal -0.663029 -0.748594 -0
    outer loop
      vertex -37.25 -15.1716 11.7
      vertex -37.4381 -15.005 0
      vertex -37.25 -15.1716 2.2
    endloop
  endfacet
  facet normal -0.663117 -0.748515 -8.31091e-06
    outer loop
      vertex -37.4381 -15.005 15.9
      vertex -36.8793 -15.5 11.7
      vertex -35.9945 -16.2839 15.9
    endloop
  endfacet
  facet normal -0.66314 -0.748496 0
    outer loop
      vertex -35.9945 -16.2839 0
      vertex -36.8793 -15.5 11.7
      vertex -36.8793 -15.5 2.2
    endloop
  endfacet
  facet normal -0.66314 -0.748496 0
    outer loop
      vertex -36.8793 -15.5 11.7
      vertex -35.9945 -16.2839 0
      vertex -35.9945 -16.2839 15.9
    endloop
  endfacet
  facet normal -0.663117 -0.748515 1.58663e-05
    outer loop
      vertex -35.9945 -16.2839 0
      vertex -36.8793 -15.5 2.2
      vertex -37.4381 -15.005 0
    endloop
  endfacet
  facet normal 0 0 -1
    outer loop
      vertex 31.45 17.7 0
      vertex 39.45 9.7 0
      vertex 39.45 -9.7 0
    endloop
  endfacet
  facet normal 0 0 -1
    outer loop
      vertex 31.45 -17.7 0
      vertex 39.45 -9.7 0
      vertex 38.9301 -12.5368 0
    endloop
  endfacet
  facet normal 0 0 -1
    outer loop
      vertex 31.45 17.7 0
      vertex 39.45 -9.7 0
      vertex 31.45 -17.7 0
    endloop
  endfacet
  facet normal 0 0 -1
    outer loop
      vertex 31.45 -17.7 0
      vertex 38.9301 -12.5368 0
      vertex 38.0339 -14.2445 0
    endloop
  endfacet
  facet normal 0 0 -1
    outer loop
      vertex 39.45 9.7 0
      vertex 31.45 17.7 0
      vertex 39.2175 11.6145 0
    endloop
  endfacet
  facet normal 0 0 -1
    outer loop
      vertex 31.45 -17.7 0
      vertex 38.0339 -14.2445 0
      vertex 36.755 -15.6881 0
    endloop
  endfacet
  facet normal 0 0 -1
    outer loop
      vertex 39.2175 11.6145 0
      vertex 31.45 17.7 0
      vertex 38.5336 13.4178 0
    endloop
  endfacet
  facet normal 0 0 -1
    outer loop
      vertex 31.45 -17.7 0
      vertex 36.755 -15.6881 0
      vertex 35.1678 -16.7836 0
    endloop
  endfacet
  facet normal 0 0 -1
    outer loop
      vertex 38.5336 13.4178 0
      vertex 31.45 17.7 0
      vertex 37.4381 15.005 0
    endloop
  endfacet
  facet normal 0 0 -1
    outer loop
      vertex 31.45 -17.7 0
      vertex 35.1678 -16.7836 0
      vertex 33.3645 -17.4675 0
    endloop
  endfacet
  facet normal 0 0 -1
    outer loop
      vertex 37.4381 15.005 0
      vertex 31.45 17.7 0
      vertex 35.9945 16.2839 0
    endloop
  endfacet
  facet normal 0 0 -1
    outer loop
      vertex 35.9945 16.2839 0
      vertex 31.45 17.7 0
      vertex 34.2868 17.1801 0
    endloop
  endfacet
  facet normal 0 0 -1
    outer loop
      vertex -31.45 -17.7 0
      vertex 31.45 17.7 0
      vertex 31.45 -17.7 0
    endloop
  endfacet
  facet normal 0 0 -1
    outer loop
      vertex -31.45 -17.7 0
      vertex -31.45 17.7 0
      vertex 31.45 17.7 0
    endloop
  endfacet
  facet normal 0 0 -1
    outer loop
      vertex -39.45 9.7 0
      vertex -31.45 17.7 0
      vertex -31.45 -17.7 0
    endloop
  endfacet
  facet normal 0 0 -1
    outer loop
      vertex -39.45 -9.7 0
      vertex -31.45 -17.7 0
      vertex -34.2868 -17.1801 0
    endloop
  endfacet
  facet normal 0 0 -1
    outer loop
      vertex -39.45 9.7 0
      vertex -31.45 -17.7 0
      vertex -39.45 -9.7 0
    endloop
  endfacet
  facet normal 0 0 -1
    outer loop
      vertex -39.45 -9.7 0
      vertex -34.2868 -17.1801 0
      vertex -35.9945 -16.2839 0
    endloop
  endfacet
  facet normal 0 0 -1
    outer loop
      vertex -31.45 17.7 0
      vertex -39.45 9.7 0
      vertex -33.3645 17.4675 0
    endloop
  endfacet
  facet normal 0 0 -1
    outer loop
      vertex -39.45 -9.7 0
      vertex -35.9945 -16.2839 0
      vertex -37.4381 -15.005 0
    endloop
  endfacet
  facet normal 0 0 -1
    outer loop
      vertex -33.3645 17.4675 0
      vertex -39.45 9.7 0
      vertex -35.1678 16.7836 0
    endloop
  endfacet
  facet normal 0 0 -1
    outer loop
      vertex -39.45 -9.7 0
      vertex -37.4381 -15.005 0
      vertex -38.5336 -13.4178 0
    endloop
  endfacet
  facet normal 0 0 -1
    outer loop
      vertex -35.1678 16.7836 0
      vertex -39.45 9.7 0
      vertex -36.755 15.6881 0
    endloop
  endfacet
  facet normal 0 0 -1
    outer loop
      vertex -39.45 -9.7 0
      vertex -38.5336 -13.4178 0
      vertex -39.2175 -11.6145 0
    endloop
  endfacet
  facet normal 0 0 -1
    outer loop
      vertex -36.755 15.6881 0
      vertex -39.45 9.7 0
      vertex -38.0339 14.2445 0
    endloop
  endfacet
  facet normal 0 0 -1
    outer loop
      vertex -38.0339 14.2445 0
      vertex -39.45 9.7 0
      vertex -38.9301 12.5368 0
    endloop
  endfacet
  facet normal 0.935016 0.354604 0
    outer loop
      vertex 39.2175 11.6145 15.9
      vertex 38.5336 13.4178 0
      vertex 38.5336 13.4178 15.9
    endloop
  endfacet
  facet normal 0.935016 0.354604 0
    outer loop
      vertex 38.5336 13.4178 0
      vertex 39.2175 11.6145 15.9
      vertex 39.2175 11.6145 0
    endloop
  endfacet
  facet normal -0.935016 -0.354604 0
    outer loop
      vertex -38.5336 -13.4178 0
      vertex -39.2175 -11.6145 15.9
      vertex -39.2175 -11.6145 0
    endloop
  endfacet
  facet normal -0.935016 -0.354604 0
    outer loop
      vertex -39.2175 -11.6145 15.9
      vertex -38.5336 -13.4178 0
      vertex -38.5336 -13.4178 15.9
    endloop
  endfacet
  facet normal 0.663117 0.748515 -0
    outer loop
      vertex 37.4381 15.005 0
      vertex 35.9945 16.2839 15.9
      vertex 37.4381 15.005 15.9
    endloop
  endfacet
  facet normal 0.663117 0.748515 0
    outer loop
      vertex 35.9945 16.2839 15.9
      vertex 37.4381 15.005 0
      vertex 35.9945 16.2839 0
    endloop
  endfacet
  facet normal 0.992707 0.120556 0
    outer loop
      vertex 39.45 9.7 15.9
      vertex 39.2175 11.6145 0
      vertex 39.2175 11.6145 15.9
    endloop
  endfacet
  facet normal 0.992707 0.120556 0
    outer loop
      vertex 39.2175 11.6145 0
      vertex 39.45 9.7 15.9
      vertex 39.45 9.7 0
    endloop
  endfacet
  facet normal -0.354604 0.935016 0
    outer loop
      vertex -33.3645 17.4675 0
      vertex -35.1678 16.7836 15.9
      vertex -33.3645 17.4675 15.9
    endloop
  endfacet
  facet normal -0.354604 0.935016 0
    outer loop
      vertex -35.1678 16.7836 15.9
      vertex -33.3645 17.4675 0
      vertex -35.1678 16.7836 0
    endloop
  endfacet
  facet normal -0.992707 -0.120556 0
    outer loop
      vertex -39.2175 -11.6145 0
      vertex -39.45 -9.7 15.9
      vertex -39.45 -9.7 0
    endloop
  endfacet
  facet normal -0.992707 -0.120556 0
    outer loop
      vertex -39.45 -9.7 15.9
      vertex -39.2175 -11.6145 0
      vertex -39.2175 -11.6145 15.9
    endloop
  endfacet
  facet normal -0.568042 0.823 0
    outer loop
      vertex -35.1678 16.7836 0
      vertex -36.755 15.6881 15.9
      vertex -35.1678 16.7836 15.9
    endloop
  endfacet
  facet normal -0.568042 0.823 0
    outer loop
      vertex -36.755 15.6881 15.9
      vertex -35.1678 16.7836 0
      vertex -36.755 15.6881 0
    endloop
  endfacet
  facet normal 0 0 1
    outer loop
      vertex 39.45 9.7 15.9
      vertex 37.0658 11.0842 15.9
      vertex 37.25 9.56689 15.9
    endloop
  endfacet
  facet normal 0 0 1
    outer loop
      vertex 38.5336 13.4178 15.9
      vertex 36.5714 12.3878 15.9
      vertex 37.0658 11.0842 15.9
    endloop
  endfacet
  facet normal 0 0 1
    outer loop
      vertex 35.7792 13.5354 15.9
      vertex 37.4381 15.005 15.9
      vertex 35.9945 16.2839 15.9
    endloop
  endfacet
  facet normal 0 0 1
    outer loop
      vertex 37.4381 15.005 15.9
      vertex 35.7792 13.5354 15.9
      vertex 36.5714 12.3878 15.9
    endloop
  endfacet
  facet normal 0 0 1
    outer loop
      vertex 35.9945 16.2839 15.9
      vertex 34.7356 14.46 15.9
      vertex 35.7792 13.5354 15.9
    endloop
  endfacet
  facet normal 0 0 1
    outer loop
      vertex 33.5609 15.0765 15.9
      vertex 35.9945 16.2839 15.9
      vertex 34.2868 17.1801 15.9
    endloop
  endfacet
  facet normal 0 0 1
    outer loop
      vertex 35.9945 16.2839 15.9
      vertex 33.5609 15.0765 15.9
      vertex 34.7356 14.46 15.9
    endloop
  endfacet
  facet normal 0 0 1
    outer loop
      vertex 31.45 17.7 15.9
      vertex 33.5609 15.0765 15.9
      vertex 34.2868 17.1801 15.9
    endloop
  endfacet
  facet normal 0 0 1
    outer loop
      vertex 31.45 17.7 15.9
      vertex 31.25 15.5 15.9
      vertex 33.5609 15.0765 15.9
    endloop
  endfacet
  facet normal -0 0 1
    outer loop
      vertex -31.45 17.7 15.9
      vertex 31.25 15.5 15.9
      vertex 31.45 17.7 15.9
    endloop
  endfacet
  facet normal 0 0 1
    outer loop
      vertex 31.25 15.5 15.9
      vertex -31.45 17.7 15.9
      vertex -31.3169 15.5 15.9
    endloop
  endfacet
  facet normal 0 0 1
    outer loop
      vertex -31.45 17.7 15.9
      vertex -32.8342 15.3158 15.9
      vertex -31.3169 15.5 15.9
    endloop
  endfacet
  facet normal -0 0 1
    outer loop
      vertex -33.3645 17.4675 15.9
      vertex -32.8342 15.3158 15.9
      vertex -31.45 17.7 15.9
    endloop
  endfacet
  facet normal 0 0 1
    outer loop
      vertex -33.3645 17.4675 15.9
      vertex -34.1378 14.8214 15.9
      vertex -32.8342 15.3158 15.9
    endloop
  endfacet
  facet normal -0 0 1
    outer loop
      vertex -35.1678 16.7836 15.9
      vertex -34.1378 14.8214 15.9
      vertex -33.3645 17.4675 15.9
    endloop
  endfacet
  facet normal 0 0 1
    outer loop
      vertex -35.1678 16.7836 15.9
      vertex -35.2854 14.0292 15.9
      vertex -34.1378 14.8214 15.9
    endloop
  endfacet
  facet normal -0 0 1
    outer loop
      vertex -36.755 15.6881 15.9
      vertex -35.2854 14.0292 15.9
      vertex -35.1678 16.7836 15.9
    endloop
  endfacet
  facet normal 0 0 1
    outer loop
      vertex -35.2854 14.0292 15.9
      vertex -36.755 15.6881 15.9
      vertex -36.21 12.9856 15.9
    endloop
  endfacet
  facet normal -0 0 1
    outer loop
      vertex -38.0339 14.2445 15.9
      vertex -36.21 12.9856 15.9
      vertex -36.755 15.6881 15.9
    endloop
  endfacet
  facet normal 0 0 1
    outer loop
      vertex -36.21 12.9856 15.9
      vertex -38.0339 14.2445 15.9
      vertex -36.8265 11.8109 15.9
    endloop
  endfacet
  facet normal 0 0 1
    outer loop
      vertex -39.45 -9.7 15.9
      vertex -37.25 -9.56689 15.9
      vertex -37.25 9.50003 15.9
    endloop
  endfacet
  facet normal -0 0 1
    outer loop
      vertex -38.9301 12.5368 15.9
      vertex -36.8265 11.8109 15.9
      vertex -38.0339 14.2445 15.9
    endloop
  endfacet
  facet normal 0 0 1
    outer loop
      vertex -39.45 9.7 15.9
      vertex -36.8265 11.8109 15.9
      vertex -38.9301 12.5368 15.9
    endloop
  endfacet
  facet normal 0 0 1
    outer loop
      vertex -39.45 -9.7 15.9
      vertex -37.25 9.50003 15.9
      vertex -39.45 9.7 15.9
    endloop
  endfacet
  facet normal 0 0 1
    outer loop
      vertex -36.8265 11.8109 15.9
      vertex -39.45 9.7 15.9
      vertex -37.25 9.50003 15.9
    endloop
  endfacet
  facet normal 0 -0 1
    outer loop
      vertex -39.2175 -11.6145 15.9
      vertex -37.25 -9.56689 15.9
      vertex -39.45 -9.7 15.9
    endloop
  endfacet
  facet normal 0 0 1
    outer loop
      vertex -37.25 -9.56689 15.9
      vertex -38.5336 -13.4178 15.9
      vertex -37.4381 -15.005 15.9
    endloop
  endfacet
  facet normal 0 0 1
    outer loop
      vertex -37.25 -9.56689 15.9
      vertex -39.2175 -11.6145 15.9
      vertex -38.5336 -13.4178 15.9
    endloop
  endfacet
  facet normal -0 0 1
    outer loop
      vertex 37.0658 11.0842 15.9
      vertex 39.45 9.7 15.9
      vertex 39.2175 11.6145 15.9
    endloop
  endfacet
  facet normal 0 0 1
    outer loop
      vertex 37.25 -9.50003 15.9
      vertex 39.45 9.7 15.9
      vertex 37.25 9.56689 15.9
    endloop
  endfacet
  facet normal 0 0 1
    outer loop
      vertex 37.0658 11.0842 15.9
      vertex 39.2175 11.6145 15.9
      vertex 38.5336 13.4178 15.9
    endloop
  endfacet
  facet normal 0 0 1
    outer loop
      vertex 39.45 9.7 15.9
      vertex 37.25 -9.50003 15.9
      vertex 39.45 -9.7 15.9
    endloop
  endfacet
  facet normal 0 0 1
    outer loop
      vertex 36.5714 12.3878 15.9
      vertex 38.5336 13.4178 15.9
      vertex 37.4381 15.005 15.9
    endloop
  endfacet
  facet normal 0 0 1
    outer loop
      vertex 36.8265 -11.8109 15.9
      vertex 39.45 -9.7 15.9
      vertex 37.25 -9.50003 15.9
    endloop
  endfacet
  facet normal 0 0 1
    outer loop
      vertex 39.45 -9.7 15.9
      vertex 36.8265 -11.8109 15.9
      vertex 38.9301 -12.5368 15.9
    endloop
  endfacet
  facet normal 0 0 1
    outer loop
      vertex 38.9301 -12.5368 15.9
      vertex 36.8265 -11.8109 15.9
      vertex 38.0339 -14.2445 15.9
    endloop
  endfacet
  facet normal -0 0 1
    outer loop
      vertex 36.21 -12.9856 15.9
      vertex 38.0339 -14.2445 15.9
      vertex 36.8265 -11.8109 15.9
    endloop
  endfacet
  facet normal 0 0 1
    outer loop
      vertex 38.0339 -14.2445 15.9
      vertex 36.21 -12.9856 15.9
      vertex 36.755 -15.6881 15.9
    endloop
  endfacet
  facet normal -0 0 1
    outer loop
      vertex 35.2854 -14.0292 15.9
      vertex 36.755 -15.6881 15.9
      vertex 36.21 -12.9856 15.9
    endloop
  endfacet
  facet normal 0 0 1
    outer loop
      vertex 35.2854 -14.0292 15.9
      vertex 35.1678 -16.7836 15.9
      vertex 36.755 -15.6881 15.9
    endloop
  endfacet
  facet normal -0 0 1
    outer loop
      vertex 34.1378 -14.8214 15.9
      vertex 35.1678 -16.7836 15.9
      vertex 35.2854 -14.0292 15.9
    endloop
  endfacet
  facet normal 0 0 1
    outer loop
      vertex 34.1378 -14.8214 15.9
      vertex 33.3645 -17.4675 15.9
      vertex 35.1678 -16.7836 15.9
    endloop
  endfacet
  facet normal -0 0 1
    outer loop
      vertex 32.8342 -15.3158 15.9
      vertex 33.3645 -17.4675 15.9
      vertex 34.1378 -14.8214 15.9
    endloop
  endfacet
  facet normal 0 0 1
    outer loop
      vertex 32.8342 -15.3158 15.9
      vertex 31.45 -17.7 15.9
      vertex 33.3645 -17.4675 15.9
    endloop
  endfacet
  facet normal -0 0 1
    outer loop
      vertex 31.3169 -15.5 15.9
      vertex 31.45 -17.7 15.9
      vertex 32.8342 -15.3158 15.9
    endloop
  endfacet
  facet normal -0 0 1
    outer loop
      vertex -31.25 -15.5 15.9
      vertex 31.45 -17.7 15.9
      vertex 31.3169 -15.5 15.9
    endloop
  endfacet
  facet normal 0 0 1
    outer loop
      vertex -31.25 -15.5 15.9
      vertex -31.45 -17.7 15.9
      vertex 31.45 -17.7 15.9
    endloop
  endfacet
  facet normal 0 0 1
    outer loop
      vertex -33.5609 -15.0765 15.9
      vertex -31.45 -17.7 15.9
      vertex -31.25 -15.5 15.9
    endloop
  endfacet
  facet normal 0 0 1
    outer loop
      vertex -33.5609 -15.0765 15.9
      vertex -34.2868 -17.1801 15.9
      vertex -31.45 -17.7 15.9
    endloop
  endfacet
  facet normal 0 0 1
    outer loop
      vertex -35.9945 -16.2839 15.9
      vertex -33.5609 -15.0765 15.9
      vertex -34.7356 -14.46 15.9
    endloop
  endfacet
  facet normal 0 0 1
    outer loop
      vertex -35.9945 -16.2839 15.9
      vertex -34.7356 -14.46 15.9
      vertex -35.7792 -13.5354 15.9
    endloop
  endfacet
  facet normal 0 0 1
    outer loop
      vertex -33.5609 -15.0765 15.9
      vertex -35.9945 -16.2839 15.9
      vertex -34.2868 -17.1801 15.9
    endloop
  endfacet
  facet normal 0 0 1
    outer loop
      vertex -37.4381 -15.005 15.9
      vertex -35.7792 -13.5354 15.9
      vertex -36.5714 -12.3878 15.9
    endloop
  endfacet
  facet normal 0 0 1
    outer loop
      vertex -37.4381 -15.005 15.9
      vertex -36.5714 -12.3878 15.9
      vertex -37.0658 -11.0842 15.9
    endloop
  endfacet
  facet normal 0 0 1
    outer loop
      vertex -35.7792 -13.5354 15.9
      vertex -37.4381 -15.005 15.9
      vertex -35.9945 -16.2839 15.9
    endloop
  endfacet
  facet normal 0 0 1
    outer loop
      vertex -37.4381 -15.005 15.9
      vertex -37.0658 -11.0842 15.9
      vertex -37.25 -9.56689 15.9
    endloop
  endfacet
  facet normal 0.885471 -0.464695 0
    outer loop
      vertex 38.0339 -14.2445 15.9
      vertex 38.9301 -12.5368 0
      vertex 38.9301 -12.5368 15.9
    endloop
  endfacet
  facet normal 0.885471 -0.464695 0
    outer loop
      vertex 38.9301 -12.5368 0
      vertex 38.0339 -14.2445 15.9
      vertex 38.0339 -14.2445 0
    endloop
  endfacet
  facet normal 0.464695 0.885471 -0
    outer loop
      vertex 35.9945 16.2839 0
      vertex 34.2868 17.1801 15.9
      vertex 35.9945 16.2839 15.9
    endloop
  endfacet
  facet normal 0.464695 0.885471 0
    outer loop
      vertex 34.2868 17.1801 15.9
      vertex 35.9945 16.2839 0
      vertex 34.2868 17.1801 0
    endloop
  endfacet
  facet normal -0.983618 0.180267 0
    outer loop
      vertex -39.45 9.7 0
      vertex -38.9301 12.5368 15.9
      vertex -38.9301 12.5368 0
    endloop
  endfacet
  facet normal -0.983618 0.180267 0
    outer loop
      vertex -38.9301 12.5368 15.9
      vertex -39.45 9.7 0
      vertex -39.45 9.7 15.9
    endloop
  endfacet
  facet normal 1 0 0
    outer loop
      vertex 39.45 5.5 3.9
      vertex 39.45 9.7 15.9
      vertex 39.45 5.5 14.9
    endloop
  endfacet
  facet normal 1 0 0
    outer loop
      vertex 39.45 9.7 15.9
      vertex 39.45 -5.5 14.9
      vertex 39.45 5.5 14.9
    endloop
  endfacet
  facet normal 1 0 0
    outer loop
      vertex 39.45 -5.5 14.9
      vertex 39.45 -9.7 15.9
      vertex 39.45 -5.5 3.9
    endloop
  endfacet
  facet normal 1 -0 0
    outer loop
      vertex 39.45 -9.7 15.9
      vertex 39.45 -5.5 14.9
      vertex 39.45 9.7 15.9
    endloop
  endfacet
  facet normal 1 0 0
    outer loop
      vertex 39.45 9.7 15.9
      vertex 39.45 5.5 3.9
      vertex 39.45 9.7 0
    endloop
  endfacet
  facet normal 1 -0 0
    outer loop
      vertex 39.45 -5.5 3.9
      vertex 39.45 9.7 0
      vertex 39.45 5.5 3.9
    endloop
  endfacet
  facet normal 1 0 0
    outer loop
      vertex 39.45 -5.5 3.9
      vertex 39.45 -9.7 0
      vertex 39.45 9.7 0
    endloop
  endfacet
  facet normal 1 0 0
    outer loop
      vertex 39.45 -9.7 0
      vertex 39.45 -5.5 3.9
      vertex 39.45 -9.7 15.9
    endloop
  endfacet
  facet normal 0 1 -0
    outer loop
      vertex 31.45 17.7 0
      vertex -31.45 17.7 15.9
      vertex 31.45 17.7 15.9
    endloop
  endfacet
  facet normal 0 1 0
    outer loop
      vertex -31.45 17.7 15.9
      vertex 31.45 17.7 0
      vertex -31.45 17.7 0
    endloop
  endfacet
  facet normal -0.823 -0.568042 0
    outer loop
      vertex -37.4381 -15.005 0
      vertex -38.5336 -13.4178 15.9
      vertex -38.5336 -13.4178 0
    endloop
  endfacet
  facet normal -0.823 -0.568042 0
    outer loop
      vertex -38.5336 -13.4178 15.9
      vertex -37.4381 -15.005 0
      vertex -37.4381 -15.005 15.9
    endloop
  endfacet
  facet normal 0.823 0.568042 0
    outer loop
      vertex 38.5336 13.4178 15.9
      vertex 37.4381 15.005 0
      vertex 37.4381 15.005 15.9
    endloop
  endfacet
  facet normal 0.823 0.568042 0
    outer loop
      vertex 37.4381 15.005 0
      vertex 38.5336 13.4178 15.9
      vertex 38.5336 13.4178 0
    endloop
  endfacet
  facet normal 0.983618 -0.180267 0
    outer loop
      vertex 38.9301 -12.5368 15.9
      vertex 39.45 -9.7 0
      vertex 39.45 -9.7 15.9
    endloop
  endfacet
  facet normal 0.983618 -0.180267 0
    outer loop
      vertex 39.45 -9.7 0
      vertex 38.9301 -12.5368 15.9
      vertex 38.9301 -12.5368 0
    endloop
  endfacet
  facet normal 0.748515 -0.663117 0
    outer loop
      vertex 36.755 -15.6881 15.9
      vertex 38.0339 -14.2445 0
      vertex 38.0339 -14.2445 15.9
    endloop
  endfacet
  facet normal 0.748515 -0.663117 0
    outer loop
      vertex 38.0339 -14.2445 0
      vertex 36.755 -15.6881 15.9
      vertex 36.755 -15.6881 0
    endloop
  endfacet
  facet normal 0.992731 0.120357 0
    outer loop
      vertex -37.2278 -9.75 3.4
      vertex -37.25 -9.56689 2.2
      vertex -37.25 -9.56689 3.4
    endloop
  endfacet
  facet normal 0.992731 0.120357 0
    outer loop
      vertex -37.25 -9.56689 2.2
      vertex -37.2278 -9.75 3.4
      vertex -37.2278 -9.75 2.2
    endloop
  endfacet
  facet normal 0.992731 0.120357 0
    outer loop
      vertex -37.25 -9.56689 15.9
      vertex -37.2278 -9.75 11.7
      vertex -37.25 -9.56689 5.8
    endloop
  endfacet
  facet normal 0.992712 0.120514 -6.94448e-06
    outer loop
      vertex -37.0658 -11.0842 15.9
      vertex -37.2278 -9.75 11.7
      vertex -37.25 -9.56689 15.9
    endloop
  endfacet
  facet normal 0.992709 0.120536 0
    outer loop
      vertex -37.2278 -9.75 11.7
      vertex -37.0658 -11.0842 15.9
      vertex -37.0658 -11.0842 11.7
    endloop
  endfacet
  facet normal 0.992731 0.120357 0
    outer loop
      vertex -37.25 -9.56689 5.8
      vertex -37.2278 -9.75 11.7
      vertex -37.2278 -9.75 5.8
    endloop
  endfacet
  facet normal -0.568098 0.822961 0
    outer loop
      vertex 35.2854 -14.0292 2.2
      vertex 34.1378 -14.8214 15.9
      vertex 35.2854 -14.0292 15.9
    endloop
  endfacet
  facet normal -0.568098 0.822961 0
    outer loop
      vertex 34.1378 -14.8214 15.9
      vertex 35.2854 -14.0292 2.2
      vertex 34.1378 -14.8214 2.2
    endloop
  endfacet
  facet normal 0.885465 -0.464705 0
    outer loop
      vertex -36.8265 11.8109 15.9
      vertex -36.21 12.9856 11.7
      vertex -36.21 12.9856 15.9
    endloop
  endfacet
  facet normal 0.885465 -0.464705 0
    outer loop
      vertex -36.21 12.9856 11.7
      vertex -36.8265 11.8109 15.9
      vertex -36.8265 11.8109 11.7
    endloop
  endfacet
  facet normal 0.464705 0.885465 -0
    outer loop
      vertex -33.5609 -15.0765 11.7
      vertex -34.7356 -14.46 15.9
      vertex -33.5609 -15.0765 15.9
    endloop
  endfacet
  facet normal 0.464705 0.885465 0
    outer loop
      vertex -34.7356 -14.46 15.9
      vertex -33.5609 -15.0765 11.7
      vertex -34.7356 -14.46 11.7
    endloop
  endfacet
  facet normal 0 1 0
    outer loop
      vertex 31.3169 -15.5 15.9
      vertex -10.75 -15.5 11.7
      vertex -31.25 -15.5 15.9
    endloop
  endfacet
  facet normal 0 1 -0
    outer loop
      vertex 31.3169 -15.5 2.2
      vertex -10.75 -15.5 11.7
      vertex 31.3169 -15.5 15.9
    endloop
  endfacet
  facet normal 0 1 0
    outer loop
      vertex -10.75 -15.5 11.7
      vertex 31.3169 -15.5 2.2
      vertex -10.75 -15.5 2.2
    endloop
  endfacet
  facet normal 0 1 0
    outer loop
      vertex -31.25 -15.5 15.9
      vertex -10.75 -15.5 11.7
      vertex -31.25 -15.5 11.7
    endloop
  endfacet
  facet normal 0 -1 0
    outer loop
      vertex -37.25 -15.5 2.2
      vertex -36.8793 -15.5 11.7
      vertex -37.25 -15.5 11.7
    endloop
  endfacet
  facet normal 0 -1 -0
    outer loop
      vertex -36.8793 -15.5 11.7
      vertex -37.25 -15.5 2.2
      vertex -36.8793 -15.5 2.2
    endloop
  endfacet
  facet normal -0.354611 0.935014 0
    outer loop
      vertex 34.1378 -14.8214 2.2
      vertex 32.8342 -15.3158 15.9
      vertex 34.1378 -14.8214 15.9
    endloop
  endfacet
  facet normal -0.354611 0.935014 0
    outer loop
      vertex 32.8342 -15.3158 15.9
      vertex 34.1378 -14.8214 2.2
      vertex 32.8342 -15.3158 2.2
    endloop
  endfacet
  facet normal 0.935014 0.354611 0
    outer loop
      vertex -36.5714 -12.3878 15.9
      vertex -37.0658 -11.0842 11.7
      vertex -37.0658 -11.0842 15.9
    endloop
  endfacet
  facet normal 0.935014 0.354611 0
    outer loop
      vertex -37.0658 -11.0842 11.7
      vertex -36.5714 -12.3878 15.9
      vertex -36.5714 -12.3878 11.7
    endloop
  endfacet
  facet normal 0.822961 0.568098 0
    outer loop
      vertex -35.7792 -13.5354 15.9
      vertex -36.5714 -12.3878 11.7
      vertex -36.5714 -12.3878 15.9
    endloop
  endfacet
  facet normal 0.822961 0.568098 0
    outer loop
      vertex -36.5714 -12.3878 11.7
      vertex -35.7792 -13.5354 15.9
      vertex -35.7792 -13.5354 11.7
    endloop
  endfacet
  facet normal -1 0 0
    outer loop
      vertex 37.25 -9.50003 2.2
      vertex 37.25 9.56689 15.9
      vertex 37.25 9.56689 2.2
    endloop
  endfacet
  facet normal -1 -0 0
    outer loop
      vertex 37.25 9.56689 15.9
      vertex 37.25 -9.50003 2.2
      vertex 37.25 -9.50003 15.9
    endloop
  endfacet
  facet normal 0 -1 0
    outer loop
      vertex -10.75 15.5 11.7
      vertex -31.3169 15.5 15.9
      vertex -31.3169 15.5 11.7
    endloop
  endfacet
  facet normal 0 -1 0
    outer loop
      vertex -31.3169 15.5 15.9
      vertex -10.75 15.5 11.7
      vertex 31.25 15.5 15.9
    endloop
  endfacet
  facet normal 0 -1 0
    outer loop
      vertex 31.25 15.5 2.2
      vertex -10.75 15.5 11.7
      vertex -10.75 15.5 2.2
    endloop
  endfacet
  facet normal 0 -1 0
    outer loop
      vertex -10.75 15.5 11.7
      vertex 31.25 15.5 2.2
      vertex 31.25 15.5 15.9
    endloop
  endfacet
  facet normal 0 1 -0
    outer loop
      vertex -36.9216 15.5 2.2
      vertex -37.25 15.5 11.7
      vertex -36.9216 15.5 11.7
    endloop
  endfacet
  facet normal 0 1 0
    outer loop
      vertex -37.25 15.5 11.7
      vertex -36.9216 15.5 2.2
      vertex -37.25 15.5 2.2
    endloop
  endfacet
  facet normal -0.992712 -0.120514 0
    outer loop
      vertex 37.25 9.56689 2.2
      vertex 37.0658 11.0842 15.9
      vertex 37.0658 11.0842 2.2
    endloop
  endfacet
  facet normal -0.992712 -0.120514 0
    outer loop
      vertex 37.0658 11.0842 15.9
      vertex 37.25 9.56689 2.2
      vertex 37.25 9.56689 15.9
    endloop
  endfacet
  facet normal 0.120515 -0.992712 0
    outer loop
      vertex -32.8342 15.3158 11.7
      vertex -31.3169 15.5 15.9
      vertex -32.8342 15.3158 15.9
    endloop
  endfacet
  facet normal 0.120515 -0.992712 0
    outer loop
      vertex -31.3169 15.5 15.9
      vertex -32.8342 15.3158 11.7
      vertex -31.3169 15.5 11.7
    endloop
  endfacet
  facet normal 0.568098 -0.822961 0
    outer loop
      vertex -35.2854 14.0292 11.7
      vertex -34.1378 14.8214 15.9
      vertex -35.2854 14.0292 15.9
    endloop
  endfacet
  facet normal 0.568098 -0.822961 0
    outer loop
      vertex -34.1378 14.8214 15.9
      vertex -35.2854 14.0292 11.7
      vertex -34.1378 14.8214 11.7
    endloop
  endfacet
  facet normal 1 -0 0
    outer loop
      vertex -37.25 5 9.2
      vertex -37.25 9.50003 5.8
      vertex -37.25 9.50003 15.9
    endloop
  endfacet
  facet normal 1 0 0
    outer loop
      vertex -37.25 5 5.2
      vertex -37.25 8.55 5.8
      vertex -37.25 5 9.2
    endloop
  endfacet
  facet normal 1 0 0
    outer loop
      vertex -37.25 9.50003 5.8
      vertex -37.25 5 9.2
      vertex -37.25 8.55 5.8
    endloop
  endfacet
  facet normal 1 0 0
    outer loop
      vertex -37.25 9.50003 15.9
      vertex -37.25 -5 9.2
      vertex -37.25 5 9.2
    endloop
  endfacet
  facet normal 1 0 0
    outer loop
      vertex -37.25 -5 9.2
      vertex -37.25 -8.55 5.8
      vertex -37.25 -5 5.2
    endloop
  endfacet
  facet normal 1 -0 0
    outer loop
      vertex -37.25 -9.56689 15.9
      vertex -37.25 -5 9.2
      vertex -37.25 9.50003 15.9
    endloop
  endfacet
  facet normal 1 0 0
    outer loop
      vertex -37.25 -9.56689 5.8
      vertex -37.25 -5 9.2
      vertex -37.25 -9.56689 15.9
    endloop
  endfacet
  facet normal 1 0 0
    outer loop
      vertex -37.25 -5 9.2
      vertex -37.25 -9.56689 5.8
      vertex -37.25 -8.55 5.8
    endloop
  endfacet
  facet normal 1 -0 0
    outer loop
      vertex -37.25 8.55 3.4
      vertex -37.25 9.50003 2.2
      vertex -37.25 9.50003 3.4
    endloop
  endfacet
  facet normal 1 0 0
    outer loop
      vertex -37.25 8.55 5.8
      vertex -37.25 5 5.2
      vertex -37.25 8.55 3.4
    endloop
  endfacet
  facet normal 1 0 0
    outer loop
      vertex -37.25 5 5.2
      vertex -37.25 9.50003 2.2
      vertex -37.25 8.55 3.4
    endloop
  endfacet
  facet normal 1 -0 0
    outer loop
      vertex -37.25 -5 5.2
      vertex -37.25 9.50003 2.2
      vertex -37.25 5 5.2
    endloop
  endfacet
  facet normal 1 0 0
    outer loop
      vertex -37.25 -8.55 3.4
      vertex -37.25 -5 5.2
      vertex -37.25 -8.55 5.8
    endloop
  endfacet
  facet normal 1 0 0
    outer loop
      vertex -37.25 -9.56689 2.2
      vertex -37.25 -5 5.2
      vertex -37.25 -8.55 3.4
    endloop
  endfacet
  facet normal 1 0 0
    outer loop
      vertex -37.25 -9.56689 2.2
      vertex -37.25 -8.55 3.4
      vertex -37.25 -9.56689 3.4
    endloop
  endfacet
  facet normal 1 0 0
    outer loop
      vertex -37.25 -5 5.2
      vertex -37.25 -9.56689 2.2
      vertex -37.25 9.50003 2.2
    endloop
  endfacet
  facet normal -1 0 0
    outer loop
      vertex -37.25 15.1293 2.2
      vertex -37.25 15.5 11.7
      vertex -37.25 15.5 2.2
    endloop
  endfacet
  facet normal -1 -0 0
    outer loop
      vertex -37.25 15.5 11.7
      vertex -37.25 15.1293 2.2
      vertex -37.25 15.1293 11.7
    endloop
  endfacet
  facet normal -1 0 0
    outer loop
      vertex -37.25 -15.5 2.2
      vertex -37.25 -15.1716 11.7
      vertex -37.25 -15.1716 2.2
    endloop
  endfacet
  facet normal -1 -0 0
    outer loop
      vertex -37.25 -15.1716 11.7
      vertex -37.25 -15.5 2.2
      vertex -37.25 -15.5 11.7
    endloop
  endfacet
  facet normal 0.748493 -0.663143 0
    outer loop
      vertex -36.21 12.9856 15.9
      vertex -35.2854 14.0292 11.7
      vertex -35.2854 14.0292 15.9
    endloop
  endfacet
  facet normal 0.748493 -0.663143 0
    outer loop
      vertex -35.2854 14.0292 11.7
      vertex -36.21 12.9856 15.9
      vertex -36.21 12.9856 11.7
    endloop
  endfacet
  facet normal -0.120515 0.992712 0
    outer loop
      vertex 32.8342 -15.3158 2.2
      vertex 31.3169 -15.5 15.9
      vertex 32.8342 -15.3158 15.9
    endloop
  endfacet
  facet normal -0.120515 0.992712 0
    outer loop
      vertex 31.3169 -15.5 15.9
      vertex 32.8342 -15.3158 2.2
      vertex 31.3169 -15.5 2.2
    endloop
  endfacet
  facet normal 0.663143 0.748493 -0
    outer loop
      vertex -34.7356 -14.46 11.7
      vertex -35.7792 -13.5354 15.9
      vertex -34.7356 -14.46 15.9
    endloop
  endfacet
  facet normal 0.663143 0.748493 0
    outer loop
      vertex -35.7792 -13.5354 15.9
      vertex -34.7356 -14.46 11.7
      vertex -35.7792 -13.5354 11.7
    endloop
  endfacet
  facet normal -0.935014 -0.354611 0
    outer loop
      vertex 37.0658 11.0842 2.2
      vertex 36.5714 12.3878 15.9
      vertex 36.5714 12.3878 2.2
    endloop
  endfacet
  facet normal -0.935014 -0.354611 0
    outer loop
      vertex 36.5714 12.3878 15.9
      vertex 37.0658 11.0842 2.2
      vertex 37.0658 11.0842 15.9
    endloop
  endfacet
  facet normal -0.18026 -0.983619 0
    outer loop
      vertex 31.25 15.5 2.2
      vertex 33.5609 15.0765 15.9
      vertex 31.25 15.5 15.9
    endloop
  endfacet
  facet normal -0.18026 -0.983619 -0
    outer loop
      vertex 33.5609 15.0765 15.9
      vertex 31.25 15.5 2.2
      vertex 33.5609 15.0765 2.2
    endloop
  endfacet
  facet normal -0.748493 0.663143 0
    outer loop
      vertex 35.2854 -14.0292 2.2
      vertex 36.21 -12.9856 15.9
      vertex 36.21 -12.9856 2.2
    endloop
  endfacet
  facet normal -0.748493 0.663143 0
    outer loop
      vertex 36.21 -12.9856 15.9
      vertex 35.2854 -14.0292 2.2
      vertex 35.2854 -14.0292 15.9
    endloop
  endfacet
  facet normal -0.464705 -0.885465 0
    outer loop
      vertex 33.5609 15.0765 2.2
      vertex 34.7356 14.46 15.9
      vertex 33.5609 15.0765 15.9
    endloop
  endfacet
  facet normal -0.464705 -0.885465 -0
    outer loop
      vertex 34.7356 14.46 15.9
      vertex 33.5609 15.0765 2.2
      vertex 34.7356 14.46 2.2
    endloop
  endfacet
  facet normal 0.18026 0.983619 -0
    outer loop
      vertex -31.25 -15.5 11.7
      vertex -33.5609 -15.0765 15.9
      vertex -31.25 -15.5 15.9
    endloop
  endfacet
  facet normal 0.18026 0.983619 0
    outer loop
      vertex -33.5609 -15.0765 15.9
      vertex -31.25 -15.5 11.7
      vertex -33.5609 -15.0765 11.7
    endloop
  endfacet
  facet normal -0.822961 -0.568098 0
    outer loop
      vertex 36.5714 12.3878 2.2
      vertex 35.7792 13.5354 15.9
      vertex 35.7792 13.5354 2.2
    endloop
  endfacet
  facet normal -0.822961 -0.568098 0
    outer loop
      vertex 35.7792 13.5354 15.9
      vertex 36.5714 12.3878 2.2
      vertex 36.5714 12.3878 15.9
    endloop
  endfacet
  facet normal -0.885465 0.464705 0
    outer loop
      vertex 36.21 -12.9856 2.2
      vertex 36.8265 -11.8109 15.9
      vertex 36.8265 -11.8109 2.2
    endloop
  endfacet
  facet normal -0.885465 0.464705 0
    outer loop
      vertex 36.8265 -11.8109 15.9
      vertex 36.21 -12.9856 2.2
      vertex 36.21 -12.9856 15.9
    endloop
  endfacet
  facet normal 0.354611 -0.935014 0
    outer loop
      vertex -34.1378 14.8214 11.7
      vertex -32.8342 15.3158 15.9
      vertex -34.1378 14.8214 15.9
    endloop
  endfacet
  facet normal 0.354611 -0.935014 0
    outer loop
      vertex -32.8342 15.3158 15.9
      vertex -34.1378 14.8214 11.7
      vertex -32.8342 15.3158 11.7
    endloop
  endfacet
  facet normal -0.663143 -0.748493 0
    outer loop
      vertex 34.7356 14.46 2.2
      vertex 35.7792 13.5354 15.9
      vertex 34.7356 14.46 15.9
    endloop
  endfacet
  facet normal -0.663143 -0.748493 -0
    outer loop
      vertex 35.7792 13.5354 15.9
      vertex 34.7356 14.46 2.2
      vertex 35.7792 13.5354 2.2
    endloop
  endfacet
  facet normal -0.983619 0.180262 0
    outer loop
      vertex 36.8265 -11.8109 2.2
      vertex 37.25 -9.50003 15.9
      vertex 37.25 -9.50003 2.2
    endloop
  endfacet
  facet normal -0.983619 0.180262 0
    outer loop
      vertex 37.25 -9.50003 15.9
      vertex 36.8265 -11.8109 2.2
      vertex 36.8265 -11.8109 15.9
    endloop
  endfacet
  facet normal 0.983626 -0.180222 0
    outer loop
      vertex -37.25 9.50003 3.4
      vertex -37.2042 9.75 2.2
      vertex -37.2042 9.75 3.4
    endloop
  endfacet
  facet normal 0.983626 -0.180222 0
    outer loop
      vertex -37.2042 9.75 2.2
      vertex -37.25 9.50003 3.4
      vertex -37.25 9.50003 2.2
    endloop
  endfacet
  facet normal 0.983618 -0.180267 0
    outer loop
      vertex -36.8265 11.8109 15.9
      vertex -37.2042 9.75 11.7
      vertex -36.8265 11.8109 11.7
    endloop
  endfacet
  facet normal 0.983619 -0.180262 -2.47778e-06
    outer loop
      vertex -37.25 9.50003 15.9
      vertex -37.2042 9.75 11.7
      vertex -36.8265 11.8109 15.9
    endloop
  endfacet
  facet normal 0.983626 -0.180222 0
    outer loop
      vertex -37.25 9.50003 5.8
      vertex -37.2042 9.75 11.7
      vertex -37.25 9.50003 15.9
    endloop
  endfacet
  facet normal 0.983626 -0.180222 0
    outer loop
      vertex -37.2042 9.75 11.7
      vertex -37.25 9.50003 5.8
      vertex -37.2042 9.75 5.8
    endloop
  endfacet
  facet normal 0 0 1
    outer loop
      vertex -10.25 -4.5 2.2
      vertex -10.75 -9.75 2.2
      vertex -10.25 -13.2 2.2
    endloop
  endfacet
  facet normal -0 0 1
    outer loop
      vertex -14.75 -4.5 2.2
      vertex -10.75 -9.75 2.2
      vertex -10.25 -4.5 2.2
    endloop
  endfacet
  facet normal 0 0 1
    outer loop
      vertex -14.75 4.5 2.2
      vertex -37.25 9.50003 2.2
      vertex -14.75 -4.5 2.2
    endloop
  endfacet
  facet normal 0 0 1
    outer loop
      vertex -37.25 -9.56689 2.2
      vertex -14.75 -4.5 2.2
      vertex -37.25 9.50003 2.2
    endloop
  endfacet
  facet normal 0 -0 1
    outer loop
      vertex -37.2278 -9.75 2.2
      vertex -14.75 -4.5 2.2
      vertex -37.25 -9.56689 2.2
    endloop
  endfacet
  facet normal 0 0 1
    outer loop
      vertex -14.75 -4.5 2.2
      vertex -37.2278 -9.75 2.2
      vertex -10.75 -9.75 2.2
    endloop
  endfacet
  facet normal 0 0 1
    outer loop
      vertex 31.25 15.5 2.2
      vertex -5.25 13.2 2.2
      vertex -5.15 4.5 2.2
    endloop
  endfacet
  facet normal -0 0 1
    outer loop
      vertex -10.75 15.5 2.2
      vertex -5.25 13.2 2.2
      vertex 31.25 15.5 2.2
    endloop
  endfacet
  facet normal 0 0 1
    outer loop
      vertex -5.25 13.2 2.2
      vertex -10.75 15.5 2.2
      vertex -10.25 13.2 2.2
    endloop
  endfacet
  facet normal 0 0 1
    outer loop
      vertex -10.75 9.75 2.2
      vertex -10.25 13.2 2.2
      vertex -10.75 15.5 2.2
    endloop
  endfacet
  facet normal 0 0 1
    outer loop
      vertex -10.25 13.2 2.2
      vertex -10.75 9.75 2.2
      vertex -10.25 4.5 2.2
    endloop
  endfacet
  facet normal 0 0 1
    outer loop
      vertex -10.75 9.75 2.2
      vertex -14.75 4.5 2.2
      vertex -10.25 4.5 2.2
    endloop
  endfacet
  facet normal -0 0 1
    outer loop
      vertex -37.25 9.50003 2.2
      vertex -14.75 4.5 2.2
      vertex -37.2042 9.75 2.2
    endloop
  endfacet
  facet normal -0 0 1
    outer loop
      vertex -37.2042 9.75 2.2
      vertex -14.75 4.5 2.2
      vertex -10.75 9.75 2.2
    endloop
  endfacet
  facet normal 0 0 1
    outer loop
      vertex 31.25 15.5 2.2
      vertex 37.25 9.56689 2.2
      vertex 37.0658 11.0842 2.2
    endloop
  endfacet
  facet normal 0 0 1
    outer loop
      vertex 37.25 9.56689 2.2
      vertex 31.25 15.5 2.2
      vertex 37.25 -9.50003 2.2
    endloop
  endfacet
  facet normal 0 0 1
    outer loop
      vertex 33.5609 15.0765 2.2
      vertex 37.0658 11.0842 2.2
      vertex 36.5714 12.3878 2.2
    endloop
  endfacet
  facet normal 0 0 1
    outer loop
      vertex 37.25 -9.50003 2.2
      vertex 31.25 15.5 2.2
      vertex 31.3169 -15.5 2.2
    endloop
  endfacet
  facet normal 0 0 1
    outer loop
      vertex 33.5609 15.0765 2.2
      vertex 36.5714 12.3878 2.2
      vertex 35.7792 13.5354 2.2
    endloop
  endfacet
  facet normal 0 0 1
    outer loop
      vertex 37.25 -9.50003 2.2
      vertex 31.3169 -15.5 2.2
      vertex 36.8265 -11.8109 2.2
    endloop
  endfacet
  facet normal 0 0 1
    outer loop
      vertex 33.5609 15.0765 2.2
      vertex 35.7792 13.5354 2.2
      vertex 34.7356 14.46 2.2
    endloop
  endfacet
  facet normal 0 0 1
    outer loop
      vertex 36.8265 -11.8109 2.2
      vertex 31.3169 -15.5 2.2
      vertex 36.21 -12.9856 2.2
    endloop
  endfacet
  facet normal 0 0 1
    outer loop
      vertex 37.0658 11.0842 2.2
      vertex 33.5609 15.0765 2.2
      vertex 31.25 15.5 2.2
    endloop
  endfacet
  facet normal 0 0 1
    outer loop
      vertex 36.21 -12.9856 2.2
      vertex 31.3169 -15.5 2.2
      vertex 35.2854 -14.0292 2.2
    endloop
  endfacet
  facet normal 0 0 1
    outer loop
      vertex 34.1378 -14.8214 2.2
      vertex 31.3169 -15.5 2.2
      vertex 32.8342 -15.3158 2.2
    endloop
  endfacet
  facet normal 0 0 1
    outer loop
      vertex 35.2854 -14.0292 2.2
      vertex 31.3169 -15.5 2.2
      vertex 34.1378 -14.8214 2.2
    endloop
  endfacet
  facet normal -0 0 1
    outer loop
      vertex -5.15 4.5 2.2
      vertex 31.3169 -15.5 2.2
      vertex 31.25 15.5 2.2
    endloop
  endfacet
  facet normal -0 0 1
    outer loop
      vertex -5.15 -4.5 2.2
      vertex 31.3169 -15.5 2.2
      vertex -5.15 4.5 2.2
    endloop
  endfacet
  facet normal 0 0 1
    outer loop
      vertex -5.25 -13.2 2.2
      vertex -5.15 -4.5 2.2
      vertex -5.25 -4.5 2.2
    endloop
  endfacet
  facet normal 0 0 1
    outer loop
      vertex -5.15 -4.5 2.2
      vertex -5.25 -13.2 2.2
      vertex 31.3169 -15.5 2.2
    endloop
  endfacet
  facet normal 0 0 1
    outer loop
      vertex -10.75 -15.5 2.2
      vertex -5.25 -13.2 2.2
      vertex -10.25 -13.2 2.2
    endloop
  endfacet
  facet normal 0 0 1
    outer loop
      vertex -5.25 -13.2 2.2
      vertex -10.75 -15.5 2.2
      vertex 31.3169 -15.5 2.2
    endloop
  endfacet
  facet normal 0 0 1
    outer loop
      vertex -10.75 -15.5 2.2
      vertex -10.25 -13.2 2.2
      vertex -10.75 -9.75 2.2
    endloop
  endfacet
  facet normal 0 0 1
    outer loop
      vertex -5.15 4.5 2.2
      vertex -5.25 13.2 2.2
      vertex -5.25 4.5 2.2
    endloop
  endfacet
  facet normal -0 0 -1
    outer loop
      vertex -36.9216 15.5 2.2
      vertex -37.25 15.1293 2.2
      vertex -37.25 15.5 2.2
    endloop
  endfacet
  facet normal 0 0 -1
    outer loop
      vertex -36.8793 -15.5 2.2
      vertex -37.25 -15.5 2.2
      vertex -37.25 -15.1716 2.2
    endloop
  endfacet
  facet normal 0 0 -1
    outer loop
      vertex -39.45 -5 9.2
      vertex -37.25 5 9.2
      vertex -37.25 -5 9.2
    endloop
  endfacet
  facet normal -0 0 -1
    outer loop
      vertex -37.25 5 9.2
      vertex -39.45 -5 9.2
      vertex -39.45 5 9.2
    endloop
  endfacet
  facet normal -0 0 1
    outer loop
      vertex -39.45 5 5.2
      vertex -37.25 -5 5.2
      vertex -37.25 5 5.2
    endloop
  endfacet
  facet normal 0 0 1
    outer loop
      vertex -37.25 -5 5.2
      vertex -39.45 5 5.2
      vertex -39.45 -5 5.2
    endloop
  endfacet
  facet normal 0 -1 0
    outer loop
      vertex -39.45 5 5.2
      vertex -37.25 5 9.2
      vertex -39.45 5 9.2
    endloop
  endfacet
  facet normal 0 -1 -0
    outer loop
      vertex -37.25 5 9.2
      vertex -39.45 5 5.2
      vertex -37.25 5 5.2
    endloop
  endfacet
  facet normal 0 1 -0
    outer loop
      vertex -37.25 -5 5.2
      vertex -39.45 -5 9.2
      vertex -37.25 -5 9.2
    endloop
  endfacet
  facet normal 0 1 0
    outer loop
      vertex -39.45 -5 9.2
      vertex -37.25 -5 5.2
      vertex -39.45 -5 5.2
    endloop
  endfacet
  facet normal -0.92388 -0.382682 0
    outer loop
      vertex -5.72156 -6.45648 10.61
      vertex -5.93135 -5.95 11.7
      vertex -5.93135 -5.95 10.61
    endloop
  endfacet
  facet normal -0.92388 -0.382682 0
    outer loop
      vertex -5.93135 -5.95 11.7
      vertex -5.72156 -6.45648 10.61
      vertex -5.72156 -6.45648 11.7
    endloop
  endfacet
  facet normal -0.991444 -0.130534 0
    outer loop
      vertex -5.65 -7 10.61
      vertex -5.72156 -6.45648 11.7
      vertex -5.72156 -6.45648 10.61
    endloop
  endfacet
  facet normal -0.991444 -0.130534 0
    outer loop
      vertex -5.72156 -6.45648 11.7
      vertex -5.65 -7 10.61
      vertex -5.65 -7 11.7
    endloop
  endfacet
  facet normal 0.608766 -0.79335 0
    outer loop
      vertex -9.23492 -5.51508 10.61
      vertex -8.8 -5.18135 11.7
      vertex -9.23492 -5.51508 11.7
    endloop
  endfacet
  facet normal 0.608766 -0.79335 0
    outer loop
      vertex -8.8 -5.18135 11.7
      vertex -9.23492 -5.51508 10.61
      vertex -8.8 -5.18135 10.61
    endloop
  endfacet
  facet normal 0.382682 -0.92388 0
    outer loop
      vertex -8.8 -5.18135 10.61
      vertex -8.29352 -4.97156 11.7
      vertex -8.8 -5.18135 11.7
    endloop
  endfacet
  facet normal 0.382682 -0.92388 0
    outer loop
      vertex -8.29352 -4.97156 11.7
      vertex -8.8 -5.18135 10.61
      vertex -8.29352 -4.97156 10.61
    endloop
  endfacet
  facet normal -0.608766 0.79335 0
    outer loop
      vertex -6.26508 -8.48492 10.61
      vertex -6.7 -8.81865 11.7
      vertex -6.26508 -8.48492 11.7
    endloop
  endfacet
  facet normal -0.608766 0.79335 0
    outer loop
      vertex -6.7 -8.81865 11.7
      vertex -6.26508 -8.48492 10.61
      vertex -6.7 -8.81865 10.61
    endloop
  endfacet
  facet normal -0.608766 -0.79335 0
    outer loop
      vertex -6.7 -5.18135 10.61
      vertex -6.26508 -5.51508 11.7
      vertex -6.7 -5.18135 11.7
    endloop
  endfacet
  facet normal -0.608766 -0.79335 -0
    outer loop
      vertex -6.26508 -5.51508 11.7
      vertex -6.7 -5.18135 10.61
      vertex -6.26508 -5.51508 10.61
    endloop
  endfacet
  facet normal 0.130534 0.991444 -0
    outer loop
      vertex -7.75 -9.1 10.61
      vertex -8.29352 -9.02844 11.7
      vertex -7.75 -9.1 11.7
    endloop
  endfacet
  facet normal 0.130534 0.991444 0
    outer loop
      vertex -8.29352 -9.02844 11.7
      vertex -7.75 -9.1 10.61
      vertex -8.29352 -9.02844 10.61
    endloop
  endfacet
  facet normal -0.130534 -0.991444 0
    outer loop
      vertex -7.75 -4.9 10.61
      vertex -7.20648 -4.97156 11.7
      vertex -7.75 -4.9 11.7
    endloop
  endfacet
  facet normal -0.130534 -0.991444 -0
    outer loop
      vertex -7.20648 -4.97156 11.7
      vertex -7.75 -4.9 10.61
      vertex -7.20648 -4.97156 10.61
    endloop
  endfacet
  facet normal -0.382682 -0.92388 0
    outer loop
      vertex -7.20648 -4.97156 10.61
      vertex -6.7 -5.18135 11.7
      vertex -7.20648 -4.97156 11.7
    endloop
  endfacet
  facet normal -0.382682 -0.92388 -0
    outer loop
      vertex -6.7 -5.18135 11.7
      vertex -7.20648 -4.97156 10.61
      vertex -6.7 -5.18135 10.61
    endloop
  endfacet
  facet normal 0.608766 0.79335 -0
    outer loop
      vertex -8.8 -8.81865 10.61
      vertex -9.23492 -8.48492 11.7
      vertex -8.8 -8.81865 11.7
    endloop
  endfacet
  facet normal 0.608766 0.79335 0
    outer loop
      vertex -9.23492 -8.48492 11.7
      vertex -8.8 -8.81865 10.61
      vertex -9.23492 -8.48492 10.61
    endloop
  endfacet
  facet normal -0.79335 -0.608766 0
    outer loop
      vertex -5.93135 -5.95 10.61
      vertex -6.26508 -5.51508 11.7
      vertex -6.26508 -5.51508 10.61
    endloop
  endfacet
  facet normal -0.79335 -0.608766 0
    outer loop
      vertex -6.26508 -5.51508 11.7
      vertex -5.93135 -5.95 10.61
      vertex -5.93135 -5.95 11.7
    endloop
  endfacet
  facet normal -0.79335 0.608766 0
    outer loop
      vertex -6.26508 -8.48492 10.61
      vertex -5.93135 -8.05 11.7
      vertex -5.93135 -8.05 10.61
    endloop
  endfacet
  facet normal -0.79335 0.608766 0
    outer loop
      vertex -5.93135 -8.05 11.7
      vertex -6.26508 -8.48492 10.61
      vertex -6.26508 -8.48492 11.7
    endloop
  endfacet
  facet normal -0.382682 0.92388 0
    outer loop
      vertex -6.7 -8.81865 10.61
      vertex -7.20648 -9.02844 11.7
      vertex -6.7 -8.81865 11.7
    endloop
  endfacet
  facet normal -0.382682 0.92388 0
    outer loop
      vertex -7.20648 -9.02844 11.7
      vertex -6.7 -8.81865 10.61
      vertex -7.20648 -9.02844 10.61
    endloop
  endfacet
  facet normal 0.79335 -0.608766 0
    outer loop
      vertex -9.56865 -5.95 11.7
      vertex -9.23492 -5.51508 10.61
      vertex -9.23492 -5.51508 11.7
    endloop
  endfacet
  facet normal 0.79335 -0.608766 0
    outer loop
      vertex -9.23492 -5.51508 10.61
      vertex -9.56865 -5.95 11.7
      vertex -9.56865 -5.95 10.61
    endloop
  endfacet
  facet normal 0.79335 0.608766 0
    outer loop
      vertex -9.23492 -8.48492 11.7
      vertex -9.56865 -8.05 10.61
      vertex -9.56865 -8.05 11.7
    endloop
  endfacet
  facet normal 0.79335 0.608766 0
    outer loop
      vertex -9.56865 -8.05 10.61
      vertex -9.23492 -8.48492 11.7
      vertex -9.23492 -8.48492 10.61
    endloop
  endfacet
  facet normal -0.991444 0.130534 0
    outer loop
      vertex -5.72156 -7.54352 10.61
      vertex -5.65 -7 11.7
      vertex -5.65 -7 10.61
    endloop
  endfacet
  facet normal -0.991444 0.130534 0
    outer loop
      vertex -5.65 -7 11.7
      vertex -5.72156 -7.54352 10.61
      vertex -5.72156 -7.54352 11.7
    endloop
  endfacet
  facet normal 0.130534 -0.991444 0
    outer loop
      vertex -8.29352 -4.97156 10.61
      vertex -7.75 -4.9 11.7
      vertex -8.29352 -4.97156 11.7
    endloop
  endfacet
  facet normal 0.130534 -0.991444 0
    outer loop
      vertex -7.75 -4.9 11.7
      vertex -8.29352 -4.97156 10.61
      vertex -7.75 -4.9 10.61
    endloop
  endfacet
  facet normal 0.92388 0.382682 0
    outer loop
      vertex -9.56865 -8.05 11.7
      vertex -9.77844 -7.54352 10.61
      vertex -9.77844 -7.54352 11.7
    endloop
  endfacet
  facet normal 0.92388 0.382682 0
    outer loop
      vertex -9.77844 -7.54352 10.61
      vertex -9.56865 -8.05 11.7
      vertex -9.56865 -8.05 10.61
    endloop
  endfacet
  facet normal 0.991444 0.130534 0
    outer loop
      vertex -9.77844 -7.54352 11.7
      vertex -9.85 -7 10.61
      vertex -9.85 -7 11.7
    endloop
  endfacet
  facet normal 0.991444 0.130534 0
    outer loop
      vertex -9.85 -7 10.61
      vertex -9.77844 -7.54352 11.7
      vertex -9.77844 -7.54352 10.61
    endloop
  endfacet
  facet normal -0.92388 0.382682 0
    outer loop
      vertex -5.93135 -8.05 10.61
      vertex -5.72156 -7.54352 11.7
      vertex -5.72156 -7.54352 10.61
    endloop
  endfacet
  facet normal -0.92388 0.382682 0
    outer loop
      vertex -5.72156 -7.54352 11.7
      vertex -5.93135 -8.05 10.61
      vertex -5.93135 -8.05 11.7
    endloop
  endfacet
  facet normal 0.382682 0.92388 -0
    outer loop
      vertex -8.29352 -9.02844 10.61
      vertex -8.8 -8.81865 11.7
      vertex -8.29352 -9.02844 11.7
    endloop
  endfacet
  facet normal 0.382682 0.92388 0
    outer loop
      vertex -8.8 -8.81865 11.7
      vertex -8.29352 -9.02844 10.61
      vertex -8.8 -8.81865 10.61
    endloop
  endfacet
  facet normal -0.130534 0.991444 0
    outer loop
      vertex -7.20648 -9.02844 10.61
      vertex -7.75 -9.1 11.7
      vertex -7.20648 -9.02844 11.7
    endloop
  endfacet
  facet normal -0.130534 0.991444 0
    outer loop
      vertex -7.75 -9.1 11.7
      vertex -7.20648 -9.02844 10.61
      vertex -7.75 -9.1 10.61
    endloop
  endfacet
  facet normal 0 0 1
    outer loop
      vertex -5.72156 -6.45648 10.61
      vertex -5.72156 -7.54352 10.61
      vertex -5.65 -7 10.61
    endloop
  endfacet
  facet normal 0 0 1
    outer loop
      vertex -5.93135 -5.95 10.61
      vertex -5.72156 -7.54352 10.61
      vertex -5.72156 -6.45648 10.61
    endloop
  endfacet
  facet normal 0 0 1
    outer loop
      vertex -5.93135 -5.95 10.61
      vertex -5.93135 -8.05 10.61
      vertex -5.72156 -7.54352 10.61
    endloop
  endfacet
  facet normal 0 0 1
    outer loop
      vertex -6.26508 -5.51508 10.61
      vertex -5.93135 -8.05 10.61
      vertex -5.93135 -5.95 10.61
    endloop
  endfacet
  facet normal 0 0 1
    outer loop
      vertex -6.26508 -5.51508 10.61
      vertex -6.26508 -8.48492 10.61
      vertex -5.93135 -8.05 10.61
    endloop
  endfacet
  facet normal 0 0 1
    outer loop
      vertex -6.7 -5.18135 10.61
      vertex -6.26508 -8.48492 10.61
      vertex -6.26508 -5.51508 10.61
    endloop
  endfacet
  facet normal 0 0 1
    outer loop
      vertex -6.7 -5.18135 10.61
      vertex -6.7 -8.81865 10.61
      vertex -6.26508 -8.48492 10.61
    endloop
  endfacet
  facet normal 0 0 1
    outer loop
      vertex -7.20648 -4.97156 10.61
      vertex -6.7 -8.81865 10.61
      vertex -6.7 -5.18135 10.61
    endloop
  endfacet
  facet normal 0 0 1
    outer loop
      vertex -7.20648 -4.97156 10.61
      vertex -7.20648 -9.02844 10.61
      vertex -6.7 -8.81865 10.61
    endloop
  endfacet
  facet normal 0 0 1
    outer loop
      vertex -7.75 -4.9 10.61
      vertex -7.20648 -9.02844 10.61
      vertex -7.20648 -4.97156 10.61
    endloop
  endfacet
  facet normal 0 0 1
    outer loop
      vertex -7.75 -4.9 10.61
      vertex -7.75 -9.1 10.61
      vertex -7.20648 -9.02844 10.61
    endloop
  endfacet
  facet normal -0 0 1
    outer loop
      vertex -8.29352 -4.97156 10.61
      vertex -7.75 -9.1 10.61
      vertex -7.75 -4.9 10.61
    endloop
  endfacet
  facet normal 0 0 1
    outer loop
      vertex -8.29352 -4.97156 10.61
      vertex -8.29352 -9.02844 10.61
      vertex -7.75 -9.1 10.61
    endloop
  endfacet
  facet normal -0 0 1
    outer loop
      vertex -8.8 -5.18135 10.61
      vertex -8.29352 -9.02844 10.61
      vertex -8.29352 -4.97156 10.61
    endloop
  endfacet
  facet normal 0 0 1
    outer loop
      vertex -8.8 -5.18135 10.61
      vertex -8.8 -8.81865 10.61
      vertex -8.29352 -9.02844 10.61
    endloop
  endfacet
  facet normal -0 0 1
    outer loop
      vertex -9.23492 -5.51508 10.61
      vertex -8.8 -8.81865 10.61
      vertex -8.8 -5.18135 10.61
    endloop
  endfacet
  facet normal 0 0 1
    outer loop
      vertex -9.23492 -5.51508 10.61
      vertex -9.23492 -8.48492 10.61
      vertex -8.8 -8.81865 10.61
    endloop
  endfacet
  facet normal -0 0 1
    outer loop
      vertex -9.56865 -5.95 10.61
      vertex -9.23492 -8.48492 10.61
      vertex -9.23492 -5.51508 10.61
    endloop
  endfacet
  facet normal 0 0 1
    outer loop
      vertex -9.56865 -5.95 10.61
      vertex -9.56865 -8.05 10.61
      vertex -9.23492 -8.48492 10.61
    endloop
  endfacet
  facet normal -0 0 1
    outer loop
      vertex -9.77844 -6.45648 10.61
      vertex -9.56865 -8.05 10.61
      vertex -9.56865 -5.95 10.61
    endloop
  endfacet
  facet normal 0 0 1
    outer loop
      vertex -9.77844 -6.45648 10.61
      vertex -9.77844 -7.54352 10.61
      vertex -9.56865 -8.05 10.61
    endloop
  endfacet
  facet normal 0 -0 1
    outer loop
      vertex -9.77844 -7.54352 10.61
      vertex -9.77844 -6.45648 10.61
      vertex -9.85 -7 10.61
    endloop
  endfacet
  facet normal 0.92388 -0.382682 0
    outer loop
      vertex -9.77844 -6.45648 11.7
      vertex -9.56865 -5.95 10.61
      vertex -9.56865 -5.95 11.7
    endloop
  endfacet
  facet normal 0.92388 -0.382682 0
    outer loop
      vertex -9.56865 -5.95 10.61
      vertex -9.77844 -6.45648 11.7
      vertex -9.77844 -6.45648 10.61
    endloop
  endfacet
  facet normal 0.991444 -0.130534 0
    outer loop
      vertex -9.85 -7 11.7
      vertex -9.77844 -6.45648 10.61
      vertex -9.77844 -6.45648 11.7
    endloop
  endfacet
  facet normal 0.991444 -0.130534 0
    outer loop
      vertex -9.77844 -6.45648 10.61
      vertex -9.85 -7 11.7
      vertex -9.85 -7 10.61
    endloop
  endfacet
  facet normal -0.608766 0.79335 0
    outer loop
      vertex -6.26508 5.51508 10.61
      vertex -6.7 5.18135 11.7
      vertex -6.26508 5.51508 11.7
    endloop
  endfacet
  facet normal -0.608766 0.79335 0
    outer loop
      vertex -6.7 5.18135 11.7
      vertex -6.26508 5.51508 10.61
      vertex -6.7 5.18135 10.61
    endloop
  endfacet
  facet normal 0.79335 -0.608766 0
    outer loop
      vertex -9.56865 8.05 11.7
      vertex -9.23492 8.48492 10.61
      vertex -9.23492 8.48492 11.7
    endloop
  endfacet
  facet normal 0.79335 -0.608766 0
    outer loop
      vertex -9.23492 8.48492 10.61
      vertex -9.56865 8.05 11.7
      vertex -9.56865 8.05 10.61
    endloop
  endfacet
  facet normal -0.92388 -0.382682 0
    outer loop
      vertex -5.72156 7.54352 10.61
      vertex -5.93135 8.05 11.7
      vertex -5.93135 8.05 10.61
    endloop
  endfacet
  facet normal -0.92388 -0.382682 0
    outer loop
      vertex -5.93135 8.05 11.7
      vertex -5.72156 7.54352 10.61
      vertex -5.72156 7.54352 11.7
    endloop
  endfacet
  facet normal -0.991444 -0.130534 0
    outer loop
      vertex -5.65 7 10.61
      vertex -5.72156 7.54352 11.7
      vertex -5.72156 7.54352 10.61
    endloop
  endfacet
  facet normal -0.991444 -0.130534 0
    outer loop
      vertex -5.72156 7.54352 11.7
      vertex -5.65 7 10.61
      vertex -5.65 7 11.7
    endloop
  endfacet
  facet normal 0.991444 0.130534 0
    outer loop
      vertex -9.77844 6.45648 11.7
      vertex -9.85 7 10.61
      vertex -9.85 7 11.7
    endloop
  endfacet
  facet normal 0.991444 0.130534 0
    outer loop
      vertex -9.85 7 10.61
      vertex -9.77844 6.45648 11.7
      vertex -9.77844 6.45648 10.61
    endloop
  endfacet
  facet normal -0.382682 0.92388 0
    outer loop
      vertex -6.7 5.18135 10.61
      vertex -7.20648 4.97156 11.7
      vertex -6.7 5.18135 11.7
    endloop
  endfacet
  facet normal -0.382682 0.92388 0
    outer loop
      vertex -7.20648 4.97156 11.7
      vertex -6.7 5.18135 10.61
      vertex -7.20648 4.97156 10.61
    endloop
  endfacet
  facet normal 0.92388 -0.382682 0
    outer loop
      vertex -9.77844 7.54352 11.7
      vertex -9.56865 8.05 10.61
      vertex -9.56865 8.05 11.7
    endloop
  endfacet
  facet normal 0.92388 -0.382682 0
    outer loop
      vertex -9.56865 8.05 10.61
      vertex -9.77844 7.54352 11.7
      vertex -9.77844 7.54352 10.61
    endloop
  endfacet
  facet normal -0.79335 0.608766 0
    outer loop
      vertex -6.26508 5.51508 10.61
      vertex -5.93135 5.95 11.7
      vertex -5.93135 5.95 10.61
    endloop
  endfacet
  facet normal -0.79335 0.608766 0
    outer loop
      vertex -5.93135 5.95 11.7
      vertex -6.26508 5.51508 10.61
      vertex -6.26508 5.51508 11.7
    endloop
  endfacet
  facet normal -0.991444 0.130534 0
    outer loop
      vertex -5.72156 6.45648 10.61
      vertex -5.65 7 11.7
      vertex -5.65 7 10.61
    endloop
  endfacet
  facet normal -0.991444 0.130534 0
    outer loop
      vertex -5.65 7 11.7
      vertex -5.72156 6.45648 10.61
      vertex -5.72156 6.45648 11.7
    endloop
  endfacet
  facet normal 0.382682 0.92388 -0
    outer loop
      vertex -8.29352 4.97156 10.61
      vertex -8.8 5.18135 11.7
      vertex -8.29352 4.97156 11.7
    endloop
  endfacet
  facet normal 0.382682 0.92388 0
    outer loop
      vertex -8.8 5.18135 11.7
      vertex -8.29352 4.97156 10.61
      vertex -8.8 5.18135 10.61
    endloop
  endfacet
  facet normal 0.130534 0.991444 -0
    outer loop
      vertex -7.75 4.9 10.61
      vertex -8.29352 4.97156 11.7
      vertex -7.75 4.9 11.7
    endloop
  endfacet
  facet normal 0.130534 0.991444 0
    outer loop
      vertex -8.29352 4.97156 11.7
      vertex -7.75 4.9 10.61
      vertex -8.29352 4.97156 10.61
    endloop
  endfacet
  facet normal 0.130534 -0.991444 0
    outer loop
      vertex -8.29352 9.02844 10.61
      vertex -7.75 9.1 11.7
      vertex -8.29352 9.02844 11.7
    endloop
  endfacet
  facet normal 0.130534 -0.991444 0
    outer loop
      vertex -7.75 9.1 11.7
      vertex -8.29352 9.02844 10.61
      vertex -7.75 9.1 10.61
    endloop
  endfacet
  facet normal 0.608766 -0.79335 0
    outer loop
      vertex -9.23492 8.48492 10.61
      vertex -8.8 8.81865 11.7
      vertex -9.23492 8.48492 11.7
    endloop
  endfacet
  facet normal 0.608766 -0.79335 0
    outer loop
      vertex -8.8 8.81865 11.7
      vertex -9.23492 8.48492 10.61
      vertex -8.8 8.81865 10.61
    endloop
  endfacet
  facet normal -0.382682 -0.92388 0
    outer loop
      vertex -7.20648 9.02844 10.61
      vertex -6.7 8.81865 11.7
      vertex -7.20648 9.02844 11.7
    endloop
  endfacet
  facet normal -0.382682 -0.92388 -0
    outer loop
      vertex -6.7 8.81865 11.7
      vertex -7.20648 9.02844 10.61
      vertex -6.7 8.81865 10.61
    endloop
  endfacet
  facet normal 0.382682 -0.92388 0
    outer loop
      vertex -8.8 8.81865 10.61
      vertex -8.29352 9.02844 11.7
      vertex -8.8 8.81865 11.7
    endloop
  endfacet
  facet normal 0.382682 -0.92388 0
    outer loop
      vertex -8.29352 9.02844 11.7
      vertex -8.8 8.81865 10.61
      vertex -8.29352 9.02844 10.61
    endloop
  endfacet
  facet normal -0.92388 0.382682 0
    outer loop
      vertex -5.93135 5.95 10.61
      vertex -5.72156 6.45648 11.7
      vertex -5.72156 6.45648 10.61
    endloop
  endfacet
  facet normal -0.92388 0.382682 0
    outer loop
      vertex -5.72156 6.45648 11.7
      vertex -5.93135 5.95 10.61
      vertex -5.93135 5.95 11.7
    endloop
  endfacet
  facet normal -0.130534 0.991444 0
    outer loop
      vertex -7.20648 4.97156 10.61
      vertex -7.75 4.9 11.7
      vertex -7.20648 4.97156 11.7
    endloop
  endfacet
  facet normal -0.130534 0.991444 0
    outer loop
      vertex -7.75 4.9 11.7
      vertex -7.20648 4.97156 10.61
      vertex -7.75 4.9 10.61
    endloop
  endfacet
  facet normal -0.79335 -0.608766 0
    outer loop
      vertex -5.93135 8.05 10.61
      vertex -6.26508 8.48492 11.7
      vertex -6.26508 8.48492 10.61
    endloop
  endfacet
  facet normal -0.79335 -0.608766 0
    outer loop
      vertex -6.26508 8.48492 11.7
      vertex -5.93135 8.05 10.61
      vertex -5.93135 8.05 11.7
    endloop
  endfacet
  facet normal 0.92388 0.382682 0
    outer loop
      vertex -9.56865 5.95 11.7
      vertex -9.77844 6.45648 10.61
      vertex -9.77844 6.45648 11.7
    endloop
  endfacet
  facet normal 0.92388 0.382682 0
    outer loop
      vertex -9.77844 6.45648 10.61
      vertex -9.56865 5.95 11.7
      vertex -9.56865 5.95 10.61
    endloop
  endfacet
  facet normal -0.608766 -0.79335 0
    outer loop
      vertex -6.7 8.81865 10.61
      vertex -6.26508 8.48492 11.7
      vertex -6.7 8.81865 11.7
    endloop
  endfacet
  facet normal -0.608766 -0.79335 -0
    outer loop
      vertex -6.26508 8.48492 11.7
      vertex -6.7 8.81865 10.61
      vertex -6.26508 8.48492 10.61
    endloop
  endfacet
  facet normal -0.130534 -0.991444 0
    outer loop
      vertex -7.75 9.1 10.61
      vertex -7.20648 9.02844 11.7
      vertex -7.75 9.1 11.7
    endloop
  endfacet
  facet normal -0.130534 -0.991444 -0
    outer loop
      vertex -7.20648 9.02844 11.7
      vertex -7.75 9.1 10.61
      vertex -7.20648 9.02844 10.61
    endloop
  endfacet
  facet normal 0.608766 0.79335 -0
    outer loop
      vertex -8.8 5.18135 10.61
      vertex -9.23492 5.51508 11.7
      vertex -8.8 5.18135 11.7
    endloop
  endfacet
  facet normal 0.608766 0.79335 0
    outer loop
      vertex -9.23492 5.51508 11.7
      vertex -8.8 5.18135 10.61
      vertex -9.23492 5.51508 10.61
    endloop
  endfacet
  facet normal 0.79335 0.608766 0
    outer loop
      vertex -9.23492 5.51508 11.7
      vertex -9.56865 5.95 10.61
      vertex -9.56865 5.95 11.7
    endloop
  endfacet
  facet normal 0.79335 0.608766 0
    outer loop
      vertex -9.56865 5.95 10.61
      vertex -9.23492 5.51508 11.7
      vertex -9.23492 5.51508 10.61
    endloop
  endfacet
  facet normal 0.991444 -0.130534 0
    outer loop
      vertex -9.85 7 11.7
      vertex -9.77844 7.54352 10.61
      vertex -9.77844 7.54352 11.7
    endloop
  endfacet
  facet normal 0.991444 -0.130534 0
    outer loop
      vertex -9.77844 7.54352 10.61
      vertex -9.85 7 11.7
      vertex -9.85 7 10.61
    endloop
  endfacet
  facet normal 0 0 1
    outer loop
      vertex -5.72156 7.54352 10.61
      vertex -5.72156 6.45648 10.61
      vertex -5.65 7 10.61
    endloop
  endfacet
  facet normal 0 0 1
    outer loop
      vertex -5.93135 8.05 10.61
      vertex -5.72156 6.45648 10.61
      vertex -5.72156 7.54352 10.61
    endloop
  endfacet
  facet normal 0 0 1
    outer loop
      vertex -5.93135 8.05 10.61
      vertex -5.93135 5.95 10.61
      vertex -5.72156 6.45648 10.61
    endloop
  endfacet
  facet normal 0 0 1
    outer loop
      vertex -6.26508 8.48492 10.61
      vertex -5.93135 5.95 10.61
      vertex -5.93135 8.05 10.61
    endloop
  endfacet
  facet normal 0 0 1
    outer loop
      vertex -6.26508 8.48492 10.61
      vertex -6.26508 5.51508 10.61
      vertex -5.93135 5.95 10.61
    endloop
  endfacet
  facet normal 0 0 1
    outer loop
      vertex -6.7 8.81865 10.61
      vertex -6.26508 5.51508 10.61
      vertex -6.26508 8.48492 10.61
    endloop
  endfacet
  facet normal 0 0 1
    outer loop
      vertex -6.7 8.81865 10.61
      vertex -6.7 5.18135 10.61
      vertex -6.26508 5.51508 10.61
    endloop
  endfacet
  facet normal 0 0 1
    outer loop
      vertex -7.20648 9.02844 10.61
      vertex -6.7 5.18135 10.61
      vertex -6.7 8.81865 10.61
    endloop
  endfacet
  facet normal 0 0 1
    outer loop
      vertex -7.20648 9.02844 10.61
      vertex -7.20648 4.97156 10.61
      vertex -6.7 5.18135 10.61
    endloop
  endfacet
  facet normal 0 0 1
    outer loop
      vertex -7.75 9.1 10.61
      vertex -7.20648 4.97156 10.61
      vertex -7.20648 9.02844 10.61
    endloop
  endfacet
  facet normal 0 0 1
    outer loop
      vertex -7.75 9.1 10.61
      vertex -7.75 4.9 10.61
      vertex -7.20648 4.97156 10.61
    endloop
  endfacet
  facet normal -0 0 1
    outer loop
      vertex -8.29352 9.02844 10.61
      vertex -7.75 4.9 10.61
      vertex -7.75 9.1 10.61
    endloop
  endfacet
  facet normal 0 0 1
    outer loop
      vertex -8.29352 9.02844 10.61
      vertex -8.29352 4.97156 10.61
      vertex -7.75 4.9 10.61
    endloop
  endfacet
  facet normal -0 0 1
    outer loop
      vertex -8.8 8.81865 10.61
      vertex -8.29352 4.97156 10.61
      vertex -8.29352 9.02844 10.61
    endloop
  endfacet
  facet normal 0 0 1
    outer loop
      vertex -8.8 8.81865 10.61
      vertex -8.8 5.18135 10.61
      vertex -8.29352 4.97156 10.61
    endloop
  endfacet
  facet normal -0 0 1
    outer loop
      vertex -9.23492 8.48492 10.61
      vertex -8.8 5.18135 10.61
      vertex -8.8 8.81865 10.61
    endloop
  endfacet
  facet normal 0 0 1
    outer loop
      vertex -9.23492 8.48492 10.61
      vertex -9.23492 5.51508 10.61
      vertex -8.8 5.18135 10.61
    endloop
  endfacet
  facet normal -0 0 1
    outer loop
      vertex -9.56865 8.05 10.61
      vertex -9.23492 5.51508 10.61
      vertex -9.23492 8.48492 10.61
    endloop
  endfacet
  facet normal 0 0 1
    outer loop
      vertex -9.56865 8.05 10.61
      vertex -9.56865 5.95 10.61
      vertex -9.23492 5.51508 10.61
    endloop
  endfacet
  facet normal -0 0 1
    outer loop
      vertex -9.77844 7.54352 10.61
      vertex -9.56865 5.95 10.61
      vertex -9.56865 8.05 10.61
    endloop
  endfacet
  facet normal 0 0 1
    outer loop
      vertex -9.77844 7.54352 10.61
      vertex -9.77844 6.45648 10.61
      vertex -9.56865 5.95 10.61
    endloop
  endfacet
  facet normal 0 -0 1
    outer loop
      vertex -9.77844 6.45648 10.61
      vertex -9.77844 7.54352 10.61
      vertex -9.85 7 10.61
    endloop
  endfacet
  facet normal 1 0 0
    outer loop
      vertex -5.25 13.2 11.7
      vertex -5.25 4.5 10.9
      vertex -5.25 13.2 2.2
    endloop
  endfacet
  facet normal 1 0 0
    outer loop
      vertex -5.25 13.2 11.7
      vertex -5.25 -4.5 10.9
      vertex -5.25 4.5 10.9
    endloop
  endfacet
  facet normal 1 -0 0
    outer loop
      vertex -5.25 -13.2 11.7
      vertex -5.25 -4.5 10.9
      vertex -5.25 13.2 11.7
    endloop
  endfacet
  facet normal 1 0 0
    outer loop
      vertex -5.25 -13.2 2.2
      vertex -5.25 -4.5 10.9
      vertex -5.25 -13.2 11.7
    endloop
  endfacet
  facet normal 1 0 0
    outer loop
      vertex -5.25 -4.5 10.9
      vertex -5.25 -13.2 2.2
      vertex -5.25 -4.5 2.2
    endloop
  endfacet
  facet normal 1 0 0
    outer loop
      vertex -5.25 13.2 2.2
      vertex -5.25 4.5 10.9
      vertex -5.25 4.5 2.2
    endloop
  endfacet
  facet normal -0 0 1
    outer loop
      vertex -5.72156 6.45648 11.7
      vertex -5.65 -7 11.7
      vertex -5.65 7 11.7
    endloop
  endfacet
  facet normal 0 0 1
    outer loop
      vertex -5.72156 6.45648 11.7
      vertex -5.72156 -6.45648 11.7
      vertex -5.65 -7 11.7
    endloop
  endfacet
  facet normal -0 0 1
    outer loop
      vertex -5.93135 5.95 11.7
      vertex -5.72156 -6.45648 11.7
      vertex -5.72156 6.45648 11.7
    endloop
  endfacet
  facet normal 0 0 1
    outer loop
      vertex -5.93135 5.95 11.7
      vertex -5.93135 -5.95 11.7
      vertex -5.72156 -6.45648 11.7
    endloop
  endfacet
  facet normal -0 0 1
    outer loop
      vertex -6.26508 5.51508 11.7
      vertex -5.93135 -5.95 11.7
      vertex -5.93135 5.95 11.7
    endloop
  endfacet
  facet normal 0 0 1
    outer loop
      vertex -6.26508 5.51508 11.7
      vertex -6.26508 -5.51508 11.7
      vertex -5.93135 -5.95 11.7
    endloop
  endfacet
  facet normal -0 0 1
    outer loop
      vertex -6.7 5.18135 11.7
      vertex -6.26508 -5.51508 11.7
      vertex -6.26508 5.51508 11.7
    endloop
  endfacet
  facet normal 0 0 1
    outer loop
      vertex -6.7 5.18135 11.7
      vertex -6.7 -5.18135 11.7
      vertex -6.26508 -5.51508 11.7
    endloop
  endfacet
  facet normal -0 0 1
    outer loop
      vertex -7.20648 4.97156 11.7
      vertex -6.7 -5.18135 11.7
      vertex -6.7 5.18135 11.7
    endloop
  endfacet
  facet normal 0 0 1
    outer loop
      vertex -7.20648 4.97156 11.7
      vertex -7.20648 -4.97156 11.7
      vertex -6.7 -5.18135 11.7
    endloop
  endfacet
  facet normal -0 0 1
    outer loop
      vertex -7.75 4.9 11.7
      vertex -7.20648 -4.97156 11.7
      vertex -7.20648 4.97156 11.7
    endloop
  endfacet
  facet normal 0 0 1
    outer loop
      vertex -7.75 4.9 11.7
      vertex -7.75 -4.9 11.7
      vertex -7.20648 -4.97156 11.7
    endloop
  endfacet
  facet normal 0 0 1
    outer loop
      vertex -8.29352 4.97156 11.7
      vertex -7.75 -4.9 11.7
      vertex -7.75 4.9 11.7
    endloop
  endfacet
  facet normal 0 0 1
    outer loop
      vertex -8.29352 4.97156 11.7
      vertex -8.29352 -4.97156 11.7
      vertex -7.75 -4.9 11.7
    endloop
  endfacet
  facet normal 0 0 1
    outer loop
      vertex -8.8 5.18135 11.7
      vertex -8.29352 -4.97156 11.7
      vertex -8.29352 4.97156 11.7
    endloop
  endfacet
  facet normal 0 0 1
    outer loop
      vertex -8.8 5.18135 11.7
      vertex -8.8 -5.18135 11.7
      vertex -8.29352 -4.97156 11.7
    endloop
  endfacet
  facet normal 0 0 1
    outer loop
      vertex -9.23492 5.51508 11.7
      vertex -8.8 -5.18135 11.7
      vertex -8.8 5.18135 11.7
    endloop
  endfacet
  facet normal 0 0 1
    outer loop
      vertex -9.23492 5.51508 11.7
      vertex -9.23492 -5.51508 11.7
      vertex -8.8 -5.18135 11.7
    endloop
  endfacet
  facet normal 0 0 1
    outer loop
      vertex -9.56865 5.95 11.7
      vertex -9.23492 -5.51508 11.7
      vertex -9.23492 5.51508 11.7
    endloop
  endfacet
  facet normal 0 0 1
    outer loop
      vertex -9.56865 5.95 11.7
      vertex -9.56865 -5.95 11.7
      vertex -9.23492 -5.51508 11.7
    endloop
  endfacet
  facet normal 0 0 1
    outer loop
      vertex -9.77844 6.45648 11.7
      vertex -9.56865 -5.95 11.7
      vertex -9.56865 5.95 11.7
    endloop
  endfacet
  facet normal 0 0 1
    outer loop
      vertex -9.77844 6.45648 11.7
      vertex -9.77844 -6.45648 11.7
      vertex -9.56865 -5.95 11.7
    endloop
  endfacet
  facet normal 0 0 1
    outer loop
      vertex -9.85 7 11.7
      vertex -9.77844 -6.45648 11.7
      vertex -9.77844 6.45648 11.7
    endloop
  endfacet
  facet normal 0 0 1
    outer loop
      vertex -9.77844 -6.45648 11.7
      vertex -9.85 7 11.7
      vertex -9.85 -7 11.7
    endloop
  endfacet
  facet normal 0 0 1
    outer loop
      vertex -5.25 13.2 11.7
      vertex -5.65 7 11.7
      vertex -5.25 -13.2 11.7
    endloop
  endfacet
  facet normal 0 0 1
    outer loop
      vertex -5.25 13.2 11.7
      vertex -5.72156 7.54352 11.7
      vertex -5.65 7 11.7
    endloop
  endfacet
  facet normal 0 0 1
    outer loop
      vertex -5.25 13.2 11.7
      vertex -5.93135 8.05 11.7
      vertex -5.72156 7.54352 11.7
    endloop
  endfacet
  facet normal 0 0 1
    outer loop
      vertex -5.25 13.2 11.7
      vertex -6.26508 8.48492 11.7
      vertex -5.93135 8.05 11.7
    endloop
  endfacet
  facet normal 0 0 1
    outer loop
      vertex -5.25 13.2 11.7
      vertex -6.7 8.81865 11.7
      vertex -6.26508 8.48492 11.7
    endloop
  endfacet
  facet normal 0 0 1
    outer loop
      vertex -5.25 13.2 11.7
      vertex -7.20648 9.02844 11.7
      vertex -6.7 8.81865 11.7
    endloop
  endfacet
  facet normal 0 0 1
    outer loop
      vertex -5.25 13.2 11.7
      vertex -7.75 9.1 11.7
      vertex -7.20648 9.02844 11.7
    endloop
  endfacet
  facet normal -0 0 1
    outer loop
      vertex -10.25 13.2 11.7
      vertex -7.75 9.1 11.7
      vertex -5.25 13.2 11.7
    endloop
  endfacet
  facet normal 0 0 1
    outer loop
      vertex -7.75 9.1 11.7
      vertex -10.25 13.2 11.7
      vertex -8.29352 9.02844 11.7
    endloop
  endfacet
  facet normal 0 0 1
    outer loop
      vertex -8.29352 9.02844 11.7
      vertex -10.25 13.2 11.7
      vertex -8.8 8.81865 11.7
    endloop
  endfacet
  facet normal 0 0 1
    outer loop
      vertex -9.85 7 11.7
      vertex -10.25 13.2 11.7
      vertex -9.85 -7 11.7
    endloop
  endfacet
  facet normal 0 0 1
    outer loop
      vertex -9.77844 7.54352 11.7
      vertex -10.25 13.2 11.7
      vertex -9.85 7 11.7
    endloop
  endfacet
  facet normal 0 0 1
    outer loop
      vertex -9.56865 8.05 11.7
      vertex -10.25 13.2 11.7
      vertex -9.77844 7.54352 11.7
    endloop
  endfacet
  facet normal 0 0 1
    outer loop
      vertex -9.23492 8.48492 11.7
      vertex -10.25 13.2 11.7
      vertex -9.56865 8.05 11.7
    endloop
  endfacet
  facet normal 0 0 1
    outer loop
      vertex -8.8 8.81865 11.7
      vertex -10.25 13.2 11.7
      vertex -9.23492 8.48492 11.7
    endloop
  endfacet
  facet normal -0 0 1
    outer loop
      vertex -5.65 -7 11.7
      vertex -5.25 -13.2 11.7
      vertex -5.65 7 11.7
    endloop
  endfacet
  facet normal -0 0 1
    outer loop
      vertex -5.72156 -7.54352 11.7
      vertex -5.25 -13.2 11.7
      vertex -5.65 -7 11.7
    endloop
  endfacet
  facet normal -0 0 1
    outer loop
      vertex -5.93135 -8.05 11.7
      vertex -5.25 -13.2 11.7
      vertex -5.72156 -7.54352 11.7
    endloop
  endfacet
  facet normal -0 0 1
    outer loop
      vertex -6.26508 -8.48492 11.7
      vertex -5.25 -13.2 11.7
      vertex -5.93135 -8.05 11.7
    endloop
  endfacet
  facet normal -0 0 1
    outer loop
      vertex -6.7 -8.81865 11.7
      vertex -5.25 -13.2 11.7
      vertex -6.26508 -8.48492 11.7
    endloop
  endfacet
  facet normal -0 0 1
    outer loop
      vertex -7.20648 -9.02844 11.7
      vertex -5.25 -13.2 11.7
      vertex -6.7 -8.81865 11.7
    endloop
  endfacet
  facet normal -0 0 1
    outer loop
      vertex -7.75 -9.1 11.7
      vertex -5.25 -13.2 11.7
      vertex -7.20648 -9.02844 11.7
    endloop
  endfacet
  facet normal 0 0 1
    outer loop
      vertex -10.25 -13.2 11.7
      vertex -7.75 -9.1 11.7
      vertex -8.29352 -9.02844 11.7
    endloop
  endfacet
  facet normal 0 0 1
    outer loop
      vertex -10.25 -13.2 11.7
      vertex -8.29352 -9.02844 11.7
      vertex -8.8 -8.81865 11.7
    endloop
  endfacet
  facet normal 0 0 1
    outer loop
      vertex -10.25 -13.2 11.7
      vertex -8.8 -8.81865 11.7
      vertex -9.23492 -8.48492 11.7
    endloop
  endfacet
  facet normal 0 0 1
    outer loop
      vertex -7.75 -9.1 11.7
      vertex -10.25 -13.2 11.7
      vertex -5.25 -13.2 11.7
    endloop
  endfacet
  facet normal 0 0 1
    outer loop
      vertex -9.56865 -8.05 11.7
      vertex -10.25 -13.2 11.7
      vertex -9.23492 -8.48492 11.7
    endloop
  endfacet
  facet normal 0 0 1
    outer loop
      vertex -9.77844 -7.54352 11.7
      vertex -10.25 -13.2 11.7
      vertex -9.56865 -8.05 11.7
    endloop
  endfacet
  facet normal 0 0 1
    outer loop
      vertex -9.85 -7 11.7
      vertex -10.25 -13.2 11.7
      vertex -9.77844 -7.54352 11.7
    endloop
  endfacet
  facet normal 0 0 1
    outer loop
      vertex -10.25 -13.2 11.7
      vertex -9.85 -7 11.7
      vertex -10.25 13.2 11.7
    endloop
  endfacet
  facet normal -1 0 0
    outer loop
      vertex -10.25 -4.5 2.2
      vertex -10.25 -13.2 2.2
      vertex -10.25 -4.5 10.9
    endloop
  endfacet
  facet normal -1 0 0
    outer loop
      vertex -10.25 -4 10.9
      vertex -10.25 -4.5 10.9
      vertex -10.25 -4 11.15
    endloop
  endfacet
  facet normal -1 0 0
    outer loop
      vertex -10.25 2.75 10.9
      vertex -10.25 -2.75 10.9
      vertex -10.25 2.75 11.15
    endloop
  endfacet
  facet normal -1 0 0
    outer loop
      vertex -10.25 4.5 10.9
      vertex -10.25 13.2 2.2
      vertex -10.25 4.5 2.2
    endloop
  endfacet
  facet normal -1 0 0
    outer loop
      vertex -10.25 13.2 2.2
      vertex -10.25 4.5 10.9
      vertex -10.25 13.2 11.7
    endloop
  endfacet
  facet normal -1 0 0
    outer loop
      vertex -10.25 4 11.15
      vertex -10.25 4.5 10.9
      vertex -10.25 4 10.9
    endloop
  endfacet
  facet normal -1 0 0
    outer loop
      vertex -10.25 4.5 10.9
      vertex -10.25 4 11.15
      vertex -10.25 13.2 11.7
    endloop
  endfacet
  facet normal -1 0 0
    outer loop
      vertex -10.25 2.75 11.15
      vertex -10.25 13.2 11.7
      vertex -10.25 4 11.15
    endloop
  endfacet
  facet normal -1 0 0
    outer loop
      vertex -10.25 -2.75 11.15
      vertex -10.25 2.75 11.15
      vertex -10.25 -2.75 10.9
    endloop
  endfacet
  facet normal -1 0 0
    outer loop
      vertex -10.25 2.75 11.15
      vertex -10.25 -2.75 11.15
      vertex -10.25 13.2 11.7
    endloop
  endfacet
  facet normal -1 0 0
    outer loop
      vertex -10.25 -13.2 11.7
      vertex -10.25 -2.75 11.15
      vertex -10.25 -4 11.15
    endloop
  endfacet
  facet normal -1 0 0
    outer loop
      vertex -10.25 -2.75 11.15
      vertex -10.25 -13.2 11.7
      vertex -10.25 13.2 11.7
    endloop
  endfacet
  facet normal -1 0 0
    outer loop
      vertex -10.25 -4.5 10.9
      vertex -10.25 -13.2 11.7
      vertex -10.25 -4 11.15
    endloop
  endfacet
  facet normal -1 0 0
    outer loop
      vertex -10.25 -13.2 11.7
      vertex -10.25 -4.5 10.9
      vertex -10.25 -13.2 2.2
    endloop
  endfacet
  facet normal 0 1 -0
    outer loop
      vertex -5.25 13.2 2.2
      vertex -10.25 13.2 11.7
      vertex -5.25 13.2 11.7
    endloop
  endfacet
  facet normal 0 1 0
    outer loop
      vertex -10.25 13.2 11.7
      vertex -5.25 13.2 2.2
      vertex -10.25 13.2 2.2
    endloop
  endfacet
  facet normal 0 -1 0
    outer loop
      vertex -10.25 -13.2 2.2
      vertex -5.25 -13.2 11.7
      vertex -10.25 -13.2 11.7
    endloop
  endfacet
  facet normal 0 -1 -0
    outer loop
      vertex -5.25 -13.2 11.7
      vertex -10.25 -13.2 2.2
      vertex -5.25 -13.2 2.2
    endloop
  endfacet
  facet normal 1 -0 0
    outer loop
      vertex -10.75 8.55 5.8
      vertex -10.75 9.75 3.4
      vertex -10.75 9.75 5.8
    endloop
  endfacet
  facet normal 1 0 0
    outer loop
      vertex -10.75 9.75 3.4
      vertex -10.75 8.55 5.8
      vertex -10.75 8.55 3.4
    endloop
  endfacet
  facet normal 1 0 0
    outer loop
      vertex -10.75 9.75 5.8
      vertex -10.75 15.5 11.7
      vertex -10.75 9.75 11.7
    endloop
  endfacet
  facet normal 1 0 0
    outer loop
      vertex -10.75 15.5 11.7
      vertex -10.75 9.75 5.8
      vertex -10.75 15.5 2.2
    endloop
  endfacet
  facet normal 1 -0 0
    outer loop
      vertex -10.75 9.75 3.4
      vertex -10.75 15.5 2.2
      vertex -10.75 9.75 5.8
    endloop
  endfacet
  facet normal 1 0 0
    outer loop
      vertex -10.75 15.5 2.2
      vertex -10.75 9.75 3.4
      vertex -10.75 9.75 2.2
    endloop
  endfacet
  facet normal -0 0 1
    outer loop
      vertex -37.25 15.5 11.7
      vertex -37.25 15.1293 11.7
      vertex -36.9216 15.5 11.7
    endloop
  endfacet
  facet normal -0 0 1
    outer loop
      vertex -31.3169 15.5 11.7
      vertex -10.75 9.75 11.7
      vertex -10.75 15.5 11.7
    endloop
  endfacet
  facet normal 0 0 1
    outer loop
      vertex -37.2042 9.75 11.7
      vertex -31.3169 15.5 11.7
      vertex -32.8342 15.3158 11.7
    endloop
  endfacet
  facet normal 0 0 1
    outer loop
      vertex -37.2042 9.75 11.7
      vertex -32.8342 15.3158 11.7
      vertex -34.1378 14.8214 11.7
    endloop
  endfacet
  facet normal 0 0 1
    outer loop
      vertex -37.2042 9.75 11.7
      vertex -34.1378 14.8214 11.7
      vertex -35.2854 14.0292 11.7
    endloop
  endfacet
  facet normal 0 0 1
    outer loop
      vertex -37.2042 9.75 11.7
      vertex -35.2854 14.0292 11.7
      vertex -36.21 12.9856 11.7
    endloop
  endfacet
  facet normal 0 0 1
    outer loop
      vertex -37.2042 9.75 11.7
      vertex -36.21 12.9856 11.7
      vertex -36.8265 11.8109 11.7
    endloop
  endfacet
  facet normal 0 0 1
    outer loop
      vertex -31.3169 15.5 11.7
      vertex -37.2042 9.75 11.7
      vertex -10.75 9.75 11.7
    endloop
  endfacet
  facet normal 0 -1 0
    outer loop
      vertex -37.2042 9.75 5.8
      vertex -10.75 9.75 11.7
      vertex -37.2042 9.75 11.7
    endloop
  endfacet
  facet normal 0 -1 -0
    outer loop
      vertex -10.75 9.75 11.7
      vertex -37.2042 9.75 5.8
      vertex -10.75 9.75 5.8
    endloop
  endfacet
  facet normal 0 -1 0
    outer loop
      vertex -37.2042 9.75 2.2
      vertex -10.75 9.75 3.4
      vertex -37.2042 9.75 3.4
    endloop
  endfacet
  facet normal 0 -1 -0
    outer loop
      vertex -10.75 9.75 3.4
      vertex -37.2042 9.75 2.2
      vertex -10.75 9.75 2.2
    endloop
  endfacet
  facet normal 1 -0 0
    outer loop
      vertex -10.75 -15.5 11.7
      vertex -10.75 -9.75 5.8
      vertex -10.75 -9.75 11.7
    endloop
  endfacet
  facet normal 1 0 0
    outer loop
      vertex -10.75 -15.5 2.2
      vertex -10.75 -9.75 5.8
      vertex -10.75 -15.5 11.7
    endloop
  endfacet
  facet normal 1 0 0
    outer loop
      vertex -10.75 -9.75 5.8
      vertex -10.75 -15.5 2.2
      vertex -10.75 -9.75 3.4
    endloop
  endfacet
  facet normal 1 0 0
    outer loop
      vertex -10.75 -9.75 3.4
      vertex -10.75 -15.5 2.2
      vertex -10.75 -9.75 2.2
    endloop
  endfacet
  facet normal 1 -0 0
    outer loop
      vertex -10.75 -9.75 5.8
      vertex -10.75 -8.55 3.4
      vertex -10.75 -8.55 5.8
    endloop
  endfacet
  facet normal 1 0 0
    outer loop
      vertex -10.75 -8.55 3.4
      vertex -10.75 -9.75 5.8
      vertex -10.75 -9.75 3.4
    endloop
  endfacet
  facet normal 0 0 1
    outer loop
      vertex -10.75 -9.75 11.7
      vertex -31.25 -15.5 11.7
      vertex -10.75 -15.5 11.7
    endloop
  endfacet
  facet normal -0 0 1
    outer loop
      vertex -37.2278 -9.75 11.7
      vertex -31.25 -15.5 11.7
      vertex -10.75 -9.75 11.7
    endloop
  endfacet
  facet normal 0 0 1
    outer loop
      vertex -31.25 -15.5 11.7
      vertex -37.2278 -9.75 11.7
      vertex -33.5609 -15.0765 11.7
    endloop
  endfacet
  facet normal 0 0 1
    outer loop
      vertex -33.5609 -15.0765 11.7
      vertex -37.2278 -9.75 11.7
      vertex -34.7356 -14.46 11.7
    endloop
  endfacet
  facet normal 0 0 1
    outer loop
      vertex -34.7356 -14.46 11.7
      vertex -37.2278 -9.75 11.7
      vertex -35.7792 -13.5354 11.7
    endloop
  endfacet
  facet normal 0 0 1
    outer loop
      vertex -35.7792 -13.5354 11.7
      vertex -37.2278 -9.75 11.7
      vertex -36.5714 -12.3878 11.7
    endloop
  endfacet
  facet normal 0 0 1
    outer loop
      vertex -36.5714 -12.3878 11.7
      vertex -37.2278 -9.75 11.7
      vertex -37.0658 -11.0842 11.7
    endloop
  endfacet
  facet normal 0 0 1
    outer loop
      vertex -37.25 -15.1716 11.7
      vertex -37.25 -15.5 11.7
      vertex -36.8793 -15.5 11.7
    endloop
  endfacet
  facet normal 0 1 -0
    outer loop
      vertex -10.75 -9.75 5.8
      vertex -37.2278 -9.75 11.7
      vertex -10.75 -9.75 11.7
    endloop
  endfacet
  facet normal 0 1 0
    outer loop
      vertex -37.2278 -9.75 11.7
      vertex -10.75 -9.75 5.8
      vertex -37.2278 -9.75 5.8
    endloop
  endfacet
  facet normal 0 1 -0
    outer loop
      vertex -10.75 -9.75 2.2
      vertex -37.2278 -9.75 3.4
      vertex -10.75 -9.75 3.4
    endloop
  endfacet
  facet normal 0 1 0
    outer loop
      vertex -37.2278 -9.75 3.4
      vertex -10.75 -9.75 2.2
      vertex -37.2278 -9.75 2.2
    endloop
  endfacet
  facet normal -0 0 1
    outer loop
      vertex -37.2042 9.75 5.8
      vertex -10.75 8.55 5.8
      vertex -10.75 9.75 5.8
    endloop
  endfacet
  facet normal 0 0 1
    outer loop
      vertex -37.25 8.55 5.8
      vertex -37.2042 9.75 5.8
      vertex -37.25 9.50003 5.8
    endloop
  endfacet
  facet normal 0 0 1
    outer loop
      vertex -37.2042 9.75 5.8
      vertex -37.25 8.55 5.8
      vertex -10.75 8.55 5.8
    endloop
  endfacet
  facet normal 0 0 -1
    outer loop
      vertex -10.75 8.55 3.4
      vertex -37.2042 9.75 3.4
      vertex -10.75 9.75 3.4
    endloop
  endfacet
  facet normal 0 0 -1
    outer loop
      vertex -37.25 8.55 3.4
      vertex -37.2042 9.75 3.4
      vertex -10.75 8.55 3.4
    endloop
  endfacet
  facet normal 0 0 -1
    outer loop
      vertex -37.2042 9.75 3.4
      vertex -37.25 8.55 3.4
      vertex -37.25 9.50003 3.4
    endloop
  endfacet
  facet normal 0 -1 0
    outer loop
      vertex -37.25 8.55 3.4
      vertex -10.75 8.55 5.8
      vertex -37.25 8.55 5.8
    endloop
  endfacet
  facet normal 0 -1 -0
    outer loop
      vertex -10.75 8.55 5.8
      vertex -37.25 8.55 3.4
      vertex -10.75 8.55 3.4
    endloop
  endfacet
  facet normal 0 0 1
    outer loop
      vertex -10.75 -8.55 5.8
      vertex -37.2278 -9.75 5.8
      vertex -10.75 -9.75 5.8
    endloop
  endfacet
  facet normal -0 0 1
    outer loop
      vertex -37.25 -8.55 5.8
      vertex -37.2278 -9.75 5.8
      vertex -10.75 -8.55 5.8
    endloop
  endfacet
  facet normal 0 0 1
    outer loop
      vertex -37.2278 -9.75 5.8
      vertex -37.25 -8.55 5.8
      vertex -37.25 -9.56689 5.8
    endloop
  endfacet
  facet normal 0 0 -1
    outer loop
      vertex -37.2278 -9.75 3.4
      vertex -10.75 -8.55 3.4
      vertex -10.75 -9.75 3.4
    endloop
  endfacet
  facet normal 0 0 -1
    outer loop
      vertex -37.25 -8.55 3.4
      vertex -37.2278 -9.75 3.4
      vertex -37.25 -9.56689 3.4
    endloop
  endfacet
  facet normal 0 0 -1
    outer loop
      vertex -37.2278 -9.75 3.4
      vertex -37.25 -8.55 3.4
      vertex -10.75 -8.55 3.4
    endloop
  endfacet
  facet normal 0 1 -0
    outer loop
      vertex -10.75 -8.55 3.4
      vertex -37.25 -8.55 5.8
      vertex -10.75 -8.55 5.8
    endloop
  endfacet
  facet normal 0 1 0
    outer loop
      vertex -37.25 -8.55 5.8
      vertex -10.75 -8.55 3.4
      vertex -37.25 -8.55 3.4
    endloop
  endfacet
  facet normal 0.980768 -0.195176 0
    outer loop
      vertex -12.4 -1.5 10.9
      vertex -12.3505 -1.25126 8.11
      vertex -12.3505 -1.25126 10.9
    endloop
  endfacet
  facet normal 0.980768 -0.195176 0
    outer loop
      vertex -12.3505 -1.25126 8.11
      vertex -12.4 -1.5 10.9
      vertex -12.4 -1.5 8.11
    endloop
  endfacet
  facet normal -0.83148 -0.555555 0
    outer loop
      vertex -11.1495 -1.25126 8.11
      vertex -11.2904 -1.04038 10.9
      vertex -11.2904 -1.04038 8.11
    endloop
  endfacet
  facet normal -0.83148 -0.555555 0
    outer loop
      vertex -11.2904 -1.04038 10.9
      vertex -11.1495 -1.25126 8.11
      vertex -11.1495 -1.25126 10.9
    endloop
  endfacet
  facet normal -0.980768 -0.195176 0
    outer loop
      vertex -11.1 -1.5 8.11
      vertex -11.1495 -1.25126 10.9
      vertex -11.1495 -1.25126 8.11
    endloop
  endfacet
  facet normal -0.980768 -0.195176 0
    outer loop
      vertex -11.1495 -1.25126 10.9
      vertex -11.1 -1.5 8.11
      vertex -11.1 -1.5 10.9
    endloop
  endfacet
  facet normal -0.555524 -0.8315 0
    outer loop
      vertex -11.5013 -0.899478 8.11
      vertex -11.2904 -1.04038 10.9
      vertex -11.5013 -0.899478 10.9
    endloop
  endfacet
  facet normal -0.555524 -0.8315 -0
    outer loop
      vertex -11.2904 -1.04038 10.9
      vertex -11.5013 -0.899478 8.11
      vertex -11.2904 -1.04038 8.11
    endloop
  endfacet
  facet normal -0.195126 -0.980778 0
    outer loop
      vertex -11.75 -0.849999 8.11
      vertex -11.5013 -0.899478 10.9
      vertex -11.75 -0.849999 10.9
    endloop
  endfacet
  facet normal -0.195126 -0.980778 -0
    outer loop
      vertex -11.5013 -0.899478 10.9
      vertex -11.75 -0.849999 8.11
      vertex -11.5013 -0.899478 8.11
    endloop
  endfacet
  facet normal 0.83148 0.555555 0
    outer loop
      vertex -12.2096 -1.95962 10.9
      vertex -12.3505 -1.74874 8.11
      vertex -12.3505 -1.74874 10.9
    endloop
  endfacet
  facet normal 0.83148 0.555555 0
    outer loop
      vertex -12.3505 -1.74874 8.11
      vertex -12.2096 -1.95962 10.9
      vertex -12.2096 -1.95962 8.11
    endloop
  endfacet
  facet normal 0.555524 -0.8315 0
    outer loop
      vertex -12.2096 -1.04038 8.11
      vertex -11.9987 -0.899478 10.9
      vertex -12.2096 -1.04038 10.9
    endloop
  endfacet
  facet normal 0.555524 -0.8315 0
    outer loop
      vertex -11.9987 -0.899478 10.9
      vertex -12.2096 -1.04038 8.11
      vertex -11.9987 -0.899478 8.11
    endloop
  endfacet
  facet normal -0.980768 0.195176 0
    outer loop
      vertex -11.1495 -1.74874 8.11
      vertex -11.1 -1.5 10.9
      vertex -11.1 -1.5 8.11
    endloop
  endfacet
  facet normal -0.980768 0.195176 0
    outer loop
      vertex -11.1 -1.5 10.9
      vertex -11.1495 -1.74874 8.11
      vertex -11.1495 -1.74874 10.9
    endloop
  endfacet
  facet normal -0.555519 0.831504 0
    outer loop
      vertex -11.2904 -1.95962 8.11
      vertex -11.5013 -2.10052 10.9
      vertex -11.2904 -1.95962 10.9
    endloop
  endfacet
  facet normal -0.555519 0.831504 0
    outer loop
      vertex -11.5013 -2.10052 10.9
      vertex -11.2904 -1.95962 8.11
      vertex -11.5013 -2.10052 8.11
    endloop
  endfacet
  facet normal -0.19513 0.980777 0
    outer loop
      vertex -11.5013 -2.10052 8.11
      vertex -11.75 -2.15 10.9
      vertex -11.5013 -2.10052 10.9
    endloop
  endfacet
  facet normal -0.19513 0.980777 0
    outer loop
      vertex -11.75 -2.15 10.9
      vertex -11.5013 -2.10052 8.11
      vertex -11.75 -2.15 8.11
    endloop
  endfacet
  facet normal 0.195126 -0.980778 0
    outer loop
      vertex -11.9987 -0.899478 8.11
      vertex -11.75 -0.849999 10.9
      vertex -11.9987 -0.899478 10.9
    endloop
  endfacet
  facet normal 0.195126 -0.980778 0
    outer loop
      vertex -11.75 -0.849999 10.9
      vertex -11.9987 -0.899478 8.11
      vertex -11.75 -0.849999 8.11
    endloop
  endfacet
  facet normal 0.19513 0.980777 -0
    outer loop
      vertex -11.75 -2.15 8.11
      vertex -11.9987 -2.10052 10.9
      vertex -11.75 -2.15 10.9
    endloop
  endfacet
  facet normal 0.19513 0.980777 0
    outer loop
      vertex -11.9987 -2.10052 10.9
      vertex -11.75 -2.15 8.11
      vertex -11.9987 -2.10052 8.11
    endloop
  endfacet
  facet normal 0.83148 -0.555555 0
    outer loop
      vertex -12.3505 -1.25126 10.9
      vertex -12.2096 -1.04038 8.11
      vertex -12.2096 -1.04038 10.9
    endloop
  endfacet
  facet normal 0.83148 -0.555555 0
    outer loop
      vertex -12.2096 -1.04038 8.11
      vertex -12.3505 -1.25126 10.9
      vertex -12.3505 -1.25126 8.11
    endloop
  endfacet
  facet normal -0.83148 0.555555 0
    outer loop
      vertex -11.2904 -1.95962 8.11
      vertex -11.1495 -1.74874 10.9
      vertex -11.1495 -1.74874 8.11
    endloop
  endfacet
  facet normal -0.83148 0.555555 0
    outer loop
      vertex -11.1495 -1.74874 10.9
      vertex -11.2904 -1.95962 8.11
      vertex -11.2904 -1.95962 10.9
    endloop
  endfacet
  facet normal 0.555519 0.831504 -0
    outer loop
      vertex -11.9987 -2.10052 8.11
      vertex -12.2096 -1.95962 10.9
      vertex -11.9987 -2.10052 10.9
    endloop
  endfacet
  facet normal 0.555519 0.831504 0
    outer loop
      vertex -12.2096 -1.95962 10.9
      vertex -11.9987 -2.10052 8.11
      vertex -12.2096 -1.95962 8.11
    endloop
  endfacet
  facet normal 0 0 1
    outer loop
      vertex -11.1495 -1.25126 8.11
      vertex -11.1495 -1.74874 8.11
      vertex -11.1 -1.5 8.11
    endloop
  endfacet
  facet normal 0 0 1
    outer loop
      vertex -11.2904 -1.04038 8.11
      vertex -11.1495 -1.74874 8.11
      vertex -11.1495 -1.25126 8.11
    endloop
  endfacet
  facet normal 0 0 1
    outer loop
      vertex -11.2904 -1.04038 8.11
      vertex -11.2904 -1.95962 8.11
      vertex -11.1495 -1.74874 8.11
    endloop
  endfacet
  facet normal 0 0 1
    outer loop
      vertex -11.5013 -0.899478 8.11
      vertex -11.2904 -1.95962 8.11
      vertex -11.2904 -1.04038 8.11
    endloop
  endfacet
  facet normal 0 0 1
    outer loop
      vertex -11.5013 -0.899478 8.11
      vertex -11.5013 -2.10052 8.11
      vertex -11.2904 -1.95962 8.11
    endloop
  endfacet
  facet normal 0 0 1
    outer loop
      vertex -11.75 -0.849999 8.11
      vertex -11.5013 -2.10052 8.11
      vertex -11.5013 -0.899478 8.11
    endloop
  endfacet
  facet normal 0 0 1
    outer loop
      vertex -11.75 -0.849999 8.11
      vertex -11.75 -2.15 8.11
      vertex -11.5013 -2.10052 8.11
    endloop
  endfacet
  facet normal -0 0 1
    outer loop
      vertex -11.9987 -0.899478 8.11
      vertex -11.75 -2.15 8.11
      vertex -11.75 -0.849999 8.11
    endloop
  endfacet
  facet normal 0 0 1
    outer loop
      vertex -11.9987 -0.899478 8.11
      vertex -11.9987 -2.10052 8.11
      vertex -11.75 -2.15 8.11
    endloop
  endfacet
  facet normal -0 0 1
    outer loop
      vertex -12.2096 -1.04038 8.11
      vertex -11.9987 -2.10052 8.11
      vertex -11.9987 -0.899478 8.11
    endloop
  endfacet
  facet normal 0 0 1
    outer loop
      vertex -12.2096 -1.04038 8.11
      vertex -12.2096 -1.95962 8.11
      vertex -11.9987 -2.10052 8.11
    endloop
  endfacet
  facet normal -0 0 1
    outer loop
      vertex -12.3505 -1.25126 8.11
      vertex -12.2096 -1.95962 8.11
      vertex -12.2096 -1.04038 8.11
    endloop
  endfacet
  facet normal 0 0 1
    outer loop
      vertex -12.3505 -1.25126 8.11
      vertex -12.3505 -1.74874 8.11
      vertex -12.2096 -1.95962 8.11
    endloop
  endfacet
  facet normal 0 -0 1
    outer loop
      vertex -12.3505 -1.74874 8.11
      vertex -12.3505 -1.25126 8.11
      vertex -12.4 -1.5 8.11
    endloop
  endfacet
  facet normal 0.980768 0.195176 0
    outer loop
      vertex -12.3505 -1.74874 10.9
      vertex -12.4 -1.5 8.11
      vertex -12.4 -1.5 10.9
    endloop
  endfacet
  facet normal 0.980768 0.195176 0
    outer loop
      vertex -12.4 -1.5 8.11
      vertex -12.3505 -1.74874 10.9
      vertex -12.3505 -1.74874 8.11
    endloop
  endfacet
  facet normal -0.83148 -0.555555 0
    outer loop
      vertex -11.1495 1.74874 8.11
      vertex -11.2904 1.95962 10.9
      vertex -11.2904 1.95962 8.11
    endloop
  endfacet
  facet normal -0.83148 -0.555555 0
    outer loop
      vertex -11.2904 1.95962 10.9
      vertex -11.1495 1.74874 8.11
      vertex -11.1495 1.74874 10.9
    endloop
  endfacet
  facet normal -0.980768 -0.195176 0
    outer loop
      vertex -11.1 1.5 8.11
      vertex -11.1495 1.74874 10.9
      vertex -11.1495 1.74874 8.11
    endloop
  endfacet
  facet normal -0.980768 -0.195176 0
    outer loop
      vertex -11.1495 1.74874 10.9
      vertex -11.1 1.5 8.11
      vertex -11.1 1.5 10.9
    endloop
  endfacet
  facet normal -0.555519 -0.831504 0
    outer loop
      vertex -11.5013 2.10052 8.11
      vertex -11.2904 1.95962 10.9
      vertex -11.5013 2.10052 10.9
    endloop
  endfacet
  facet normal -0.555519 -0.831504 -0
    outer loop
      vertex -11.2904 1.95962 10.9
      vertex -11.5013 2.10052 8.11
      vertex -11.2904 1.95962 8.11
    endloop
  endfacet
  facet normal 0.980768 0.195176 0
    outer loop
      vertex -12.3505 1.25126 10.9
      vertex -12.4 1.5 8.11
      vertex -12.4 1.5 10.9
    endloop
  endfacet
  facet normal 0.980768 0.195176 0
    outer loop
      vertex -12.4 1.5 8.11
      vertex -12.3505 1.25126 10.9
      vertex -12.3505 1.25126 8.11
    endloop
  endfacet
  facet normal -0.555524 0.8315 0
    outer loop
      vertex -11.2904 1.04038 8.11
      vertex -11.5013 0.899478 10.9
      vertex -11.2904 1.04038 10.9
    endloop
  endfacet
  facet normal -0.555524 0.8315 0
    outer loop
      vertex -11.5013 0.899478 10.9
      vertex -11.2904 1.04038 8.11
      vertex -11.5013 0.899478 8.11
    endloop
  endfacet
  facet normal 0.83148 -0.555555 0
    outer loop
      vertex -12.3505 1.74874 10.9
      vertex -12.2096 1.95962 8.11
      vertex -12.2096 1.95962 10.9
    endloop
  endfacet
  facet normal 0.83148 -0.555555 0
    outer loop
      vertex -12.2096 1.95962 8.11
      vertex -12.3505 1.74874 10.9
      vertex -12.3505 1.74874 8.11
    endloop
  endfacet
  facet normal -0.83148 0.555555 0
    outer loop
      vertex -11.2904 1.04038 8.11
      vertex -11.1495 1.25126 10.9
      vertex -11.1495 1.25126 8.11
    endloop
  endfacet
  facet normal -0.83148 0.555555 0
    outer loop
      vertex -11.1495 1.25126 10.9
      vertex -11.2904 1.04038 8.11
      vertex -11.2904 1.04038 10.9
    endloop
  endfacet
  facet normal 0.195126 0.980778 -0
    outer loop
      vertex -11.75 0.849999 8.11
      vertex -11.9987 0.899478 10.9
      vertex -11.75 0.849999 10.9
    endloop
  endfacet
  facet normal 0.195126 0.980778 0
    outer loop
      vertex -11.9987 0.899478 10.9
      vertex -11.75 0.849999 8.11
      vertex -11.9987 0.899478 8.11
    endloop
  endfacet
  facet normal 0.19513 -0.980777 0
    outer loop
      vertex -11.9987 2.10052 8.11
      vertex -11.75 2.15 10.9
      vertex -11.9987 2.10052 10.9
    endloop
  endfacet
  facet normal 0.19513 -0.980777 0
    outer loop
      vertex -11.75 2.15 10.9
      vertex -11.9987 2.10052 8.11
      vertex -11.75 2.15 8.11
    endloop
  endfacet
  facet normal 0.555519 -0.831504 0
    outer loop
      vertex -12.2096 1.95962 8.11
      vertex -11.9987 2.10052 10.9
      vertex -12.2096 1.95962 10.9
    endloop
  endfacet
  facet normal 0.555519 -0.831504 0
    outer loop
      vertex -11.9987 2.10052 10.9
      vertex -12.2096 1.95962 8.11
      vertex -11.9987 2.10052 8.11
    endloop
  endfacet
  facet normal -0.980768 0.195176 0
    outer loop
      vertex -11.1495 1.25126 8.11
      vertex -11.1 1.5 10.9
      vertex -11.1 1.5 8.11
    endloop
  endfacet
  facet normal -0.980768 0.195176 0
    outer loop
      vertex -11.1 1.5 10.9
      vertex -11.1495 1.25126 8.11
      vertex -11.1495 1.25126 10.9
    endloop
  endfacet
  facet normal 0.83148 0.555555 0
    outer loop
      vertex -12.2096 1.04038 10.9
      vertex -12.3505 1.25126 8.11
      vertex -12.3505 1.25126 10.9
    endloop
  endfacet
  facet normal 0.83148 0.555555 0
    outer loop
      vertex -12.3505 1.25126 8.11
      vertex -12.2096 1.04038 10.9
      vertex -12.2096 1.04038 8.11
    endloop
  endfacet
  facet normal -0.195126 0.980778 0
    outer loop
      vertex -11.5013 0.899478 8.11
      vertex -11.75 0.849999 10.9
      vertex -11.5013 0.899478 10.9
    endloop
  endfacet
  facet normal -0.195126 0.980778 0
    outer loop
      vertex -11.75 0.849999 10.9
      vertex -11.5013 0.899478 8.11
      vertex -11.75 0.849999 8.11
    endloop
  endfacet
  facet normal 0.980768 -0.195176 0
    outer loop
      vertex -12.4 1.5 10.9
      vertex -12.3505 1.74874 8.11
      vertex -12.3505 1.74874 10.9
    endloop
  endfacet
  facet normal 0.980768 -0.195176 0
    outer loop
      vertex -12.3505 1.74874 8.11
      vertex -12.4 1.5 10.9
      vertex -12.4 1.5 8.11
    endloop
  endfacet
  facet normal -0.19513 -0.980777 0
    outer loop
      vertex -11.75 2.15 8.11
      vertex -11.5013 2.10052 10.9
      vertex -11.75 2.15 10.9
    endloop
  endfacet
  facet normal -0.19513 -0.980777 -0
    outer loop
      vertex -11.5013 2.10052 10.9
      vertex -11.75 2.15 8.11
      vertex -11.5013 2.10052 8.11
    endloop
  endfacet
  facet normal 0.555524 0.8315 -0
    outer loop
      vertex -11.9987 0.899478 8.11
      vertex -12.2096 1.04038 10.9
      vertex -11.9987 0.899478 10.9
    endloop
  endfacet
  facet normal 0.555524 0.8315 0
    outer loop
      vertex -12.2096 1.04038 10.9
      vertex -11.9987 0.899478 8.11
      vertex -12.2096 1.04038 8.11
    endloop
  endfacet
  facet normal 0 0 1
    outer loop
      vertex -11.1495 1.74874 8.11
      vertex -11.1495 1.25126 8.11
      vertex -11.1 1.5 8.11
    endloop
  endfacet
  facet normal 0 0 1
    outer loop
      vertex -11.2904 1.95962 8.11
      vertex -11.1495 1.25126 8.11
      vertex -11.1495 1.74874 8.11
    endloop
  endfacet
  facet normal 0 0 1
    outer loop
      vertex -11.2904 1.95962 8.11
      vertex -11.2904 1.04038 8.11
      vertex -11.1495 1.25126 8.11
    endloop
  endfacet
  facet normal 0 0 1
    outer loop
      vertex -11.5013 2.10052 8.11
      vertex -11.2904 1.04038 8.11
      vertex -11.2904 1.95962 8.11
    endloop
  endfacet
  facet normal 0 0 1
    outer loop
      vertex -11.5013 2.10052 8.11
      vertex -11.5013 0.899478 8.11
      vertex -11.2904 1.04038 8.11
    endloop
  endfacet
  facet normal 0 0 1
    outer loop
      vertex -11.75 2.15 8.11
      vertex -11.5013 0.899478 8.11
      vertex -11.5013 2.10052 8.11
    endloop
  endfacet
  facet normal 0 0 1
    outer loop
      vertex -11.75 2.15 8.11
      vertex -11.75 0.849999 8.11
      vertex -11.5013 0.899478 8.11
    endloop
  endfacet
  facet normal -0 0 1
    outer loop
      vertex -11.9987 2.10052 8.11
      vertex -11.75 0.849999 8.11
      vertex -11.75 2.15 8.11
    endloop
  endfacet
  facet normal 0 0 1
    outer loop
      vertex -11.9987 2.10052 8.11
      vertex -11.9987 0.899478 8.11
      vertex -11.75 0.849999 8.11
    endloop
  endfacet
  facet normal -0 0 1
    outer loop
      vertex -12.2096 1.95962 8.11
      vertex -11.9987 0.899478 8.11
      vertex -11.9987 2.10052 8.11
    endloop
  endfacet
  facet normal 0 0 1
    outer loop
      vertex -12.2096 1.95962 8.11
      vertex -12.2096 1.04038 8.11
      vertex -11.9987 0.899478 8.11
    endloop
  endfacet
  facet normal -0 0 1
    outer loop
      vertex -12.3505 1.74874 8.11
      vertex -12.2096 1.04038 8.11
      vertex -12.2096 1.95962 8.11
    endloop
  endfacet
  facet normal 0 0 1
    outer loop
      vertex -12.3505 1.74874 8.11
      vertex -12.3505 1.25126 8.11
      vertex -12.2096 1.04038 8.11
    endloop
  endfacet
  facet normal 0 -0 1
    outer loop
      vertex -12.3505 1.25126 8.11
      vertex -12.3505 1.74874 8.11
      vertex -12.4 1.5 8.11
    endloop
  endfacet
  facet normal 1 -0 0
    outer loop
      vertex -5.15 -4.5 10.9
      vertex -5.15 4.5 2.2
      vertex -5.15 4.5 10.9
    endloop
  endfacet
  facet normal 1 0 0
    outer loop
      vertex -5.15 4.5 2.2
      vertex -5.15 -4.5 10.9
      vertex -5.15 -4.5 2.2
    endloop
  endfacet
  facet normal 0 0 1
    outer loop
      vertex -10.25 4.5 10.9
      vertex -14.25 4 10.9
      vertex -10.25 4 10.9
    endloop
  endfacet
  facet normal 0 0 1
    outer loop
      vertex -14.25 4 10.9
      vertex -14.75 4.5 10.9
      vertex -14.25 -4 10.9
    endloop
  endfacet
  facet normal -0 0 1
    outer loop
      vertex -14.75 4.5 10.9
      vertex -14.25 4 10.9
      vertex -10.25 4.5 10.9
    endloop
  endfacet
  facet normal -0 0 1
    outer loop
      vertex -14.25 -4 10.9
      vertex -10.25 -4.5 10.9
      vertex -10.25 -4 10.9
    endloop
  endfacet
  facet normal 0 0 1
    outer loop
      vertex -14.25 -4 10.9
      vertex -14.75 -4.5 10.9
      vertex -10.25 -4.5 10.9
    endloop
  endfacet
  facet normal 0 0 1
    outer loop
      vertex -14.75 -4.5 10.9
      vertex -14.25 -4 10.9
      vertex -14.75 4.5 10.9
    endloop
  endfacet
  facet normal -0 0 1
    outer loop
      vertex -5.25 4.5 10.9
      vertex -5.15 -4.5 10.9
      vertex -5.15 4.5 10.9
    endloop
  endfacet
  facet normal 0 0 1
    outer loop
      vertex -5.15 -4.5 10.9
      vertex -5.25 4.5 10.9
      vertex -5.25 -4.5 10.9
    endloop
  endfacet
  facet normal -0 0 1
    outer loop
      vertex -11.1495 -1.25126 10.9
      vertex -10.25 -2.75 10.9
      vertex -11.1495 1.25126 10.9
    endloop
  endfacet
  facet normal 0 0 1
    outer loop
      vertex -10.25 -2.75 10.9
      vertex -11.1495 -1.25126 10.9
      vertex -11.1 -1.5 10.9
    endloop
  endfacet
  facet normal -0 0 1
    outer loop
      vertex -11.2904 1.04038 10.9
      vertex -11.1495 -1.25126 10.9
      vertex -11.1495 1.25126 10.9
    endloop
  endfacet
  facet normal 0 0 1
    outer loop
      vertex -11.2904 1.04038 10.9
      vertex -11.2904 -1.04038 10.9
      vertex -11.1495 -1.25126 10.9
    endloop
  endfacet
  facet normal -0 0 1
    outer loop
      vertex -11.5013 0.899478 10.9
      vertex -11.2904 -1.04038 10.9
      vertex -11.2904 1.04038 10.9
    endloop
  endfacet
  facet normal 0 0 1
    outer loop
      vertex -11.5013 0.899478 10.9
      vertex -11.5013 -0.899478 10.9
      vertex -11.2904 -1.04038 10.9
    endloop
  endfacet
  facet normal -0 0 1
    outer loop
      vertex -11.75 0.849999 10.9
      vertex -11.5013 -0.899478 10.9
      vertex -11.5013 0.899478 10.9
    endloop
  endfacet
  facet normal 0 0 1
    outer loop
      vertex -11.75 0.849999 10.9
      vertex -11.75 -0.849999 10.9
      vertex -11.5013 -0.899478 10.9
    endloop
  endfacet
  facet normal 0 0 1
    outer loop
      vertex -11.9987 0.899478 10.9
      vertex -11.75 -0.849999 10.9
      vertex -11.75 0.849999 10.9
    endloop
  endfacet
  facet normal 0 0 1
    outer loop
      vertex -11.9987 0.899478 10.9
      vertex -11.9987 -0.899478 10.9
      vertex -11.75 -0.849999 10.9
    endloop
  endfacet
  facet normal 0 0 1
    outer loop
      vertex -12.2096 1.04038 10.9
      vertex -11.9987 -0.899478 10.9
      vertex -11.9987 0.899478 10.9
    endloop
  endfacet
  facet normal 0 0 1
    outer loop
      vertex -12.2096 1.04038 10.9
      vertex -12.2096 -1.04038 10.9
      vertex -11.9987 -0.899478 10.9
    endloop
  endfacet
  facet normal 0 0 1
    outer loop
      vertex -12.3505 1.25126 10.9
      vertex -12.2096 -1.04038 10.9
      vertex -12.2096 1.04038 10.9
    endloop
  endfacet
  facet normal 0 0 1
    outer loop
      vertex -12.3505 1.25126 10.9
      vertex -12.3505 -1.25126 10.9
      vertex -12.2096 -1.04038 10.9
    endloop
  endfacet
  facet normal 0 0 1
    outer loop
      vertex -13 2.75 10.9
      vertex -12.3505 1.25126 10.9
      vertex -12.4 1.5 10.9
    endloop
  endfacet
  facet normal 0 0 1
    outer loop
      vertex -12.3505 1.25126 10.9
      vertex -13 2.75 10.9
      vertex -12.3505 -1.25126 10.9
    endloop
  endfacet
  facet normal 0 0 1
    outer loop
      vertex -11.1495 1.25126 10.9
      vertex -10.25 2.75 10.9
      vertex -11.1 1.5 10.9
    endloop
  endfacet
  facet normal 0 0 1
    outer loop
      vertex -10.25 2.75 10.9
      vertex -11.1495 1.74874 10.9
      vertex -11.1 1.5 10.9
    endloop
  endfacet
  facet normal 0 0 1
    outer loop
      vertex -10.25 2.75 10.9
      vertex -11.2904 1.95962 10.9
      vertex -11.1495 1.74874 10.9
    endloop
  endfacet
  facet normal 0 0 1
    outer loop
      vertex -10.25 2.75 10.9
      vertex -11.5013 2.10052 10.9
      vertex -11.2904 1.95962 10.9
    endloop
  endfacet
  facet normal 0 0 1
    outer loop
      vertex -10.25 2.75 10.9
      vertex -11.75 2.15 10.9
      vertex -11.5013 2.10052 10.9
    endloop
  endfacet
  facet normal -0 0 1
    outer loop
      vertex -13 2.75 10.9
      vertex -11.75 2.15 10.9
      vertex -10.25 2.75 10.9
    endloop
  endfacet
  facet normal 0 0 1
    outer loop
      vertex -13 -2.75 10.9
      vertex -12.3505 -1.25126 10.9
      vertex -13 2.75 10.9
    endloop
  endfacet
  facet normal 0 0 1
    outer loop
      vertex -12.3505 1.74874 10.9
      vertex -13 2.75 10.9
      vertex -12.4 1.5 10.9
    endloop
  endfacet
  facet normal 0 0 1
    outer loop
      vertex -12.2096 1.95962 10.9
      vertex -13 2.75 10.9
      vertex -12.3505 1.74874 10.9
    endloop
  endfacet
  facet normal 0 0 1
    outer loop
      vertex -11.9987 2.10052 10.9
      vertex -13 2.75 10.9
      vertex -12.2096 1.95962 10.9
    endloop
  endfacet
  facet normal 0 0 1
    outer loop
      vertex -11.75 2.15 10.9
      vertex -13 2.75 10.9
      vertex -11.9987 2.10052 10.9
    endloop
  endfacet
  facet normal 0 0 1
    outer loop
      vertex -10.25 2.75 10.9
      vertex -11.1495 1.25126 10.9
      vertex -10.25 -2.75 10.9
    endloop
  endfacet
  facet normal -0 0 1
    outer loop
      vertex -11.1495 -1.74874 10.9
      vertex -10.25 -2.75 10.9
      vertex -11.1 -1.5 10.9
    endloop
  endfacet
  facet normal -0 0 1
    outer loop
      vertex -11.2904 -1.95962 10.9
      vertex -10.25 -2.75 10.9
      vertex -11.1495 -1.74874 10.9
    endloop
  endfacet
  facet normal -0 0 1
    outer loop
      vertex -11.5013 -2.10052 10.9
      vertex -10.25 -2.75 10.9
      vertex -11.2904 -1.95962 10.9
    endloop
  endfacet
  facet normal -0 0 1
    outer loop
      vertex -11.75 -2.15 10.9
      vertex -10.25 -2.75 10.9
      vertex -11.5013 -2.10052 10.9
    endloop
  endfacet
  facet normal 0 0 1
    outer loop
      vertex -13 -2.75 10.9
      vertex -11.75 -2.15 10.9
      vertex -11.9987 -2.10052 10.9
    endloop
  endfacet
  facet normal 0 0 1
    outer loop
      vertex -11.75 -2.15 10.9
      vertex -13 -2.75 10.9
      vertex -10.25 -2.75 10.9
    endloop
  endfacet
  facet normal 0 0 1
    outer loop
      vertex -12.2096 -1.95962 10.9
      vertex -13 -2.75 10.9
      vertex -11.9987 -2.10052 10.9
    endloop
  endfacet
  facet normal 0 0 1
    outer loop
      vertex -12.3505 -1.74874 10.9
      vertex -13 -2.75 10.9
      vertex -12.2096 -1.95962 10.9
    endloop
  endfacet
  facet normal 0 0 1
    outer loop
      vertex -12.4 -1.5 10.9
      vertex -13 -2.75 10.9
      vertex -12.3505 -1.74874 10.9
    endloop
  endfacet
  facet normal 0 0 1
    outer loop
      vertex -12.3505 -1.25126 10.9
      vertex -13 -2.75 10.9
      vertex -12.4 -1.5 10.9
    endloop
  endfacet
  facet normal -1 0 0
    outer loop
      vertex -14.75 -4.5 2.2
      vertex -14.75 4.5 10.9
      vertex -14.75 4.5 2.2
    endloop
  endfacet
  facet normal -1 -0 0
    outer loop
      vertex -14.75 4.5 10.9
      vertex -14.75 -4.5 2.2
      vertex -14.75 -4.5 10.9
    endloop
  endfacet
  facet normal 0 1 -0
    outer loop
      vertex -10.25 4.5 2.2
      vertex -14.75 4.5 10.9
      vertex -10.25 4.5 10.9
    endloop
  endfacet
  facet normal 0 1 0
    outer loop
      vertex -14.75 4.5 10.9
      vertex -10.25 4.5 2.2
      vertex -14.75 4.5 2.2
    endloop
  endfacet
  facet normal 0 1 -0
    outer loop
      vertex -5.15 4.5 2.2
      vertex -5.25 4.5 10.9
      vertex -5.15 4.5 10.9
    endloop
  endfacet
  facet normal 0 1 0
    outer loop
      vertex -5.25 4.5 10.9
      vertex -5.15 4.5 2.2
      vertex -5.25 4.5 2.2
    endloop
  endfacet
  facet normal 0 -1 0
    outer loop
      vertex -14.75 -4.5 2.2
      vertex -10.25 -4.5 10.9
      vertex -14.75 -4.5 10.9
    endloop
  endfacet
  facet normal 0 -1 -0
    outer loop
      vertex -10.25 -4.5 10.9
      vertex -14.75 -4.5 2.2
      vertex -10.25 -4.5 2.2
    endloop
  endfacet
  facet normal 0 -1 0
    outer loop
      vertex -5.25 -4.5 2.2
      vertex -5.15 -4.5 10.9
      vertex -5.25 -4.5 10.9
    endloop
  endfacet
  facet normal 0 -1 -0
    outer loop
      vertex -5.15 -4.5 10.9
      vertex -5.25 -4.5 2.2
      vertex -5.15 -4.5 2.2
    endloop
  endfacet
  facet normal 0 0 1
    outer loop
      vertex -10.25 4 11.15
      vertex -13 2.75 11.15
      vertex -10.25 2.75 11.15
    endloop
  endfacet
  facet normal 0 0 1
    outer loop
      vertex -13 2.75 11.15
      vertex -14.25 4 11.15
      vertex -13 -2.75 11.15
    endloop
  endfacet
  facet normal -0 0 1
    outer loop
      vertex -14.25 4 11.15
      vertex -13 2.75 11.15
      vertex -10.25 4 11.15
    endloop
  endfacet
  facet normal -0 0 1
    outer loop
      vertex -13 -2.75 11.15
      vertex -10.25 -4 11.15
      vertex -10.25 -2.75 11.15
    endloop
  endfacet
  facet normal 0 0 1
    outer loop
      vertex -13 -2.75 11.15
      vertex -14.25 -4 11.15
      vertex -10.25 -4 11.15
    endloop
  endfacet
  facet normal 0 0 1
    outer loop
      vertex -14.25 -4 11.15
      vertex -13 -2.75 11.15
      vertex -14.25 4 11.15
    endloop
  endfacet
  facet normal -1 0 0
    outer loop
      vertex -14.25 -4 10.9
      vertex -14.25 4 11.15
      vertex -14.25 4 10.9
    endloop
  endfacet
  facet normal -1 -0 0
    outer loop
      vertex -14.25 4 11.15
      vertex -14.25 -4 10.9
      vertex -14.25 -4 11.15
    endloop
  endfacet
  facet normal 0 1 -0
    outer loop
      vertex -10.25 4 10.9
      vertex -14.25 4 11.15
      vertex -10.25 4 11.15
    endloop
  endfacet
  facet normal 0 1 0
    outer loop
      vertex -14.25 4 11.15
      vertex -10.25 4 10.9
      vertex -14.25 4 10.9
    endloop
  endfacet
  facet normal 0 -1 0
    outer loop
      vertex -14.25 -4 10.9
      vertex -10.25 -4 11.15
      vertex -14.25 -4 11.15
    endloop
  endfacet
  facet normal 0 -1 -0
    outer loop
      vertex -10.25 -4 11.15
      vertex -14.25 -4 10.9
      vertex -10.25 -4 10.9
    endloop
  endfacet
  facet normal 1 -0 0
    outer loop
      vertex -13 -2.75 11.15
      vertex -13 2.75 10.9
      vertex -13 2.75 11.15
    endloop
  endfacet
  facet normal 1 0 0
    outer loop
      vertex -13 2.75 10.9
      vertex -13 -2.75 11.15
      vertex -13 -2.75 10.9
    endloop
  endfacet
  facet normal 0 -1 0
    outer loop
      vertex -13 2.75 10.9
      vertex -10.25 2.75 11.15
      vertex -13 2.75 11.15
    endloop
  endfacet
  facet normal 0 -1 -0
    outer loop
      vertex -10.25 2.75 11.15
      vertex -13 2.75 10.9
      vertex -10.25 2.75 10.9
    endloop
  endfacet
  facet normal 0 1 -0
    outer loop
      vertex -10.25 -2.75 10.9
      vertex -13 -2.75 11.15
      vertex -10.25 -2.75 11.15
    endloop
  endfacet
  facet normal 0 1 0
    outer loop
      vertex -13 -2.75 11.15
      vertex -10.25 -2.75 10.9
      vertex -13 -2.75 10.9
    endloop
  endfacet
  facet normal 1 -0 0
    outer loop
      vertex 45.45 -5.5 14.9
      vertex 45.45 5.5 3.9
      vertex 45.45 5.5 14.9
    endloop
  endfacet
  facet normal 1 0 0
    outer loop
      vertex 45.45 5.5 3.9
      vertex 45.45 -5.5 14.9
      vertex 45.45 -5.5 3.9
    endloop
  endfacet
  facet normal -0 0 1
    outer loop
      vertex 39.45 5.5 14.9
      vertex 45.45 -5.5 14.9
      vertex 45.45 5.5 14.9
    endloop
  endfacet
  facet normal 0 0 1
    outer loop
      vertex 45.45 -5.5 14.9
      vertex 39.45 5.5 14.9
      vertex 39.45 -5.5 14.9
    endloop
  endfacet
  facet normal 0 0 -1
    outer loop
      vertex 39.45 -5.5 3.9
      vertex 45.45 5.5 3.9
      vertex 45.45 -5.5 3.9
    endloop
  endfacet
  facet normal -0 0 -1
    outer loop
      vertex 45.45 5.5 3.9
      vertex 39.45 -5.5 3.9
      vertex 39.45 5.5 3.9
    endloop
  endfacet
  facet normal 0 1 0
    outer loop
      vertex 45.45 5.5 14.9
      vertex 41.9195 5.5 11.4885
      vertex 39.45 5.5 14.9
    endloop
  endfacet
  facet normal 0 1 0
    outer loop
      vertex 45.45 5.5 14.9
      vertex 42.3489 5.5 11.3972
      vertex 41.9195 5.5 11.4885
    endloop
  endfacet
  facet normal 0 1 0
    outer loop
      vertex 45.45 5.5 14.9
      vertex 42.75 5.5 11.2187
      vertex 42.3489 5.5 11.3972
    endloop
  endfacet
  facet normal 0 1 0
    outer loop
      vertex 45.45 5.5 14.9
      vertex 43.1052 5.5 10.9606
      vertex 42.75 5.5 11.2187
    endloop
  endfacet
  facet normal 0 1 0
    outer loop
      vertex 45.45 5.5 14.9
      vertex 43.3989 5.5 10.6343
      vertex 43.1052 5.5 10.9606
    endloop
  endfacet
  facet normal 0 1 0
    outer loop
      vertex 45.45 5.5 14.9
      vertex 43.6184 5.5 10.2541
      vertex 43.3989 5.5 10.6343
    endloop
  endfacet
  facet normal 0 1 0
    outer loop
      vertex 45.45 5.5 14.9
      vertex 43.7541 5.5 9.83661
      vertex 43.6184 5.5 10.2541
    endloop
  endfacet
  facet normal 0 1 0
    outer loop
      vertex 45.45 5.5 14.9
      vertex 43.8 5.5 9.4
      vertex 43.7541 5.5 9.83661
    endloop
  endfacet
  facet normal 0 1 -0
    outer loop
      vertex 45.45 5.5 3.9
      vertex 43.8 5.5 9.4
      vertex 45.45 5.5 14.9
    endloop
  endfacet
  facet normal 0 1 0
    outer loop
      vertex 39.45 5.5 3.9
      vertex 41.9195 5.5 7.3115
      vertex 45.45 5.5 3.9
    endloop
  endfacet
  facet normal 0 1 0
    outer loop
      vertex 42.3489 5.5 7.40278
      vertex 45.45 5.5 3.9
      vertex 41.9195 5.5 7.3115
    endloop
  endfacet
  facet normal 0 1 0
    outer loop
      vertex 42.75 5.5 7.58135
      vertex 45.45 5.5 3.9
      vertex 42.3489 5.5 7.40278
    endloop
  endfacet
  facet normal 0 1 0
    outer loop
      vertex 43.1052 5.5 7.8394
      vertex 45.45 5.5 3.9
      vertex 42.75 5.5 7.58135
    endloop
  endfacet
  facet normal 0 1 0
    outer loop
      vertex 43.3989 5.5 8.16565
      vertex 45.45 5.5 3.9
      vertex 43.1052 5.5 7.8394
    endloop
  endfacet
  facet normal 0 1 0
    outer loop
      vertex 43.6184 5.5 8.54585
      vertex 45.45 5.5 3.9
      vertex 43.3989 5.5 8.16565
    endloop
  endfacet
  facet normal 0 1 0
    outer loop
      vertex 43.7541 5.5 8.96338
      vertex 45.45 5.5 3.9
      vertex 43.6184 5.5 8.54585
    endloop
  endfacet
  facet normal 0 1 0
    outer loop
      vertex 43.8 5.5 9.4
      vertex 45.45 5.5 3.9
      vertex 43.7541 5.5 8.96338
    endloop
  endfacet
  facet normal 0 1 -0
    outer loop
      vertex 41.4805 5.5 11.4885
      vertex 39.45 5.5 14.9
      vertex 41.9195 5.5 11.4885
    endloop
  endfacet
  facet normal 0 1 -0
    outer loop
      vertex 41.0511 5.5 11.3972
      vertex 39.45 5.5 14.9
      vertex 41.4805 5.5 11.4885
    endloop
  endfacet
  facet normal 0 1 -0
    outer loop
      vertex 40.65 5.5 11.2187
      vertex 39.45 5.5 14.9
      vertex 41.0511 5.5 11.3972
    endloop
  endfacet
  facet normal 0 1 -0
    outer loop
      vertex 40.2948 5.5 10.9606
      vertex 39.45 5.5 14.9
      vertex 40.65 5.5 11.2187
    endloop
  endfacet
  facet normal 0 1 -0
    outer loop
      vertex 40.0011 5.5 10.6343
      vertex 39.45 5.5 14.9
      vertex 40.2948 5.5 10.9606
    endloop
  endfacet
  facet normal 0 1 -0
    outer loop
      vertex 39.7816 5.5 10.2541
      vertex 39.45 5.5 14.9
      vertex 40.0011 5.5 10.6343
    endloop
  endfacet
  facet normal 0 1 -0
    outer loop
      vertex 39.6459 5.5 9.83661
      vertex 39.45 5.5 14.9
      vertex 39.7816 5.5 10.2541
    endloop
  endfacet
  facet normal 0 1 -0
    outer loop
      vertex 39.6 5.5 9.4
      vertex 39.45 5.5 14.9
      vertex 39.6459 5.5 9.83661
    endloop
  endfacet
  facet normal 0 1 0
    outer loop
      vertex 41.9195 5.5 7.3115
      vertex 39.45 5.5 3.9
      vertex 41.4805 5.5 7.3115
    endloop
  endfacet
  facet normal 0 1 0
    outer loop
      vertex 41.4805 5.5 7.3115
      vertex 39.45 5.5 3.9
      vertex 41.0511 5.5 7.40278
    endloop
  endfacet
  facet normal 0 1 0
    outer loop
      vertex 41.0511 5.5 7.40278
      vertex 39.45 5.5 3.9
      vertex 40.65 5.5 7.58135
    endloop
  endfacet
  facet normal 0 1 0
    outer loop
      vertex 39.6 5.5 9.4
      vertex 39.45 5.5 3.9
      vertex 39.45 5.5 14.9
    endloop
  endfacet
  facet normal 0 1 0
    outer loop
      vertex 39.6459 5.5 8.96338
      vertex 39.45 5.5 3.9
      vertex 39.6 5.5 9.4
    endloop
  endfacet
  facet normal 0 1 0
    outer loop
      vertex 39.7816 5.5 8.54585
      vertex 39.45 5.5 3.9
      vertex 39.6459 5.5 8.96338
    endloop
  endfacet
  facet normal 0 1 0
    outer loop
      vertex 40.0011 5.5 8.16565
      vertex 39.45 5.5 3.9
      vertex 39.7816 5.5 8.54585
    endloop
  endfacet
  facet normal 0 1 0
    outer loop
      vertex 40.2948 5.5 7.8394
      vertex 39.45 5.5 3.9
      vertex 40.0011 5.5 8.16565
    endloop
  endfacet
  facet normal 0 1 0
    outer loop
      vertex 40.65 5.5 7.58135
      vertex 39.45 5.5 3.9
      vertex 40.2948 5.5 7.8394
    endloop
  endfacet
  facet normal 0 -1 0
    outer loop
      vertex 41.9195 -5.5 11.4885
      vertex 39.45 -5.5 14.9
      vertex 41.4805 -5.5 11.4885
    endloop
  endfacet
  facet normal 0 -1 0
    outer loop
      vertex 39.45 -5.5 14.9
      vertex 41.0511 -5.5 11.3972
      vertex 41.4805 -5.5 11.4885
    endloop
  endfacet
  facet normal 0 -1 0
    outer loop
      vertex 39.45 -5.5 14.9
      vertex 40.65 -5.5 11.2187
      vertex 41.0511 -5.5 11.3972
    endloop
  endfacet
  facet normal 0 -1 0
    outer loop
      vertex 39.45 -5.5 14.9
      vertex 40.2948 -5.5 10.9606
      vertex 40.65 -5.5 11.2187
    endloop
  endfacet
  facet normal 0 -1 0
    outer loop
      vertex 39.45 -5.5 14.9
      vertex 40.0011 -5.5 10.6343
      vertex 40.2948 -5.5 10.9606
    endloop
  endfacet
  facet normal 0 -1 0
    outer loop
      vertex 39.45 -5.5 14.9
      vertex 39.7816 -5.5 10.2541
      vertex 40.0011 -5.5 10.6343
    endloop
  endfacet
  facet normal 0 -1 0
    outer loop
      vertex 39.45 -5.5 14.9
      vertex 39.6459 -5.5 9.83661
      vertex 39.7816 -5.5 10.2541
    endloop
  endfacet
  facet normal 0 -1 0
    outer loop
      vertex 39.45 -5.5 14.9
      vertex 39.6 -5.5 9.4
      vertex 39.6459 -5.5 9.83661
    endloop
  endfacet
  facet normal 0 -1 -0
    outer loop
      vertex 41.4805 -5.5 7.3115
      vertex 39.45 -5.5 3.9
      vertex 41.9195 -5.5 7.3115
    endloop
  endfacet
  facet normal 0 -1 -0
    outer loop
      vertex 41.0511 -5.5 7.40278
      vertex 39.45 -5.5 3.9
      vertex 41.4805 -5.5 7.3115
    endloop
  endfacet
  facet normal 0 -1 -0
    outer loop
      vertex 40.65 -5.5 7.58135
      vertex 39.45 -5.5 3.9
      vertex 41.0511 -5.5 7.40278
    endloop
  endfacet
  facet normal 0 -1 -0
    outer loop
      vertex 40.2948 -5.5 7.8394
      vertex 39.45 -5.5 3.9
      vertex 40.65 -5.5 7.58135
    endloop
  endfacet
  facet normal 0 -1 -0
    outer loop
      vertex 40.0011 -5.5 8.16565
      vertex 39.45 -5.5 3.9
      vertex 40.2948 -5.5 7.8394
    endloop
  endfacet
  facet normal 0 -1 -0
    outer loop
      vertex 39.7816 -5.5 8.54585
      vertex 39.45 -5.5 3.9
      vertex 40.0011 -5.5 8.16565
    endloop
  endfacet
  facet normal 0 -1 -0
    outer loop
      vertex 39.6459 -5.5 8.96338
      vertex 39.45 -5.5 3.9
      vertex 39.7816 -5.5 8.54585
    endloop
  endfacet
  facet normal 0 -1 -0
    outer loop
      vertex 39.6 -5.5 9.4
      vertex 39.45 -5.5 3.9
      vertex 39.6459 -5.5 8.96338
    endloop
  endfacet
  facet normal 0 -1 0
    outer loop
      vertex 39.45 -5.5 3.9
      vertex 39.6 -5.5 9.4
      vertex 39.45 -5.5 14.9
    endloop
  endfacet
  facet normal 0 -1 0
    outer loop
      vertex 39.45 -5.5 14.9
      vertex 41.9195 -5.5 11.4885
      vertex 45.45 -5.5 14.9
    endloop
  endfacet
  facet normal 0 -1 0
    outer loop
      vertex 42.3489 -5.5 11.3972
      vertex 45.45 -5.5 14.9
      vertex 41.9195 -5.5 11.4885
    endloop
  endfacet
  facet normal 0 -1 0
    outer loop
      vertex 42.75 -5.5 11.2187
      vertex 45.45 -5.5 14.9
      vertex 42.3489 -5.5 11.3972
    endloop
  endfacet
  facet normal 0 -1 0
    outer loop
      vertex 43.1052 -5.5 10.9606
      vertex 45.45 -5.5 14.9
      vertex 42.75 -5.5 11.2187
    endloop
  endfacet
  facet normal 0 -1 0
    outer loop
      vertex 43.3989 -5.5 10.6343
      vertex 45.45 -5.5 14.9
      vertex 43.1052 -5.5 10.9606
    endloop
  endfacet
  facet normal 0 -1 0
    outer loop
      vertex 43.6184 -5.5 10.2541
      vertex 45.45 -5.5 14.9
      vertex 43.3989 -5.5 10.6343
    endloop
  endfacet
  facet normal 0 -1 0
    outer loop
      vertex 43.7541 -5.5 9.83661
      vertex 45.45 -5.5 14.9
      vertex 43.6184 -5.5 10.2541
    endloop
  endfacet
  facet normal 0 -1 0
    outer loop
      vertex 43.8 -5.5 9.4
      vertex 45.45 -5.5 14.9
      vertex 43.7541 -5.5 9.83661
    endloop
  endfacet
  facet normal 0 -1 0
    outer loop
      vertex 45.45 -5.5 3.9
      vertex 43.8 -5.5 9.4
      vertex 43.7541 -5.5 8.96338
    endloop
  endfacet
  facet normal 0 -1 0
    outer loop
      vertex 45.45 -5.5 3.9
      vertex 41.9195 -5.5 7.3115
      vertex 39.45 -5.5 3.9
    endloop
  endfacet
  facet normal 0 -1 0
    outer loop
      vertex 41.9195 -5.5 7.3115
      vertex 45.45 -5.5 3.9
      vertex 42.3489 -5.5 7.40278
    endloop
  endfacet
  facet normal 0 -1 0
    outer loop
      vertex 42.3489 -5.5 7.40278
      vertex 45.45 -5.5 3.9
      vertex 42.75 -5.5 7.58135
    endloop
  endfacet
  facet normal 0 -1 0
    outer loop
      vertex 43.8 -5.5 9.4
      vertex 45.45 -5.5 3.9
      vertex 45.45 -5.5 14.9
    endloop
  endfacet
  facet normal 0 -1 0
    outer loop
      vertex 43.6184 -5.5 8.54585
      vertex 45.45 -5.5 3.9
      vertex 43.7541 -5.5 8.96338
    endloop
  endfacet
  facet normal 0 -1 0
    outer loop
      vertex 43.3989 -5.5 8.16565
      vertex 45.45 -5.5 3.9
      vertex 43.6184 -5.5 8.54585
    endloop
  endfacet
  facet normal 0 -1 0
    outer loop
      vertex 43.1052 -5.5 7.8394
      vertex 45.45 -5.5 3.9
      vertex 43.3989 -5.5 8.16565
    endloop
  endfacet
  facet normal 0 -1 0
    outer loop
      vertex 42.75 -5.5 7.58135
      vertex 45.45 -5.5 3.9
      vertex 43.1052 -5.5 7.8394
    endloop
  endfacet
  facet normal -0.951024 0 -0.309119
    outer loop
      vertex 43.7541 -5.5 9.83661
      vertex 43.6184 5.5 10.2541
      vertex 43.7541 5.5 9.83661
    endloop
  endfacet
  facet normal -0.951024 -0 -0.309119
    outer loop
      vertex 43.6184 5.5 10.2541
      vertex 43.7541 -5.5 9.83661
      vertex 43.6184 -5.5 10.2541
    endloop
  endfacet
  facet normal -0.994519 0 -0.104552
    outer loop
      vertex 43.8 -5.5 9.4
      vertex 43.7541 5.5 9.83661
      vertex 43.8 5.5 9.4
    endloop
  endfacet
  facet normal -0.994519 -0 -0.104552
    outer loop
      vertex 43.7541 5.5 9.83661
      vertex 43.8 -5.5 9.4
      vertex 43.7541 -5.5 9.83661
    endloop
  endfacet
  facet normal -0.406582 0 -0.913614
    outer loop
      vertex 42.3489 -5.5 11.3972
      vertex 42.75 5.5 11.2187
      vertex 42.75 -5.5 11.2187
    endloop
  endfacet
  facet normal -0.406582 0 -0.913614
    outer loop
      vertex 42.75 5.5 11.2187
      vertex 42.3489 -5.5 11.3972
      vertex 42.3489 5.5 11.3972
    endloop
  endfacet
  facet normal -0.587833 0 -0.808982
    outer loop
      vertex 42.75 -5.5 11.2187
      vertex 43.1052 5.5 10.9606
      vertex 43.1052 -5.5 10.9606
    endloop
  endfacet
  facet normal -0.587833 0 -0.808982
    outer loop
      vertex 43.1052 5.5 10.9606
      vertex 42.75 -5.5 11.2187
      vertex 42.75 5.5 11.2187
    endloop
  endfacet
  facet normal 0.207973 0 -0.978135
    outer loop
      vertex 41.0511 -5.5 11.3972
      vertex 41.4805 5.5 11.4885
      vertex 41.4805 -5.5 11.4885
    endloop
  endfacet
  facet normal 0.207973 0 -0.978135
    outer loop
      vertex 41.4805 5.5 11.4885
      vertex 41.0511 -5.5 11.3972
      vertex 41.0511 5.5 11.3972
    endloop
  endfacet
  facet normal -0.207973 0 -0.978135
    outer loop
      vertex 41.9195 -5.5 11.4885
      vertex 42.3489 5.5 11.3972
      vertex 42.3489 -5.5 11.3972
    endloop
  endfacet
  facet normal -0.207973 0 -0.978135
    outer loop
      vertex 42.3489 5.5 11.3972
      vertex 41.9195 -5.5 11.4885
      vertex 41.9195 5.5 11.4885
    endloop
  endfacet
  facet normal -0.866034 0 -0.499985
    outer loop
      vertex 43.6184 -5.5 10.2541
      vertex 43.3989 5.5 10.6343
      vertex 43.6184 5.5 10.2541
    endloop
  endfacet
  facet normal -0.866034 -0 -0.499985
    outer loop
      vertex 43.3989 5.5 10.6343
      vertex 43.6184 -5.5 10.2541
      vertex 43.3989 -5.5 10.6343
    endloop
  endfacet
  facet normal -0.951032 0 0.309092
    outer loop
      vertex 43.6184 -5.5 8.54585
      vertex 43.7541 5.5 8.96338
      vertex 43.6184 5.5 8.54585
    endloop
  endfacet
  facet normal -0.951032 0 0.309092
    outer loop
      vertex 43.7541 5.5 8.96338
      vertex 43.6184 -5.5 8.54585
      vertex 43.7541 -5.5 8.96338
    endloop
  endfacet
  facet normal 0.406715 0 0.913555
    outer loop
      vertex 40.65 5.5 7.58135
      vertex 41.0511 -5.5 7.40278
      vertex 41.0511 5.5 7.40278
    endloop
  endfacet
  facet normal 0.406715 0 0.913555
    outer loop
      vertex 41.0511 -5.5 7.40278
      vertex 40.65 5.5 7.58135
      vertex 40.65 -5.5 7.58135
    endloop
  endfacet
  facet normal 0.74326 0 -0.669002
    outer loop
      vertex 40.2948 -5.5 10.9606
      vertex 40.0011 5.5 10.6343
      vertex 40.2948 5.5 10.9606
    endloop
  endfacet
  facet normal 0.74326 0 -0.669002
    outer loop
      vertex 40.0011 5.5 10.6343
      vertex 40.2948 -5.5 10.9606
      vertex 40.0011 -5.5 10.6343
    endloop
  endfacet
  facet normal -0.406715 0 0.913555
    outer loop
      vertex 42.3489 5.5 7.40278
      vertex 42.75 -5.5 7.58135
      vertex 42.75 5.5 7.58135
    endloop
  endfacet
  facet normal -0.406715 0 0.913555
    outer loop
      vertex 42.75 -5.5 7.58135
      vertex 42.3489 5.5 7.40278
      vertex 42.3489 -5.5 7.40278
    endloop
  endfacet
  facet normal -0.743209 0 0.669059
    outer loop
      vertex 43.1052 -5.5 7.8394
      vertex 43.3989 5.5 8.16565
      vertex 43.1052 5.5 7.8394
    endloop
  endfacet
  facet normal -0.743209 0 0.669059
    outer loop
      vertex 43.3989 5.5 8.16565
      vertex 43.1052 -5.5 7.8394
      vertex 43.3989 -5.5 8.16565
    endloop
  endfacet
  facet normal 0.587759 0 0.809036
    outer loop
      vertex 40.2948 5.5 7.8394
      vertex 40.65 -5.5 7.58135
      vertex 40.65 5.5 7.58135
    endloop
  endfacet
  facet normal 0.587759 0 0.809036
    outer loop
      vertex 40.65 -5.5 7.58135
      vertex 40.2948 5.5 7.8394
      vertex 40.2948 -5.5 7.8394
    endloop
  endfacet
  facet normal -0.99452 0 0.10455
    outer loop
      vertex 43.7541 -5.5 8.96338
      vertex 43.8 5.5 9.4
      vertex 43.7541 5.5 8.96338
    endloop
  endfacet
  facet normal -0.99452 0 0.10455
    outer loop
      vertex 43.8 5.5 9.4
      vertex 43.7541 -5.5 8.96338
      vertex 43.8 -5.5 9.4
    endloop
  endfacet
  facet normal 0.406582 0 -0.913614
    outer loop
      vertex 40.65 -5.5 11.2187
      vertex 41.0511 5.5 11.3972
      vertex 41.0511 -5.5 11.3972
    endloop
  endfacet
  facet normal 0.406582 0 -0.913614
    outer loop
      vertex 41.0511 5.5 11.3972
      vertex 40.65 -5.5 11.2187
      vertex 40.65 5.5 11.2187
    endloop
  endfacet
  facet normal 0.20793 0 0.978144
    outer loop
      vertex 41.0511 5.5 7.40278
      vertex 41.4805 -5.5 7.3115
      vertex 41.4805 5.5 7.3115
    endloop
  endfacet
  facet normal 0.20793 0 0.978144
    outer loop
      vertex 41.4805 -5.5 7.3115
      vertex 41.0511 5.5 7.40278
      vertex 41.0511 -5.5 7.40278
    endloop
  endfacet
  facet normal 0.951032 -0 0.309092
    outer loop
      vertex 39.6459 -5.5 8.96338
      vertex 39.7816 5.5 8.54585
      vertex 39.6459 5.5 8.96338
    endloop
  endfacet
  facet normal 0.951032 0 0.309092
    outer loop
      vertex 39.7816 5.5 8.54585
      vertex 39.6459 -5.5 8.96338
      vertex 39.7816 -5.5 8.54585
    endloop
  endfacet
  facet normal 0.587833 0 -0.808982
    outer loop
      vertex 40.2948 -5.5 10.9606
      vertex 40.65 5.5 11.2187
      vertex 40.65 -5.5 11.2187
    endloop
  endfacet
  facet normal 0.587833 0 -0.808982
    outer loop
      vertex 40.65 5.5 11.2187
      vertex 40.2948 -5.5 10.9606
      vertex 40.2948 5.5 10.9606
    endloop
  endfacet
  facet normal -0.587759 0 0.809036
    outer loop
      vertex 42.75 5.5 7.58135
      vertex 43.1052 -5.5 7.8394
      vertex 43.1052 5.5 7.8394
    endloop
  endfacet
  facet normal -0.587759 0 0.809036
    outer loop
      vertex 43.1052 -5.5 7.8394
      vertex 42.75 5.5 7.58135
      vertex 42.75 -5.5 7.58135
    endloop
  endfacet
  facet normal -0.74326 0 -0.669002
    outer loop
      vertex 43.3989 -5.5 10.6343
      vertex 43.1052 5.5 10.9606
      vertex 43.3989 5.5 10.6343
    endloop
  endfacet
  facet normal -0.74326 -0 -0.669002
    outer loop
      vertex 43.1052 5.5 10.9606
      vertex 43.3989 -5.5 10.6343
      vertex 43.1052 -5.5 10.9606
    endloop
  endfacet
  facet normal 0.951024 0 -0.309119
    outer loop
      vertex 39.7816 -5.5 10.2541
      vertex 39.6459 5.5 9.83661
      vertex 39.7816 5.5 10.2541
    endloop
  endfacet
  facet normal 0.951024 0 -0.309119
    outer loop
      vertex 39.6459 5.5 9.83661
      vertex 39.7816 -5.5 10.2541
      vertex 39.6459 -5.5 9.83661
    endloop
  endfacet
  facet normal -0.866034 0 0.499985
    outer loop
      vertex 43.3989 -5.5 8.16565
      vertex 43.6184 5.5 8.54585
      vertex 43.3989 5.5 8.16565
    endloop
  endfacet
  facet normal -0.866034 0 0.499985
    outer loop
      vertex 43.6184 5.5 8.54585
      vertex 43.3989 -5.5 8.16565
      vertex 43.6184 -5.5 8.54585
    endloop
  endfacet
  facet normal 0.866034 -0 0.499985
    outer loop
      vertex 39.7816 -5.5 8.54585
      vertex 40.0011 5.5 8.16565
      vertex 39.7816 5.5 8.54585
    endloop
  endfacet
  facet normal 0.866034 0 0.499985
    outer loop
      vertex 40.0011 5.5 8.16565
      vertex 39.7816 -5.5 8.54585
      vertex 40.0011 -5.5 8.16565
    endloop
  endfacet
  facet normal 0.743209 -0 0.669059
    outer loop
      vertex 40.0011 -5.5 8.16565
      vertex 40.2948 5.5 7.8394
      vertex 40.0011 5.5 8.16565
    endloop
  endfacet
  facet normal 0.743209 0 0.669059
    outer loop
      vertex 40.2948 5.5 7.8394
      vertex 40.0011 -5.5 8.16565
      vertex 40.2948 -5.5 7.8394
    endloop
  endfacet
  facet normal -0.20793 0 0.978144
    outer loop
      vertex 41.9195 5.5 7.3115
      vertex 42.3489 -5.5 7.40278
      vertex 42.3489 5.5 7.40278
    endloop
  endfacet
  facet normal -0.20793 0 0.978144
    outer loop
      vertex 42.3489 -5.5 7.40278
      vertex 41.9195 5.5 7.3115
      vertex 41.9195 -5.5 7.3115
    endloop
  endfacet
  facet normal 0.994519 0 -0.104552
    outer loop
      vertex 39.6459 -5.5 9.83661
      vertex 39.6 5.5 9.4
      vertex 39.6459 5.5 9.83661
    endloop
  endfacet
  facet normal 0.994519 0 -0.104552
    outer loop
      vertex 39.6 5.5 9.4
      vertex 39.6459 -5.5 9.83661
      vertex 39.6 -5.5 9.4
    endloop
  endfacet
  facet normal 0 0 -1
    outer loop
      vertex 41.4805 -5.5 11.4885
      vertex 41.9195 5.5 11.4885
      vertex 41.9195 -5.5 11.4885
    endloop
  endfacet
  facet normal -0 0 -1
    outer loop
      vertex 41.9195 5.5 11.4885
      vertex 41.4805 -5.5 11.4885
      vertex 41.4805 5.5 11.4885
    endloop
  endfacet
  facet normal -0 0 1
    outer loop
      vertex 41.4805 5.5 7.3115
      vertex 41.9195 -5.5 7.3115
      vertex 41.9195 5.5 7.3115
    endloop
  endfacet
  facet normal 0 0 1
    outer loop
      vertex 41.9195 -5.5 7.3115
      vertex 41.4805 5.5 7.3115
      vertex 41.4805 -5.5 7.3115
    endloop
  endfacet
  facet normal 0.99452 -0 0.10455
    outer loop
      vertex 39.6 -5.5 9.4
      vertex 39.6459 5.5 8.96338
      vertex 39.6 5.5 9.4
    endloop
  endfacet
  facet normal 0.99452 0 0.10455
    outer loop
      vertex 39.6459 5.5 8.96338
      vertex 39.6 -5.5 9.4
      vertex 39.6459 -5.5 8.96338
    endloop
  endfacet
  facet normal 0.866034 0 -0.499985
    outer loop
      vertex 40.0011 -5.5 10.6343
      vertex 39.7816 5.5 10.2541
      vertex 40.0011 5.5 10.6343
    endloop
  endfacet
  facet normal 0.866034 0 -0.499985
    outer loop
      vertex 39.7816 5.5 10.2541
      vertex 40.0011 -5.5 10.6343
      vertex 39.7816 -5.5 10.2541
    endloop
  endfacet
endsolid OpenSCAD_Model
