solid OpenSCAD_Model
  facet normal 0.951056 0.309019 0
    outer loop
      vertex -4.32648 -6.27231 15.9
      vertex -4.55259 -5.57642 11.7
      vertex -4.55259 -5.57642 15.9
    endloop
  endfacet
  facet normal 0.951056 0.309019 0
    outer loop
      vertex -4.55259 -5.57642 11.7
      vertex -4.32648 -6.27231 15.9
      vertex -4.32648 -6.27231 11.7
    endloop
  endfacet
  facet normal 0.994522 0.104524 0
    outer loop
      vertex -4.25 -7 15.9
      vertex -4.32648 -6.27231 11.7
      vertex -4.32648 -6.27231 15.9
    endloop
  endfacet
  facet normal 0.994522 0.104524 0
    outer loop
      vertex -4.32648 -6.27231 11.7
      vertex -4.25 -7 15.9
      vertex -4.25 -7 11.7
    endloop
  endfacet
  facet normal 0.866025 0.5 0
    outer loop
      vertex -4.55259 -5.57642 15.9
      vertex -4.91844 -4.94275 11.7
      vertex -4.91844 -4.94275 15.9
    endloop
  endfacet
  facet normal 0.866025 0.5 0
    outer loop
      vertex -4.91844 -4.94275 11.7
      vertex -4.55259 -5.57642 15.9
      vertex -4.55259 -5.57642 11.7
    endloop
  endfacet
  facet normal 0.994522 -0.104524 0
    outer loop
      vertex -4.32648 -7.72769 15.9
      vertex -4.25 -7 11.7
      vertex -4.25 -7 15.9
    endloop
  endfacet
  facet normal 0.994522 -0.104524 0
    outer loop
      vertex -4.25 -7 11.7
      vertex -4.32648 -7.72769 15.9
      vertex -4.32648 -7.72769 11.7
    endloop
  endfacet
  facet normal 0.587782 0.80902 -0
    outer loop
      vertex -5.40804 -4.39899 11.7
      vertex -6 -3.96891 15.9
      vertex -5.40804 -4.39899 15.9
    endloop
  endfacet
  facet normal 0.587782 0.80902 0
    outer loop
      vertex -6 -3.96891 15.9
      vertex -5.40804 -4.39899 11.7
      vertex -6 -3.96891 11.7
    endloop
  endfacet
  facet normal 0.743147 0.669128 0
    outer loop
      vertex -4.91844 -4.94275 15.9
      vertex -5.40804 -4.39899 11.7
      vertex -5.40804 -4.39899 15.9
    endloop
  endfacet
  facet normal 0.743147 0.669128 0
    outer loop
      vertex -5.40804 -4.39899 11.7
      vertex -4.91844 -4.94275 15.9
      vertex -4.91844 -4.94275 11.7
    endloop
  endfacet
  facet normal -0.587756 0.809039 0
    outer loop
      vertex -9.5 -3.96891 11.7
      vertex -10.092 -4.39899 15.9
      vertex -9.5 -3.96891 15.9
    endloop
  endfacet
  facet normal -0.587756 0.809039 0
    outer loop
      vertex -10.092 -4.39899 15.9
      vertex -9.5 -3.96891 11.7
      vertex -10.092 -4.39899 11.7
    endloop
  endfacet
  facet normal -0.587765 -0.809032 0
    outer loop
      vertex -10.092 -9.60101 11.7
      vertex -9.5 -10.0311 15.9
      vertex -10.092 -9.60101 15.9
    endloop
  endfacet
  facet normal -0.587765 -0.809032 -0
    outer loop
      vertex -9.5 -10.0311 15.9
      vertex -10.092 -9.60101 11.7
      vertex -9.5 -10.0311 11.7
    endloop
  endfacet
  facet normal 0 0 -1
    outer loop
      vertex -5.65 -7 11.7
      vertex -4.25 -7 11.7
      vertex -4.32648 -7.72769 11.7
    endloop
  endfacet
  facet normal 0 0 -1
    outer loop
      vertex -5.72156 -7.54352 11.7
      vertex -4.32648 -7.72769 11.7
      vertex -4.55259 -8.42358 11.7
    endloop
  endfacet
  facet normal 0 0 -1
    outer loop
      vertex -4.25 -7 11.7
      vertex -5.65 -7 11.7
      vertex -4.32648 -6.27231 11.7
    endloop
  endfacet
  facet normal 0 0 -1
    outer loop
      vertex -5.93135 -8.05 11.7
      vertex -4.55259 -8.42358 11.7
      vertex -4.91844 -9.05725 11.7
    endloop
  endfacet
  facet normal 0 0 -1
    outer loop
      vertex -5.72156 -6.45648 11.7
      vertex -4.32648 -6.27231 11.7
      vertex -5.65 -7 11.7
    endloop
  endfacet
  facet normal 0 0 -1
    outer loop
      vertex -6.26508 -8.48492 11.7
      vertex -4.91844 -9.05725 11.7
      vertex -5.40804 -9.60101 11.7
    endloop
  endfacet
  facet normal -0 0 -1
    outer loop
      vertex -4.32648 -6.27231 11.7
      vertex -5.72156 -6.45648 11.7
      vertex -4.55259 -5.57642 11.7
    endloop
  endfacet
  facet normal 0 0 -1
    outer loop
      vertex -5.93135 -5.95 11.7
      vertex -4.55259 -5.57642 11.7
      vertex -5.72156 -6.45648 11.7
    endloop
  endfacet
  facet normal 0 0 -1
    outer loop
      vertex -4.32648 -7.72769 11.7
      vertex -5.72156 -7.54352 11.7
      vertex -5.65 -7 11.7
    endloop
  endfacet
  facet normal 0 0 -1
    outer loop
      vertex -4.55259 -8.42358 11.7
      vertex -5.93135 -8.05 11.7
      vertex -5.72156 -7.54352 11.7
    endloop
  endfacet
  facet normal 0 0 -1
    outer loop
      vertex -6.7 -8.81865 11.7
      vertex -5.40804 -9.60101 11.7
      vertex -6 -10.0311 11.7
    endloop
  endfacet
  facet normal 0 0 -1
    outer loop
      vertex -4.91844 -9.05725 11.7
      vertex -6.26508 -8.48492 11.7
      vertex -5.93135 -8.05 11.7
    endloop
  endfacet
  facet normal 0 0 -1
    outer loop
      vertex -6.7 -8.81865 11.7
      vertex -6 -10.0311 11.7
      vertex -6.66844 -10.3287 11.7
    endloop
  endfacet
  facet normal 0 0 -1
    outer loop
      vertex -5.40804 -9.60101 11.7
      vertex -6.7 -8.81865 11.7
      vertex -6.26508 -8.48492 11.7
    endloop
  endfacet
  facet normal 0 0 -1
    outer loop
      vertex -6.66844 -10.3287 11.7
      vertex -7.20648 -9.02844 11.7
      vertex -6.7 -8.81865 11.7
    endloop
  endfacet
  facet normal 0 0 -1
    outer loop
      vertex -7.38415 -10.4808 11.7
      vertex -7.20648 -9.02844 11.7
      vertex -6.66844 -10.3287 11.7
    endloop
  endfacet
  facet normal 0 0 -1
    outer loop
      vertex -7.38415 -10.4808 11.7
      vertex -7.75 -9.1 11.7
      vertex -7.20648 -9.02844 11.7
    endloop
  endfacet
  facet normal 0 0 -1
    outer loop
      vertex -8.11585 -10.4808 11.7
      vertex -7.75 -9.1 11.7
      vertex -7.38415 -10.4808 11.7
    endloop
  endfacet
  facet normal 0 0 -1
    outer loop
      vertex -8.11585 -10.4808 11.7
      vertex -8.29352 -9.02844 11.7
      vertex -7.75 -9.1 11.7
    endloop
  endfacet
  facet normal 0 0 -1
    outer loop
      vertex -8.83156 -10.3287 11.7
      vertex -8.29352 -9.02844 11.7
      vertex -8.11585 -10.4808 11.7
    endloop
  endfacet
  facet normal -0 0 -1
    outer loop
      vertex -8.29352 -9.02844 11.7
      vertex -8.83156 -10.3287 11.7
      vertex -8.8 -8.81865 11.7
    endloop
  endfacet
  facet normal 0 0 -1
    outer loop
      vertex -9.5 -10.0311 11.7
      vertex -8.8 -8.81865 11.7
      vertex -8.83156 -10.3287 11.7
    endloop
  endfacet
  facet normal 0 0 -1
    outer loop
      vertex -10.092 -9.60101 11.7
      vertex -8.8 -8.81865 11.7
      vertex -9.5 -10.0311 11.7
    endloop
  endfacet
  facet normal -0 0 -1
    outer loop
      vertex -8.8 -8.81865 11.7
      vertex -10.092 -9.60101 11.7
      vertex -9.23492 -8.48492 11.7
    endloop
  endfacet
  facet normal 0 0 -1
    outer loop
      vertex -10.5816 -9.05725 11.7
      vertex -9.23492 -8.48492 11.7
      vertex -10.092 -9.60101 11.7
    endloop
  endfacet
  facet normal -0 0 -1
    outer loop
      vertex -9.23492 -8.48492 11.7
      vertex -10.5816 -9.05725 11.7
      vertex -9.56865 -8.05 11.7
    endloop
  endfacet
  facet normal 0 0 -1
    outer loop
      vertex -10.9474 -8.42358 11.7
      vertex -9.56865 -8.05 11.7
      vertex -10.5816 -9.05725 11.7
    endloop
  endfacet
  facet normal -0 0 -1
    outer loop
      vertex -4.55259 -5.57642 11.7
      vertex -5.93135 -5.95 11.7
      vertex -4.91844 -4.94275 11.7
    endloop
  endfacet
  facet normal 0 0 -1
    outer loop
      vertex -6.26508 -5.51508 11.7
      vertex -4.91844 -4.94275 11.7
      vertex -5.93135 -5.95 11.7
    endloop
  endfacet
  facet normal -0 0 -1
    outer loop
      vertex -4.91844 -4.94275 11.7
      vertex -6.26508 -5.51508 11.7
      vertex -5.40804 -4.39899 11.7
    endloop
  endfacet
  facet normal 0 0 -1
    outer loop
      vertex -6.7 -5.18135 11.7
      vertex -5.40804 -4.39899 11.7
      vertex -6.26508 -5.51508 11.7
    endloop
  endfacet
  facet normal -0 0 -1
    outer loop
      vertex -5.40804 -4.39899 11.7
      vertex -6.7 -5.18135 11.7
      vertex -6 -3.96891 11.7
    endloop
  endfacet
  facet normal -0 0 -1
    outer loop
      vertex -6 -3.96891 11.7
      vertex -6.7 -5.18135 11.7
      vertex -6.66844 -3.6713 11.7
    endloop
  endfacet
  facet normal 0 0 -1
    outer loop
      vertex -7.20648 -4.97156 11.7
      vertex -6.66844 -3.6713 11.7
      vertex -6.7 -5.18135 11.7
    endloop
  endfacet
  facet normal 0 0 -1
    outer loop
      vertex -7.20648 -4.97156 11.7
      vertex -7.38415 -3.51917 11.7
      vertex -6.66844 -3.6713 11.7
    endloop
  endfacet
  facet normal 0 0 -1
    outer loop
      vertex -7.75 -4.9 11.7
      vertex -7.38415 -3.51917 11.7
      vertex -7.20648 -4.97156 11.7
    endloop
  endfacet
  facet normal 0 0 -1
    outer loop
      vertex -7.75 -4.9 11.7
      vertex -8.11585 -3.51917 11.7
      vertex -7.38415 -3.51917 11.7
    endloop
  endfacet
  facet normal 0 0 -1
    outer loop
      vertex -8.29352 -4.97156 11.7
      vertex -8.11585 -3.51917 11.7
      vertex -7.75 -4.9 11.7
    endloop
  endfacet
  facet normal 0 0 -1
    outer loop
      vertex -8.83156 -3.6713 11.7
      vertex -8.29352 -4.97156 11.7
      vertex -8.8 -5.18135 11.7
    endloop
  endfacet
  facet normal 0 0 -1
    outer loop
      vertex -8.29352 -4.97156 11.7
      vertex -8.83156 -3.6713 11.7
      vertex -8.11585 -3.51917 11.7
    endloop
  endfacet
  facet normal 0 0 -1
    outer loop
      vertex -10.092 -4.39899 11.7
      vertex -8.8 -5.18135 11.7
      vertex -9.23492 -5.51508 11.7
    endloop
  endfacet
  facet normal 0 0 -1
    outer loop
      vertex -8.8 -5.18135 11.7
      vertex -9.5 -3.96891 11.7
      vertex -8.83156 -3.6713 11.7
    endloop
  endfacet
  facet normal 0 0 -1
    outer loop
      vertex -10.5816 -4.94275 11.7
      vertex -9.23492 -5.51508 11.7
      vertex -9.56865 -5.95 11.7
    endloop
  endfacet
  facet normal 0 0 -1
    outer loop
      vertex -10.9474 -5.57642 11.7
      vertex -9.56865 -5.95 11.7
      vertex -9.77844 -6.45648 11.7
    endloop
  endfacet
  facet normal 0 0 -1
    outer loop
      vertex -11.1735 -6.27231 11.7
      vertex -9.77844 -6.45648 11.7
      vertex -9.85 -7 11.7
    endloop
  endfacet
  facet normal 0 0 -1
    outer loop
      vertex -8.8 -5.18135 11.7
      vertex -10.092 -4.39899 11.7
      vertex -9.5 -3.96891 11.7
    endloop
  endfacet
  facet normal -0 0 -1
    outer loop
      vertex -9.56865 -8.05 11.7
      vertex -10.9474 -8.42358 11.7
      vertex -9.77844 -7.54352 11.7
    endloop
  endfacet
  facet normal 0 0 -1
    outer loop
      vertex -11.1735 -7.72769 11.7
      vertex -9.77844 -7.54352 11.7
      vertex -10.9474 -8.42358 11.7
    endloop
  endfacet
  facet normal 0 0 -1
    outer loop
      vertex -9.23492 -5.51508 11.7
      vertex -10.5816 -4.94275 11.7
      vertex -10.092 -4.39899 11.7
    endloop
  endfacet
  facet normal -0 0 -1
    outer loop
      vertex -9.77844 -7.54352 11.7
      vertex -11.1735 -7.72769 11.7
      vertex -9.85 -7 11.7
    endloop
  endfacet
  facet normal 0 0 -1
    outer loop
      vertex -9.56865 -5.95 11.7
      vertex -10.9474 -5.57642 11.7
      vertex -10.5816 -4.94275 11.7
    endloop
  endfacet
  facet normal 0 0 -1
    outer loop
      vertex -11.25 -7 11.7
      vertex -9.85 -7 11.7
      vertex -11.1735 -7.72769 11.7
    endloop
  endfacet
  facet normal 0 0 -1
    outer loop
      vertex -9.77844 -6.45648 11.7
      vertex -11.1735 -6.27231 11.7
      vertex -10.9474 -5.57642 11.7
    endloop
  endfacet
  facet normal 0 0 -1
    outer loop
      vertex -9.85 -7 11.7
      vertex -11.25 -7 11.7
      vertex -11.1735 -6.27231 11.7
    endloop
  endfacet
  facet normal 0.406738 0.913545 -0
    outer loop
      vertex -6 -3.96891 11.7
      vertex -6.66844 -3.6713 15.9
      vertex -6 -3.96891 15.9
    endloop
  endfacet
  facet normal 0.406738 0.913545 0
    outer loop
      vertex -6.66844 -3.6713 15.9
      vertex -6 -3.96891 11.7
      vertex -6.66844 -3.6713 11.7
    endloop
  endfacet
  facet normal 0.207874 -0.978156 0
    outer loop
      vertex -7.38415 -10.4808 11.7
      vertex -6.66844 -10.3287 15.9
      vertex -7.38415 -10.4808 15.9
    endloop
  endfacet
  facet normal 0.207874 -0.978156 0
    outer loop
      vertex -6.66844 -10.3287 15.9
      vertex -7.38415 -10.4808 11.7
      vertex -6.66844 -10.3287 11.7
    endloop
  endfacet
  facet normal -0.207913 0.978147 0
    outer loop
      vertex -8.11585 -3.51917 11.7
      vertex -8.83156 -3.6713 15.9
      vertex -8.11585 -3.51917 15.9
    endloop
  endfacet
  facet normal -0.207913 0.978147 0
    outer loop
      vertex -8.83156 -3.6713 15.9
      vertex -8.11585 -3.51917 11.7
      vertex -8.83156 -3.6713 11.7
    endloop
  endfacet
  facet normal -0.99452 0.104551 0
    outer loop
      vertex -11.25 -7 11.7
      vertex -11.1735 -6.27231 15.9
      vertex -11.1735 -6.27231 11.7
    endloop
  endfacet
  facet normal -0.99452 0.104551 0
    outer loop
      vertex -11.1735 -6.27231 15.9
      vertex -11.25 -7 11.7
      vertex -11.25 -7 15.9
    endloop
  endfacet
  facet normal 0.587791 -0.809013 0
    outer loop
      vertex -6 -10.0311 11.7
      vertex -5.40804 -9.60101 15.9
      vertex -6 -10.0311 15.9
    endloop
  endfacet
  facet normal 0.587791 -0.809013 0
    outer loop
      vertex -5.40804 -9.60101 15.9
      vertex -6 -10.0311 11.7
      vertex -5.40804 -9.60101 11.7
    endloop
  endfacet
  facet normal -0.866055 -0.499949 0
    outer loop
      vertex -10.5816 -9.05725 11.7
      vertex -10.9474 -8.42358 15.9
      vertex -10.9474 -8.42358 11.7
    endloop
  endfacet
  facet normal -0.866055 -0.499949 0
    outer loop
      vertex -10.9474 -8.42358 15.9
      vertex -10.5816 -9.05725 11.7
      vertex -10.5816 -9.05725 15.9
    endloop
  endfacet
  facet normal 0.406727 -0.91355 0
    outer loop
      vertex -6.66844 -10.3287 11.7
      vertex -6 -10.0311 15.9
      vertex -6.66844 -10.3287 15.9
    endloop
  endfacet
  facet normal 0.406727 -0.91355 0
    outer loop
      vertex -6 -10.0311 15.9
      vertex -6.66844 -10.3287 11.7
      vertex -6 -10.0311 11.7
    endloop
  endfacet
  facet normal -0.95106 0.309007 0
    outer loop
      vertex -11.1735 -6.27231 11.7
      vertex -10.9474 -5.57642 15.9
      vertex -10.9474 -5.57642 11.7
    endloop
  endfacet
  facet normal -0.95106 0.309007 0
    outer loop
      vertex -10.9474 -5.57642 15.9
      vertex -11.1735 -6.27231 11.7
      vertex -11.1735 -6.27231 15.9
    endloop
  endfacet
  facet normal 0.951056 -0.309019 0
    outer loop
      vertex -4.55259 -8.42358 15.9
      vertex -4.32648 -7.72769 11.7
      vertex -4.32648 -7.72769 15.9
    endloop
  endfacet
  facet normal 0.951056 -0.309019 0
    outer loop
      vertex -4.32648 -7.72769 11.7
      vertex -4.55259 -8.42358 15.9
      vertex -4.55259 -8.42358 11.7
    endloop
  endfacet
  facet normal -0.743147 0.669128 0
    outer loop
      vertex -10.5816 -4.94275 11.7
      vertex -10.092 -4.39899 15.9
      vertex -10.092 -4.39899 11.7
    endloop
  endfacet
  facet normal -0.743147 0.669128 0
    outer loop
      vertex -10.092 -4.39899 15.9
      vertex -10.5816 -4.94275 11.7
      vertex -10.5816 -4.94275 15.9
    endloop
  endfacet
  facet normal 0 1 -0
    outer loop
      vertex -7.38415 -3.51917 11.7
      vertex -8.11585 -3.51917 15.9
      vertex -7.38415 -3.51917 15.9
    endloop
  endfacet
  facet normal 0 1 0
    outer loop
      vertex -8.11585 -3.51917 15.9
      vertex -7.38415 -3.51917 11.7
      vertex -8.11585 -3.51917 11.7
    endloop
  endfacet
  facet normal 0.866025 -0.5 0
    outer loop
      vertex -4.91844 -9.05725 15.9
      vertex -4.55259 -8.42358 11.7
      vertex -4.55259 -8.42358 15.9
    endloop
  endfacet
  facet normal 0.866025 -0.5 0
    outer loop
      vertex -4.55259 -8.42358 11.7
      vertex -4.91844 -9.05725 15.9
      vertex -4.91844 -9.05725 11.7
    endloop
  endfacet
  facet normal 0.743147 -0.669128 0
    outer loop
      vertex -5.40804 -9.60101 15.9
      vertex -4.91844 -9.05725 11.7
      vertex -4.91844 -9.05725 15.9
    endloop
  endfacet
  facet normal 0.743147 -0.669128 0
    outer loop
      vertex -4.91844 -9.05725 11.7
      vertex -5.40804 -9.60101 15.9
      vertex -5.40804 -9.60101 11.7
    endloop
  endfacet
  facet normal -0.406727 -0.91355 0
    outer loop
      vertex -9.5 -10.0311 11.7
      vertex -8.83156 -10.3287 15.9
      vertex -9.5 -10.0311 15.9
    endloop
  endfacet
  facet normal -0.406727 -0.91355 -0
    outer loop
      vertex -8.83156 -10.3287 15.9
      vertex -9.5 -10.0311 11.7
      vertex -8.83156 -10.3287 11.7
    endloop
  endfacet
  facet normal -0.406738 0.913545 0
    outer loop
      vertex -8.83156 -3.6713 11.7
      vertex -9.5 -3.96891 15.9
      vertex -8.83156 -3.6713 15.9
    endloop
  endfacet
  facet normal -0.406738 0.913545 0
    outer loop
      vertex -9.5 -3.96891 15.9
      vertex -8.83156 -3.6713 11.7
      vertex -9.5 -3.96891 11.7
    endloop
  endfacet
  facet normal 0 -1 0
    outer loop
      vertex -8.11585 -10.4808 11.7
      vertex -7.38415 -10.4808 15.9
      vertex -8.11585 -10.4808 15.9
    endloop
  endfacet
  facet normal 0 -1 -0
    outer loop
      vertex -7.38415 -10.4808 15.9
      vertex -8.11585 -10.4808 11.7
      vertex -7.38415 -10.4808 11.7
    endloop
  endfacet
  facet normal -0.207874 -0.978156 0
    outer loop
      vertex -8.83156 -10.3287 11.7
      vertex -8.11585 -10.4808 15.9
      vertex -8.83156 -10.3287 15.9
    endloop
  endfacet
  facet normal -0.207874 -0.978156 -0
    outer loop
      vertex -8.11585 -10.4808 15.9
      vertex -8.83156 -10.3287 11.7
      vertex -8.11585 -10.4808 11.7
    endloop
  endfacet
  facet normal -0.95106 -0.309007 0
    outer loop
      vertex -10.9474 -8.42358 11.7
      vertex -11.1735 -7.72769 15.9
      vertex -11.1735 -7.72769 11.7
    endloop
  endfacet
  facet normal -0.95106 -0.309007 0
    outer loop
      vertex -11.1735 -7.72769 15.9
      vertex -10.9474 -8.42358 11.7
      vertex -10.9474 -8.42358 15.9
    endloop
  endfacet
  facet normal -0.743147 -0.669128 0
    outer loop
      vertex -10.092 -9.60101 11.7
      vertex -10.5816 -9.05725 15.9
      vertex -10.5816 -9.05725 11.7
    endloop
  endfacet
  facet normal -0.743147 -0.669128 0
    outer loop
      vertex -10.5816 -9.05725 15.9
      vertex -10.092 -9.60101 11.7
      vertex -10.092 -9.60101 15.9
    endloop
  endfacet
  facet normal 0.207913 0.978147 -0
    outer loop
      vertex -6.66844 -3.6713 11.7
      vertex -7.38415 -3.51917 15.9
      vertex -6.66844 -3.6713 15.9
    endloop
  endfacet
  facet normal 0.207913 0.978147 0
    outer loop
      vertex -7.38415 -3.51917 15.9
      vertex -6.66844 -3.6713 11.7
      vertex -7.38415 -3.51917 11.7
    endloop
  endfacet
  facet normal 0 0 -1
    outer loop
      vertex 37.05 -9.48187 15.9
      vertex 39.45 9.7 15.9
      vertex 39.45 -9.7 15.9
    endloop
  endfacet
  facet normal 0 0 -1
    outer loop
      vertex 36.6353 -11.745 15.9
      vertex 39.45 -9.7 15.9
      vertex 38.9301 -12.5368 15.9
    endloop
  endfacet
  facet normal 0 0 -1
    outer loop
      vertex 39.45 9.7 15.9
      vertex 37.05 -9.48187 15.9
      vertex 37.05 9.55472 15.9
    endloop
  endfacet
  facet normal 0 0 -1
    outer loop
      vertex 36.6353 -11.745 15.9
      vertex 38.9301 -12.5368 15.9
      vertex 38.0339 -14.2445 15.9
    endloop
  endfacet
  facet normal 0 0 -1
    outer loop
      vertex 36.8701 11.036 15.9
      vertex 39.45 9.7 15.9
      vertex 37.05 9.55472 15.9
    endloop
  endfacet
  facet normal 0 0 -1
    outer loop
      vertex 39.45 9.7 15.9
      vertex 36.8701 11.036 15.9
      vertex 39.2175 11.6145 15.9
    endloop
  endfacet
  facet normal 0 0 -1
    outer loop
      vertex 36.0442 -12.8711 15.9
      vertex 38.0339 -14.2445 15.9
      vertex 36.755 -15.6881 15.9
    endloop
  endfacet
  facet normal -0 0 -1
    outer loop
      vertex 39.45 -9.7 15.9
      vertex 36.6353 -11.745 15.9
      vertex 37.05 -9.48187 15.9
    endloop
  endfacet
  facet normal 0 0 -1
    outer loop
      vertex 38.0339 -14.2445 15.9
      vertex 36.0442 -12.8711 15.9
      vertex 36.6353 -11.745 15.9
    endloop
  endfacet
  facet normal 0 0 -1
    outer loop
      vertex 35.1518 -13.8785 15.9
      vertex 36.755 -15.6881 15.9
      vertex 35.1678 -16.7836 15.9
    endloop
  endfacet
  facet normal 0 0 -1
    outer loop
      vertex 36.755 -15.6881 15.9
      vertex 35.1518 -13.8785 15.9
      vertex 36.0442 -12.8711 15.9
    endloop
  endfacet
  facet normal 0 0 -1
    outer loop
      vertex 35.1678 -16.7836 15.9
      vertex 34.0442 -14.643 15.9
      vertex 35.1518 -13.8785 15.9
    endloop
  endfacet
  facet normal 0 0 -1
    outer loop
      vertex 33.3645 -17.4675 15.9
      vertex 34.0442 -14.643 15.9
      vertex 35.1678 -16.7836 15.9
    endloop
  endfacet
  facet normal 0 0 -1
    outer loop
      vertex 33.3645 -17.4675 15.9
      vertex 32.786 -15.1201 15.9
      vertex 34.0442 -14.643 15.9
    endloop
  endfacet
  facet normal 0 0 -1
    outer loop
      vertex 31.45 -17.7 15.9
      vertex 32.786 -15.1201 15.9
      vertex 33.3645 -17.4675 15.9
    endloop
  endfacet
  facet normal 0 0 -1
    outer loop
      vertex 31.45 -17.7 15.9
      vertex 31.3047 -15.3 15.9
      vertex 32.786 -15.1201 15.9
    endloop
  endfacet
  facet normal 0 0 -1
    outer loop
      vertex 31.45 -17.7 15.9
      vertex -31.2319 -15.3 15.9
      vertex 31.3047 -15.3 15.9
    endloop
  endfacet
  facet normal 0 0 -1
    outer loop
      vertex -31.45 -17.7 15.9
      vertex -31.2319 -15.3 15.9
      vertex 31.45 -17.7 15.9
    endloop
  endfacet
  facet normal 0 0 -1
    outer loop
      vertex -31.45 -17.7 15.9
      vertex -33.495 -14.8853 15.9
      vertex -31.2319 -15.3 15.9
    endloop
  endfacet
  facet normal 0 0 -1
    outer loop
      vertex -34.2868 -17.1801 15.9
      vertex -33.495 -14.8853 15.9
      vertex -31.45 -17.7 15.9
    endloop
  endfacet
  facet normal 0 0 -1
    outer loop
      vertex -35.9945 -16.2839 15.9
      vertex -33.495 -14.8853 15.9
      vertex -34.2868 -17.1801 15.9
    endloop
  endfacet
  facet normal -0 0 -1
    outer loop
      vertex -33.495 -14.8853 15.9
      vertex -35.9945 -16.2839 15.9
      vertex -34.6211 -14.2942 15.9
    endloop
  endfacet
  facet normal -0 0 -1
    outer loop
      vertex -34.6211 -14.2942 15.9
      vertex -35.9945 -16.2839 15.9
      vertex -35.6285 -13.4018 15.9
    endloop
  endfacet
  facet normal 0 0 -1
    outer loop
      vertex -37.4381 -15.005 15.9
      vertex -35.6285 -13.4018 15.9
      vertex -35.9945 -16.2839 15.9
    endloop
  endfacet
  facet normal -0 0 -1
    outer loop
      vertex -35.6285 -13.4018 15.9
      vertex -37.4381 -15.005 15.9
      vertex -36.393 -12.2942 15.9
    endloop
  endfacet
  facet normal 0 0 -1
    outer loop
      vertex -39.2175 -11.6145 15.9
      vertex -36.8701 -11.036 15.9
      vertex -38.5336 -13.4178 15.9
    endloop
  endfacet
  facet normal -0 0 -1
    outer loop
      vertex -36.393 -12.2942 15.9
      vertex -38.5336 -13.4178 15.9
      vertex -36.8701 -11.036 15.9
    endloop
  endfacet
  facet normal 0 0 -1
    outer loop
      vertex -38.5336 -13.4178 15.9
      vertex -36.393 -12.2942 15.9
      vertex -37.4381 -15.005 15.9
    endloop
  endfacet
  facet normal -0 0 -1
    outer loop
      vertex 39.2175 11.6145 15.9
      vertex 36.8701 11.036 15.9
      vertex 38.5336 13.4178 15.9
    endloop
  endfacet
  facet normal 0 0 -1
    outer loop
      vertex 36.393 12.2942 15.9
      vertex 38.5336 13.4178 15.9
      vertex 36.8701 11.036 15.9
    endloop
  endfacet
  facet normal -0 0 -1
    outer loop
      vertex 38.5336 13.4178 15.9
      vertex 36.393 12.2942 15.9
      vertex 37.4381 15.005 15.9
    endloop
  endfacet
  facet normal 0 0 -1
    outer loop
      vertex 35.6285 13.4018 15.9
      vertex 37.4381 15.005 15.9
      vertex 36.393 12.2942 15.9
    endloop
  endfacet
  facet normal -0 0 -1
    outer loop
      vertex 37.4381 15.005 15.9
      vertex 35.6285 13.4018 15.9
      vertex 35.9945 16.2839 15.9
    endloop
  endfacet
  facet normal 0 0 -1
    outer loop
      vertex 34.6211 14.2942 15.9
      vertex 35.9945 16.2839 15.9
      vertex 35.6285 13.4018 15.9
    endloop
  endfacet
  facet normal 0 0 -1
    outer loop
      vertex 33.495 14.8853 15.9
      vertex 35.9945 16.2839 15.9
      vertex 34.6211 14.2942 15.9
    endloop
  endfacet
  facet normal -0 0 -1
    outer loop
      vertex 35.9945 16.2839 15.9
      vertex 33.495 14.8853 15.9
      vertex 34.2868 17.1801 15.9
    endloop
  endfacet
  facet normal 0 0 -1
    outer loop
      vertex 33.495 14.8853 15.9
      vertex 31.45 17.7 15.9
      vertex 34.2868 17.1801 15.9
    endloop
  endfacet
  facet normal 0 0 -1
    outer loop
      vertex 31.2319 15.3 15.9
      vertex 31.45 17.7 15.9
      vertex 33.495 14.8853 15.9
    endloop
  endfacet
  facet normal 0 0 -1
    outer loop
      vertex -31.45 17.7 15.9
      vertex 31.2319 15.3 15.9
      vertex -31.3047 15.3 15.9
    endloop
  endfacet
  facet normal 0 0 -1
    outer loop
      vertex 31.2319 15.3 15.9
      vertex -31.45 17.7 15.9
      vertex 31.45 17.7 15.9
    endloop
  endfacet
  facet normal 0 0 -1
    outer loop
      vertex -32.786 15.1201 15.9
      vertex -31.45 17.7 15.9
      vertex -31.3047 15.3 15.9
    endloop
  endfacet
  facet normal 0 0 -1
    outer loop
      vertex -32.786 15.1201 15.9
      vertex -33.3645 17.4675 15.9
      vertex -31.45 17.7 15.9
    endloop
  endfacet
  facet normal 0 0 -1
    outer loop
      vertex -34.0442 14.643 15.9
      vertex -33.3645 17.4675 15.9
      vertex -32.786 15.1201 15.9
    endloop
  endfacet
  facet normal 0 0 -1
    outer loop
      vertex -35.1678 16.7836 15.9
      vertex -34.0442 14.643 15.9
      vertex -35.1518 13.8785 15.9
    endloop
  endfacet
  facet normal 0 0 -1
    outer loop
      vertex -34.0442 14.643 15.9
      vertex -35.1678 16.7836 15.9
      vertex -33.3645 17.4675 15.9
    endloop
  endfacet
  facet normal 0 0 -1
    outer loop
      vertex -36.755 15.6881 15.9
      vertex -35.1518 13.8785 15.9
      vertex -36.0442 12.8711 15.9
    endloop
  endfacet
  facet normal 0 0 -1
    outer loop
      vertex -38.0339 14.2445 15.9
      vertex -36.0442 12.8711 15.9
      vertex -36.6353 11.745 15.9
    endloop
  endfacet
  facet normal 0 0 -1
    outer loop
      vertex -35.1518 13.8785 15.9
      vertex -36.755 15.6881 15.9
      vertex -35.1678 16.7836 15.9
    endloop
  endfacet
  facet normal 0 0 -1
    outer loop
      vertex -39.45 9.7 15.9
      vertex -36.6353 11.745 15.9
      vertex -37.05 9.48187 15.9
    endloop
  endfacet
  facet normal 0 0 -1
    outer loop
      vertex -36.0442 12.8711 15.9
      vertex -38.0339 14.2445 15.9
      vertex -36.755 15.6881 15.9
    endloop
  endfacet
  facet normal -0 0 -1
    outer loop
      vertex -37.05 -9.55472 15.9
      vertex -39.45 -9.7 15.9
      vertex -37.05 9.48187 15.9
    endloop
  endfacet
  facet normal 0 0 -1
    outer loop
      vertex -39.45 -9.7 15.9
      vertex -36.8701 -11.036 15.9
      vertex -39.2175 -11.6145 15.9
    endloop
  endfacet
  facet normal -0 0 -1
    outer loop
      vertex -37.05 9.48187 15.9
      vertex -39.45 -9.7 15.9
      vertex -39.45 9.7 15.9
    endloop
  endfacet
  facet normal 0 0 -1
    outer loop
      vertex -36.8701 -11.036 15.9
      vertex -39.45 -9.7 15.9
      vertex -37.05 -9.55472 15.9
    endloop
  endfacet
  facet normal -0 0 -1
    outer loop
      vertex -36.6353 11.745 15.9
      vertex -39.45 9.7 15.9
      vertex -38.9301 12.5368 15.9
    endloop
  endfacet
  facet normal 0 0 -1
    outer loop
      vertex -36.6353 11.745 15.9
      vertex -38.9301 12.5368 15.9
      vertex -38.0339 14.2445 15.9
    endloop
  endfacet
  facet normal 0 0 -1
    outer loop
      vertex -25.6389 0.388908 15.9
      vertex -27.3611 0.388908 15.9
      vertex -25.6389 2.11109 15.9
    endloop
  endfacet
  facet normal 0 0 -1
    outer loop
      vertex -25.6389 2.11109 15.9
      vertex -27.2419 2.28952 15.9
      vertex -27.2 2.5 15.9
    endloop
  endfacet
  facet normal 0 0 -1
    outer loop
      vertex -27.3611 2.11109 15.9
      vertex -25.6389 2.11109 15.9
      vertex -27.3611 0.388908 15.9
    endloop
  endfacet
  facet normal 0 0 -1
    outer loop
      vertex -25.6389 2.11109 15.9
      vertex -27.3611 2.11109 15.9
      vertex -27.2419 2.28952 15.9
    endloop
  endfacet
  facet normal 0 0 -1
    outer loop
      vertex -27.5395 0.508133 15.9
      vertex -27.3611 2.11109 15.9
      vertex -27.3611 0.388908 15.9
    endloop
  endfacet
  facet normal 0 0 -1
    outer loop
      vertex -27.5395 0.508133 15.9
      vertex -27.5395 1.99187 15.9
      vertex -27.3611 2.11109 15.9
    endloop
  endfacet
  facet normal 0 0 -1
    outer loop
      vertex -27.75 0.549999 15.9
      vertex -27.5395 1.99187 15.9
      vertex -27.5395 0.508133 15.9
    endloop
  endfacet
  facet normal 0 0 -1
    outer loop
      vertex -27.75 0.549999 15.9
      vertex -27.75 1.95 15.9
      vertex -27.5395 1.99187 15.9
    endloop
  endfacet
  facet normal 0 0 -1
    outer loop
      vertex -27.9605 0.508133 15.9
      vertex -27.75 1.95 15.9
      vertex -27.75 0.549999 15.9
    endloop
  endfacet
  facet normal 0 0 -1
    outer loop
      vertex -27.9605 0.508133 15.9
      vertex -27.9605 1.99187 15.9
      vertex -27.75 1.95 15.9
    endloop
  endfacet
  facet normal 0 0 -1
    outer loop
      vertex -28.1389 0.388908 15.9
      vertex -27.9605 1.99187 15.9
      vertex -27.9605 0.508133 15.9
    endloop
  endfacet
  facet normal 0 0 -1
    outer loop
      vertex -28.1389 0.388908 15.9
      vertex -28.1389 2.11109 15.9
      vertex -27.9605 1.99187 15.9
    endloop
  endfacet
  facet normal 0 0 -1
    outer loop
      vertex -28.2581 0.210475 15.9
      vertex -28.1389 2.11109 15.9
      vertex -28.1389 0.388908 15.9
    endloop
  endfacet
  facet normal 0 0 -1
    outer loop
      vertex -28.2581 0.210475 15.9
      vertex -28.2581 2.28952 15.9
      vertex -28.1389 2.11109 15.9
    endloop
  endfacet
  facet normal 0 0 -1
    outer loop
      vertex -28.3 0 15.9
      vertex -28.2581 2.28952 15.9
      vertex -28.2581 0.210475 15.9
    endloop
  endfacet
  facet normal -0 0 -1
    outer loop
      vertex -28.2581 2.28952 15.9
      vertex -28.3 0 15.9
      vertex -28.3 2.5 15.9
    endloop
  endfacet
  facet normal 0 0 -1
    outer loop
      vertex -25.6389 -2.11109 15.9
      vertex -27.3611 -2.11109 15.9
      vertex -25.6389 -0.388908 15.9
    endloop
  endfacet
  facet normal 0 0 -1
    outer loop
      vertex -25.6389 -0.388908 15.9
      vertex -27.2419 -0.210475 15.9
      vertex -27.2 0 15.9
    endloop
  endfacet
  facet normal 0 0 -1
    outer loop
      vertex -27.3611 -0.388908 15.9
      vertex -25.6389 -0.388908 15.9
      vertex -27.3611 -2.11109 15.9
    endloop
  endfacet
  facet normal 0 0 -1
    outer loop
      vertex -25.6389 -0.388908 15.9
      vertex -27.3611 -0.388908 15.9
      vertex -27.2419 -0.210475 15.9
    endloop
  endfacet
  facet normal 0 0 -1
    outer loop
      vertex -27.5395 -1.99187 15.9
      vertex -27.3611 -0.388908 15.9
      vertex -27.3611 -2.11109 15.9
    endloop
  endfacet
  facet normal 0 0 -1
    outer loop
      vertex -27.5395 -1.99187 15.9
      vertex -27.5395 -0.508133 15.9
      vertex -27.3611 -0.388908 15.9
    endloop
  endfacet
  facet normal 0 0 -1
    outer loop
      vertex -27.75 -1.95 15.9
      vertex -27.5395 -0.508133 15.9
      vertex -27.5395 -1.99187 15.9
    endloop
  endfacet
  facet normal 0 0 -1
    outer loop
      vertex -27.75 -1.95 15.9
      vertex -27.75 -0.549999 15.9
      vertex -27.5395 -0.508133 15.9
    endloop
  endfacet
  facet normal 0 0 -1
    outer loop
      vertex -27.9605 -1.99187 15.9
      vertex -27.75 -0.549999 15.9
      vertex -27.75 -1.95 15.9
    endloop
  endfacet
  facet normal 0 0 -1
    outer loop
      vertex -27.9605 -1.99187 15.9
      vertex -27.9605 -0.508133 15.9
      vertex -27.75 -0.549999 15.9
    endloop
  endfacet
  facet normal 0 0 -1
    outer loop
      vertex -28.1389 -2.11109 15.9
      vertex -27.9605 -0.508133 15.9
      vertex -27.9605 -1.99187 15.9
    endloop
  endfacet
  facet normal 0 0 -1
    outer loop
      vertex -28.1389 -2.11109 15.9
      vertex -28.1389 -0.388908 15.9
      vertex -27.9605 -0.508133 15.9
    endloop
  endfacet
  facet normal 0 0 -1
    outer loop
      vertex -28.2581 -2.28952 15.9
      vertex -28.1389 -0.388908 15.9
      vertex -28.1389 -2.11109 15.9
    endloop
  endfacet
  facet normal 0 0 -1
    outer loop
      vertex -28.2581 -2.28952 15.9
      vertex -28.2581 -0.210475 15.9
      vertex -28.1389 -0.388908 15.9
    endloop
  endfacet
  facet normal 0 0 -1
    outer loop
      vertex -28.3 -2.5 15.9
      vertex -28.2581 -0.210475 15.9
      vertex -28.2581 -2.28952 15.9
    endloop
  endfacet
  facet normal -0 0 -1
    outer loop
      vertex -28.2581 -0.210475 15.9
      vertex -28.3 -2.5 15.9
      vertex -28.3 0 15.9
    endloop
  endfacet
  facet normal 0 0 -1
    outer loop
      vertex -23.1389 0.388908 15.9
      vertex -24.8611 0.388908 15.9
      vertex -23.1389 2.11109 15.9
    endloop
  endfacet
  facet normal 0 0 -1
    outer loop
      vertex -23.1389 2.11109 15.9
      vertex -24.7419 2.28952 15.9
      vertex -24.7 2.5 15.9
    endloop
  endfacet
  facet normal 0 0 -1
    outer loop
      vertex -24.8611 2.11109 15.9
      vertex -23.1389 2.11109 15.9
      vertex -24.8611 0.388908 15.9
    endloop
  endfacet
  facet normal 0 0 -1
    outer loop
      vertex -23.1389 2.11109 15.9
      vertex -24.8611 2.11109 15.9
      vertex -24.7419 2.28952 15.9
    endloop
  endfacet
  facet normal 0 0 -1
    outer loop
      vertex -25.0395 0.508133 15.9
      vertex -24.8611 2.11109 15.9
      vertex -24.8611 0.388908 15.9
    endloop
  endfacet
  facet normal 0 0 -1
    outer loop
      vertex -25.0395 0.508133 15.9
      vertex -25.0395 1.99187 15.9
      vertex -24.8611 2.11109 15.9
    endloop
  endfacet
  facet normal 0 0 -1
    outer loop
      vertex -25.25 0.549999 15.9
      vertex -25.0395 1.99187 15.9
      vertex -25.0395 0.508133 15.9
    endloop
  endfacet
  facet normal 0 0 -1
    outer loop
      vertex -25.25 0.549999 15.9
      vertex -25.25 1.95 15.9
      vertex -25.0395 1.99187 15.9
    endloop
  endfacet
  facet normal 0 0 -1
    outer loop
      vertex -25.4605 0.508133 15.9
      vertex -25.25 1.95 15.9
      vertex -25.25 0.549999 15.9
    endloop
  endfacet
  facet normal 0 0 -1
    outer loop
      vertex -25.4605 0.508133 15.9
      vertex -25.4605 1.99187 15.9
      vertex -25.25 1.95 15.9
    endloop
  endfacet
  facet normal 0 0 -1
    outer loop
      vertex -25.6389 0.388908 15.9
      vertex -25.4605 1.99187 15.9
      vertex -25.4605 0.508133 15.9
    endloop
  endfacet
  facet normal 0 0 -1
    outer loop
      vertex -25.6389 0.388908 15.9
      vertex -25.6389 2.11109 15.9
      vertex -25.4605 1.99187 15.9
    endloop
  endfacet
  facet normal 0 0 -1
    outer loop
      vertex -27.2419 0.210475 15.9
      vertex -25.7581 0.210475 15.9
      vertex -27.2 0 15.9
    endloop
  endfacet
  facet normal 0 0 -1
    outer loop
      vertex -25.7581 0.210475 15.9
      vertex -27.2419 0.210475 15.9
      vertex -25.6389 0.388908 15.9
    endloop
  endfacet
  facet normal 0 0 -1
    outer loop
      vertex -27.2 0 15.9
      vertex -25.7581 0.210475 15.9
      vertex -25.8 0 15.9
    endloop
  endfacet
  facet normal 0 0 -1
    outer loop
      vertex -27.3611 0.388908 15.9
      vertex -25.6389 0.388908 15.9
      vertex -27.2419 0.210475 15.9
    endloop
  endfacet
  facet normal 0 0 -1
    outer loop
      vertex -23.1389 -2.11109 15.9
      vertex -24.8611 -2.11109 15.9
      vertex -23.1389 -0.388908 15.9
    endloop
  endfacet
  facet normal 0 0 -1
    outer loop
      vertex -23.1389 -0.388908 15.9
      vertex -24.7419 -0.210475 15.9
      vertex -24.7 0 15.9
    endloop
  endfacet
  facet normal 0 0 -1
    outer loop
      vertex -24.8611 -0.388908 15.9
      vertex -23.1389 -0.388908 15.9
      vertex -24.8611 -2.11109 15.9
    endloop
  endfacet
  facet normal 0 0 -1
    outer loop
      vertex -23.1389 -0.388908 15.9
      vertex -24.8611 -0.388908 15.9
      vertex -24.7419 -0.210475 15.9
    endloop
  endfacet
  facet normal 0 0 -1
    outer loop
      vertex -25.0395 -1.99187 15.9
      vertex -24.8611 -0.388908 15.9
      vertex -24.8611 -2.11109 15.9
    endloop
  endfacet
  facet normal 0 0 -1
    outer loop
      vertex -25.0395 -1.99187 15.9
      vertex -25.0395 -0.508133 15.9
      vertex -24.8611 -0.388908 15.9
    endloop
  endfacet
  facet normal 0 0 -1
    outer loop
      vertex -25.25 -1.95 15.9
      vertex -25.0395 -0.508133 15.9
      vertex -25.0395 -1.99187 15.9
    endloop
  endfacet
  facet normal 0 0 -1
    outer loop
      vertex -25.25 -1.95 15.9
      vertex -25.25 -0.549999 15.9
      vertex -25.0395 -0.508133 15.9
    endloop
  endfacet
  facet normal 0 0 -1
    outer loop
      vertex -25.4605 -1.99187 15.9
      vertex -25.25 -0.549999 15.9
      vertex -25.25 -1.95 15.9
    endloop
  endfacet
  facet normal 0 0 -1
    outer loop
      vertex -25.4605 -1.99187 15.9
      vertex -25.4605 -0.508133 15.9
      vertex -25.25 -0.549999 15.9
    endloop
  endfacet
  facet normal 0 0 -1
    outer loop
      vertex -25.6389 -2.11109 15.9
      vertex -25.4605 -0.508133 15.9
      vertex -25.4605 -1.99187 15.9
    endloop
  endfacet
  facet normal 0 0 -1
    outer loop
      vertex -25.6389 -2.11109 15.9
      vertex -25.6389 -0.388908 15.9
      vertex -25.4605 -0.508133 15.9
    endloop
  endfacet
  facet normal 0 0 -1
    outer loop
      vertex -27.2419 -2.28952 15.9
      vertex -25.7581 -2.28952 15.9
      vertex -27.2 -2.5 15.9
    endloop
  endfacet
  facet normal 0 0 -1
    outer loop
      vertex -25.7581 -2.28952 15.9
      vertex -27.2419 -2.28952 15.9
      vertex -25.6389 -2.11109 15.9
    endloop
  endfacet
  facet normal 0 0 -1
    outer loop
      vertex -27.2 -2.5 15.9
      vertex -25.7581 -2.28952 15.9
      vertex -25.8 -2.5 15.9
    endloop
  endfacet
  facet normal 0 0 -1
    outer loop
      vertex -27.3611 -2.11109 15.9
      vertex -25.6389 -2.11109 15.9
      vertex -27.2419 -2.28952 15.9
    endloop
  endfacet
  facet normal 0 0 -1
    outer loop
      vertex -20.6389 0.388908 15.9
      vertex -22.3611 0.388908 15.9
      vertex -20.6389 2.11109 15.9
    endloop
  endfacet
  facet normal 0 0 -1
    outer loop
      vertex -20.6389 2.11109 15.9
      vertex -22.2419 2.28952 15.9
      vertex -22.2 2.5 15.9
    endloop
  endfacet
  facet normal 0 0 -1
    outer loop
      vertex -22.3611 2.11109 15.9
      vertex -20.6389 2.11109 15.9
      vertex -22.3611 0.388908 15.9
    endloop
  endfacet
  facet normal 0 0 -1
    outer loop
      vertex -20.6389 2.11109 15.9
      vertex -22.3611 2.11109 15.9
      vertex -22.2419 2.28952 15.9
    endloop
  endfacet
  facet normal 0 0 -1
    outer loop
      vertex -22.5395 0.508133 15.9
      vertex -22.3611 2.11109 15.9
      vertex -22.3611 0.388908 15.9
    endloop
  endfacet
  facet normal 0 0 -1
    outer loop
      vertex -22.5395 0.508133 15.9
      vertex -22.5395 1.99187 15.9
      vertex -22.3611 2.11109 15.9
    endloop
  endfacet
  facet normal 0 0 -1
    outer loop
      vertex -22.75 0.549999 15.9
      vertex -22.5395 1.99187 15.9
      vertex -22.5395 0.508133 15.9
    endloop
  endfacet
  facet normal 0 0 -1
    outer loop
      vertex -22.75 0.549999 15.9
      vertex -22.75 1.95 15.9
      vertex -22.5395 1.99187 15.9
    endloop
  endfacet
  facet normal 0 0 -1
    outer loop
      vertex -22.9605 0.508133 15.9
      vertex -22.75 1.95 15.9
      vertex -22.75 0.549999 15.9
    endloop
  endfacet
  facet normal 0 0 -1
    outer loop
      vertex -22.9605 0.508133 15.9
      vertex -22.9605 1.99187 15.9
      vertex -22.75 1.95 15.9
    endloop
  endfacet
  facet normal 0 0 -1
    outer loop
      vertex -23.1389 0.388908 15.9
      vertex -22.9605 1.99187 15.9
      vertex -22.9605 0.508133 15.9
    endloop
  endfacet
  facet normal 0 0 -1
    outer loop
      vertex -23.1389 0.388908 15.9
      vertex -23.1389 2.11109 15.9
      vertex -22.9605 1.99187 15.9
    endloop
  endfacet
  facet normal 0 0 -1
    outer loop
      vertex -24.7419 0.210475 15.9
      vertex -23.2581 0.210475 15.9
      vertex -24.7 0 15.9
    endloop
  endfacet
  facet normal 0 0 -1
    outer loop
      vertex -23.2581 0.210475 15.9
      vertex -24.7419 0.210475 15.9
      vertex -23.1389 0.388908 15.9
    endloop
  endfacet
  facet normal 0 0 -1
    outer loop
      vertex -24.7 0 15.9
      vertex -23.2581 0.210475 15.9
      vertex -23.3 0 15.9
    endloop
  endfacet
  facet normal 0 0 -1
    outer loop
      vertex -24.8611 0.388908 15.9
      vertex -23.1389 0.388908 15.9
      vertex -24.7419 0.210475 15.9
    endloop
  endfacet
  facet normal 0 0 -1
    outer loop
      vertex -20.6389 -2.11109 15.9
      vertex -22.3611 -2.11109 15.9
      vertex -20.6389 -0.388908 15.9
    endloop
  endfacet
  facet normal 0 0 -1
    outer loop
      vertex -20.6389 -0.388908 15.9
      vertex -22.2419 -0.210475 15.9
      vertex -22.2 0 15.9
    endloop
  endfacet
  facet normal 0 0 -1
    outer loop
      vertex -22.3611 -0.388908 15.9
      vertex -20.6389 -0.388908 15.9
      vertex -22.3611 -2.11109 15.9
    endloop
  endfacet
  facet normal 0 0 -1
    outer loop
      vertex -20.6389 -0.388908 15.9
      vertex -22.3611 -0.388908 15.9
      vertex -22.2419 -0.210475 15.9
    endloop
  endfacet
  facet normal 0 0 -1
    outer loop
      vertex -22.5395 -1.99187 15.9
      vertex -22.3611 -0.388908 15.9
      vertex -22.3611 -2.11109 15.9
    endloop
  endfacet
  facet normal 0 0 -1
    outer loop
      vertex -22.5395 -1.99187 15.9
      vertex -22.5395 -0.508133 15.9
      vertex -22.3611 -0.388908 15.9
    endloop
  endfacet
  facet normal 0 0 -1
    outer loop
      vertex -22.75 -1.95 15.9
      vertex -22.5395 -0.508133 15.9
      vertex -22.5395 -1.99187 15.9
    endloop
  endfacet
  facet normal 0 0 -1
    outer loop
      vertex -22.75 -1.95 15.9
      vertex -22.75 -0.549999 15.9
      vertex -22.5395 -0.508133 15.9
    endloop
  endfacet
  facet normal 0 0 -1
    outer loop
      vertex -22.9605 -1.99187 15.9
      vertex -22.75 -0.549999 15.9
      vertex -22.75 -1.95 15.9
    endloop
  endfacet
  facet normal 0 0 -1
    outer loop
      vertex -22.9605 -1.99187 15.9
      vertex -22.9605 -0.508133 15.9
      vertex -22.75 -0.549999 15.9
    endloop
  endfacet
  facet normal 0 0 -1
    outer loop
      vertex -23.1389 -2.11109 15.9
      vertex -22.9605 -0.508133 15.9
      vertex -22.9605 -1.99187 15.9
    endloop
  endfacet
  facet normal 0 0 -1
    outer loop
      vertex -23.1389 -2.11109 15.9
      vertex -23.1389 -0.388908 15.9
      vertex -22.9605 -0.508133 15.9
    endloop
  endfacet
  facet normal 0 0 -1
    outer loop
      vertex -24.7419 -2.28952 15.9
      vertex -23.2581 -2.28952 15.9
      vertex -24.7 -2.5 15.9
    endloop
  endfacet
  facet normal 0 0 -1
    outer loop
      vertex -23.2581 -2.28952 15.9
      vertex -24.7419 -2.28952 15.9
      vertex -23.1389 -2.11109 15.9
    endloop
  endfacet
  facet normal 0 0 -1
    outer loop
      vertex -24.7 -2.5 15.9
      vertex -23.2581 -2.28952 15.9
      vertex -23.3 -2.5 15.9
    endloop
  endfacet
  facet normal 0 0 -1
    outer loop
      vertex -24.8611 -2.11109 15.9
      vertex -23.1389 -2.11109 15.9
      vertex -24.7419 -2.28952 15.9
    endloop
  endfacet
  facet normal 0 0 -1
    outer loop
      vertex -19.7419 2.28952 15.9
      vertex -11.7853 0.491755 15.9
      vertex -19.7419 0.210475 15.9
    endloop
  endfacet
  facet normal 0 0 -1
    outer loop
      vertex -11.7853 0.491755 15.9
      vertex -19.7419 2.28952 15.9
      vertex -19.7 2.5 15.9
    endloop
  endfacet
  facet normal 0 0 -1
    outer loop
      vertex -19.8611 0.388908 15.9
      vertex -19.7419 2.28952 15.9
      vertex -19.7419 0.210475 15.9
    endloop
  endfacet
  facet normal 0 0 -1
    outer loop
      vertex -19.8611 0.388908 15.9
      vertex -19.8611 2.11109 15.9
      vertex -19.7419 2.28952 15.9
    endloop
  endfacet
  facet normal 0 0 -1
    outer loop
      vertex -20.0395 0.508133 15.9
      vertex -19.8611 2.11109 15.9
      vertex -19.8611 0.388908 15.9
    endloop
  endfacet
  facet normal 0 0 -1
    outer loop
      vertex -20.0395 0.508133 15.9
      vertex -20.0395 1.99187 15.9
      vertex -19.8611 2.11109 15.9
    endloop
  endfacet
  facet normal 0 0 -1
    outer loop
      vertex -20.25 0.549999 15.9
      vertex -20.0395 1.99187 15.9
      vertex -20.0395 0.508133 15.9
    endloop
  endfacet
  facet normal 0 0 -1
    outer loop
      vertex -20.25 0.549999 15.9
      vertex -20.25 1.95 15.9
      vertex -20.0395 1.99187 15.9
    endloop
  endfacet
  facet normal 0 0 -1
    outer loop
      vertex -20.4605 0.508133 15.9
      vertex -20.25 1.95 15.9
      vertex -20.25 0.549999 15.9
    endloop
  endfacet
  facet normal 0 0 -1
    outer loop
      vertex -20.4605 0.508133 15.9
      vertex -20.4605 1.99187 15.9
      vertex -20.25 1.95 15.9
    endloop
  endfacet
  facet normal 0 0 -1
    outer loop
      vertex -20.6389 0.388908 15.9
      vertex -20.4605 1.99187 15.9
      vertex -20.4605 0.508133 15.9
    endloop
  endfacet
  facet normal 0 0 -1
    outer loop
      vertex -20.6389 0.388908 15.9
      vertex -20.6389 2.11109 15.9
      vertex -20.4605 1.99187 15.9
    endloop
  endfacet
  facet normal 0 0 -1
    outer loop
      vertex -22.2419 0.210475 15.9
      vertex -20.7581 0.210475 15.9
      vertex -22.2 0 15.9
    endloop
  endfacet
  facet normal 0 0 -1
    outer loop
      vertex -20.7581 0.210475 15.9
      vertex -22.2419 0.210475 15.9
      vertex -20.6389 0.388908 15.9
    endloop
  endfacet
  facet normal 0 0 -1
    outer loop
      vertex -22.2 0 15.9
      vertex -20.7581 0.210475 15.9
      vertex -20.8 0 15.9
    endloop
  endfacet
  facet normal 0 0 -1
    outer loop
      vertex -22.3611 0.388908 15.9
      vertex -20.6389 0.388908 15.9
      vertex -22.2419 0.210475 15.9
    endloop
  endfacet
  facet normal 0 0 -1
    outer loop
      vertex -19.7419 -0.210475 15.9
      vertex -11.7853 -0.491755 15.9
      vertex -19.7419 -2.28952 15.9
    endloop
  endfacet
  facet normal 0 0 -1
    outer loop
      vertex -11.7853 -0.491755 15.9
      vertex -19.7419 -0.210475 15.9
      vertex -19.7 0 15.9
    endloop
  endfacet
  facet normal 0 0 -1
    outer loop
      vertex -19.8611 -2.11109 15.9
      vertex -19.7419 -0.210475 15.9
      vertex -19.7419 -2.28952 15.9
    endloop
  endfacet
  facet normal 0 0 -1
    outer loop
      vertex -19.8611 -2.11109 15.9
      vertex -19.8611 -0.388908 15.9
      vertex -19.7419 -0.210475 15.9
    endloop
  endfacet
  facet normal 0 0 -1
    outer loop
      vertex -20.0395 -1.99187 15.9
      vertex -19.8611 -0.388908 15.9
      vertex -19.8611 -2.11109 15.9
    endloop
  endfacet
  facet normal 0 0 -1
    outer loop
      vertex -20.0395 -1.99187 15.9
      vertex -20.0395 -0.508133 15.9
      vertex -19.8611 -0.388908 15.9
    endloop
  endfacet
  facet normal 0 0 -1
    outer loop
      vertex -20.25 -1.95 15.9
      vertex -20.0395 -0.508133 15.9
      vertex -20.0395 -1.99187 15.9
    endloop
  endfacet
  facet normal 0 0 -1
    outer loop
      vertex -20.25 -1.95 15.9
      vertex -20.25 -0.549999 15.9
      vertex -20.0395 -0.508133 15.9
    endloop
  endfacet
  facet normal 0 0 -1
    outer loop
      vertex -20.4605 -1.99187 15.9
      vertex -20.25 -0.549999 15.9
      vertex -20.25 -1.95 15.9
    endloop
  endfacet
  facet normal 0 0 -1
    outer loop
      vertex -20.4605 -1.99187 15.9
      vertex -20.4605 -0.508133 15.9
      vertex -20.25 -0.549999 15.9
    endloop
  endfacet
  facet normal 0 0 -1
    outer loop
      vertex -20.6389 -2.11109 15.9
      vertex -20.4605 -0.508133 15.9
      vertex -20.4605 -1.99187 15.9
    endloop
  endfacet
  facet normal 0 0 -1
    outer loop
      vertex -20.6389 -2.11109 15.9
      vertex -20.6389 -0.388908 15.9
      vertex -20.4605 -0.508133 15.9
    endloop
  endfacet
  facet normal 0 0 -1
    outer loop
      vertex -22.2419 -2.28952 15.9
      vertex -20.7581 -2.28952 15.9
      vertex -22.2 -2.5 15.9
    endloop
  endfacet
  facet normal 0 0 -1
    outer loop
      vertex -20.7581 -2.28952 15.9
      vertex -22.2419 -2.28952 15.9
      vertex -20.6389 -2.11109 15.9
    endloop
  endfacet
  facet normal 0 0 -1
    outer loop
      vertex -22.2 -2.5 15.9
      vertex -20.7581 -2.28952 15.9
      vertex -20.8 -2.5 15.9
    endloop
  endfacet
  facet normal 0 0 -1
    outer loop
      vertex -22.3611 -2.11109 15.9
      vertex -20.6389 -2.11109 15.9
      vertex -22.2419 -2.28952 15.9
    endloop
  endfacet
  facet normal 0 0 -1
    outer loop
      vertex -4.32648 6.27231 15.9
      vertex 31.0865 13.7 15.9
      vertex -4.32648 -6.27231 15.9
    endloop
  endfacet
  facet normal 0 0 -1
    outer loop
      vertex 31.0865 13.7 15.9
      vertex -4.32648 6.27231 15.9
      vertex -4.25 7 15.9
    endloop
  endfacet
  facet normal 0 0 -1
    outer loop
      vertex -4.55259 -5.57642 15.9
      vertex -4.32648 6.27231 15.9
      vertex -4.32648 -6.27231 15.9
    endloop
  endfacet
  facet normal 0 0 -1
    outer loop
      vertex -4.55259 -5.57642 15.9
      vertex -4.55259 5.57642 15.9
      vertex -4.32648 6.27231 15.9
    endloop
  endfacet
  facet normal 0 0 -1
    outer loop
      vertex -4.91844 -4.94275 15.9
      vertex -4.55259 5.57642 15.9
      vertex -4.55259 -5.57642 15.9
    endloop
  endfacet
  facet normal 0 0 -1
    outer loop
      vertex -4.91844 -4.94275 15.9
      vertex -4.91844 4.94275 15.9
      vertex -4.55259 5.57642 15.9
    endloop
  endfacet
  facet normal 0 0 -1
    outer loop
      vertex -5.40804 -4.39899 15.9
      vertex -4.91844 4.94275 15.9
      vertex -4.91844 -4.94275 15.9
    endloop
  endfacet
  facet normal 0 0 -1
    outer loop
      vertex -5.40804 -4.39899 15.9
      vertex -5.40804 4.39899 15.9
      vertex -4.91844 4.94275 15.9
    endloop
  endfacet
  facet normal 0 0 -1
    outer loop
      vertex -6 -3.96891 15.9
      vertex -5.40804 4.39899 15.9
      vertex -5.40804 -4.39899 15.9
    endloop
  endfacet
  facet normal 0 0 -1
    outer loop
      vertex -6 -3.96891 15.9
      vertex -6 3.96891 15.9
      vertex -5.40804 4.39899 15.9
    endloop
  endfacet
  facet normal 0 0 -1
    outer loop
      vertex -8.11474 -0.491755 15.9
      vertex -6 -3.96891 15.9
      vertex -6.66844 -3.6713 15.9
    endloop
  endfacet
  facet normal 0 0 -1
    outer loop
      vertex -6 -3.96891 15.9
      vertex -8.05 0 15.9
      vertex -6 3.96891 15.9
    endloop
  endfacet
  facet normal 0 0 -1
    outer loop
      vertex -8.30455 -0.95 15.9
      vertex -6.66844 -3.6713 15.9
      vertex -7.38415 -3.51917 15.9
    endloop
  endfacet
  facet normal 0 0 -1
    outer loop
      vertex -8.11474 0.491755 15.9
      vertex -6 3.96891 15.9
      vertex -8.05 0 15.9
    endloop
  endfacet
  facet normal 0 0 -1
    outer loop
      vertex -6 3.96891 15.9
      vertex -8.11474 0.491755 15.9
      vertex -6.66844 3.6713 15.9
    endloop
  endfacet
  facet normal 0 0 -1
    outer loop
      vertex -6 -3.96891 15.9
      vertex -8.11474 -0.491755 15.9
      vertex -8.05 0 15.9
    endloop
  endfacet
  facet normal 0 0 -1
    outer loop
      vertex -8.6065 -1.3435 15.9
      vertex -7.38415 -3.51917 15.9
      vertex -8.11585 -3.51917 15.9
    endloop
  endfacet
  facet normal 0 0 -1
    outer loop
      vertex -6.66844 -3.6713 15.9
      vertex -8.30455 -0.95 15.9
      vertex -8.11474 -0.491755 15.9
    endloop
  endfacet
  facet normal 0 0 -1
    outer loop
      vertex -7.38415 -3.51917 15.9
      vertex -8.6065 -1.3435 15.9
      vertex -8.30455 -0.95 15.9
    endloop
  endfacet
  facet normal 0 0 -1
    outer loop
      vertex -9 -1.64545 15.9
      vertex -8.11585 -3.51917 15.9
      vertex -8.83156 -3.6713 15.9
    endloop
  endfacet
  facet normal 0 0 -1
    outer loop
      vertex -8.11585 -3.51917 15.9
      vertex -9 -1.64545 15.9
      vertex -8.6065 -1.3435 15.9
    endloop
  endfacet
  facet normal 0 0 -1
    outer loop
      vertex -8.83156 -3.6713 15.9
      vertex -9.45824 -1.83526 15.9
      vertex -9 -1.64545 15.9
    endloop
  endfacet
  facet normal 0 0 -1
    outer loop
      vertex -9.5 -3.96891 15.9
      vertex -9.45824 -1.83526 15.9
      vertex -8.83156 -3.6713 15.9
    endloop
  endfacet
  facet normal 0 0 -1
    outer loop
      vertex -9.5 -3.96891 15.9
      vertex -9.95 -1.9 15.9
      vertex -9.45824 -1.83526 15.9
    endloop
  endfacet
  facet normal 0 0 -1
    outer loop
      vertex -10.4418 -1.83526 15.9
      vertex -9.5 -3.96891 15.9
      vertex -10.092 -4.39899 15.9
    endloop
  endfacet
  facet normal 0 0 -1
    outer loop
      vertex -9.5 -3.96891 15.9
      vertex -10.4418 -1.83526 15.9
      vertex -9.95 -1.9 15.9
    endloop
  endfacet
  facet normal 0 0 -1
    outer loop
      vertex -10.9 -1.64545 15.9
      vertex -10.092 -4.39899 15.9
      vertex -10.5816 -4.94275 15.9
    endloop
  endfacet
  facet normal 0 0 -1
    outer loop
      vertex -10.092 -4.39899 15.9
      vertex -10.9 -1.64545 15.9
      vertex -10.4418 -1.83526 15.9
    endloop
  endfacet
  facet normal 0 0 -1
    outer loop
      vertex -11.2935 -1.3435 15.9
      vertex -10.5816 -4.94275 15.9
      vertex -10.9474 -5.57642 15.9
    endloop
  endfacet
  facet normal 0 0 -1
    outer loop
      vertex -19.7419 -2.71047 15.9
      vertex -10.9474 -5.57642 15.9
      vertex -11.1735 -6.27231 15.9
    endloop
  endfacet
  facet normal 0 0 -1
    outer loop
      vertex -19.8611 -2.88891 15.9
      vertex -11.1735 -6.27231 15.9
      vertex -11.25 -7 15.9
    endloop
  endfacet
  facet normal 0 0 -1
    outer loop
      vertex -10.5816 -4.94275 15.9
      vertex -11.2935 -1.3435 15.9
      vertex -10.9 -1.64545 15.9
    endloop
  endfacet
  facet normal 0 0 -1
    outer loop
      vertex 31.0865 13.7 15.9
      vertex 35.45 9.45799 15.9
      vertex 35.45 -9.33652 15.9
    endloop
  endfacet
  facet normal 0 0 -1
    outer loop
      vertex 31.208 -13.7 15.9
      vertex 35.45 -9.33652 15.9
      vertex 35.1054 -11.217 15.9
    endloop
  endfacet
  facet normal 0 0 -1
    outer loop
      vertex 31.0865 13.7 15.9
      vertex 35.45 -9.33652 15.9
      vertex 31.208 -13.7 15.9
    endloop
  endfacet
  facet normal 0 0 -1
    outer loop
      vertex 34.083 -12.672 15.9
      vertex 35.1054 -11.217 15.9
      vertex 34.7178 -11.9556 15.9
    endloop
  endfacet
  facet normal 0 0 -1
    outer loop
      vertex 35.45 9.45799 15.9
      vertex 31.0865 13.7 15.9
      vertex 35.3052 10.6503 15.9
    endloop
  endfacet
  facet normal 0 0 -1
    outer loop
      vertex 35.1054 -11.217 15.9
      vertex 34.083 -12.672 15.9
      vertex 32.4003 -13.5552 15.9
    endloop
  endfacet
  facet normal -0 -0 -1
    outer loop
      vertex 32.967 13.3554 15.9
      vertex 35.3052 10.6503 15.9
      vertex 31.0865 13.7 15.9
    endloop
  endfacet
  facet normal 0 0 -1
    outer loop
      vertex 32.4003 -13.5552 15.9
      vertex 34.083 -12.672 15.9
      vertex 33.2952 -13.2158 15.9
    endloop
  endfacet
  facet normal 0 0 -1
    outer loop
      vertex 35.3052 10.6503 15.9
      vertex 32.967 13.3554 15.9
      vertex 34.9658 11.5452 15.9
    endloop
  endfacet
  facet normal 0 0 -1
    outer loop
      vertex 35.1054 -11.217 15.9
      vertex 32.4003 -13.5552 15.9
      vertex 31.208 -13.7 15.9
    endloop
  endfacet
  facet normal 0 0 -1
    outer loop
      vertex 34.9658 11.5452 15.9
      vertex 32.967 13.3554 15.9
      vertex 34.422 12.333 15.9
    endloop
  endfacet
  facet normal 0 0 -1
    outer loop
      vertex 34.422 12.333 15.9
      vertex 32.967 13.3554 15.9
      vertex 33.7056 12.9678 15.9
    endloop
  endfacet
  facet normal 0 0 -1
    outer loop
      vertex -4.32648 -6.27231 15.9
      vertex 31.208 -13.7 15.9
      vertex -4.25 -7 15.9
    endloop
  endfacet
  facet normal 0 0 -1
    outer loop
      vertex 31.208 -13.7 15.9
      vertex -4.32648 -7.72769 15.9
      vertex -4.25 -7 15.9
    endloop
  endfacet
  facet normal 0 0 -1
    outer loop
      vertex 31.208 -13.7 15.9
      vertex -4.55259 -8.42358 15.9
      vertex -4.32648 -7.72769 15.9
    endloop
  endfacet
  facet normal 0 0 -1
    outer loop
      vertex 31.208 -13.7 15.9
      vertex -4.91844 -9.05725 15.9
      vertex -4.55259 -8.42358 15.9
    endloop
  endfacet
  facet normal 0 0 -1
    outer loop
      vertex 31.208 -13.7 15.9
      vertex -5.40804 -9.60101 15.9
      vertex -4.91844 -9.05725 15.9
    endloop
  endfacet
  facet normal 0 0 -1
    outer loop
      vertex 31.208 -13.7 15.9
      vertex -6 -10.0311 15.9
      vertex -5.40804 -9.60101 15.9
    endloop
  endfacet
  facet normal 0 0 -1
    outer loop
      vertex 31.208 -13.7 15.9
      vertex -6.66844 -10.3287 15.9
      vertex -6 -10.0311 15.9
    endloop
  endfacet
  facet normal 0 0 -1
    outer loop
      vertex 31.208 -13.7 15.9
      vertex -7.38415 -10.4808 15.9
      vertex -6.66844 -10.3287 15.9
    endloop
  endfacet
  facet normal 0 0 -1
    outer loop
      vertex -31.0865 -13.7 15.9
      vertex -7.38415 -10.4808 15.9
      vertex 31.208 -13.7 15.9
    endloop
  endfacet
  facet normal 0 0 -1
    outer loop
      vertex -10.9474 -5.57642 15.9
      vertex -19.7419 -2.71047 15.9
      vertex -11.5954 -0.95 15.9
    endloop
  endfacet
  facet normal 0 0 -1
    outer loop
      vertex -10.9474 -5.57642 15.9
      vertex -11.5954 -0.95 15.9
      vertex -11.2935 -1.3435 15.9
    endloop
  endfacet
  facet normal 0 -0 -1
    outer loop
      vertex -19.7 -2.5 15.9
      vertex -11.5954 -0.95 15.9
      vertex -19.7419 -2.71047 15.9
    endloop
  endfacet
  facet normal -0 0 -1
    outer loop
      vertex -11.5954 -0.95 15.9
      vertex -19.7 -2.5 15.9
      vertex -11.7853 -0.491755 15.9
    endloop
  endfacet
  facet normal 0 0 -1
    outer loop
      vertex -20.0395 -3.00813 15.9
      vertex -11.25 -7 15.9
      vertex -11.1735 -7.72769 15.9
    endloop
  endfacet
  facet normal 0 0 -1
    outer loop
      vertex -20.0395 -3.00813 15.9
      vertex -11.1735 -7.72769 15.9
      vertex -10.9474 -8.42358 15.9
    endloop
  endfacet
  facet normal 0 0 -1
    outer loop
      vertex -31.0865 -13.7 15.9
      vertex -10.9474 -8.42358 15.9
      vertex -10.5816 -9.05725 15.9
    endloop
  endfacet
  facet normal 0 0 -1
    outer loop
      vertex -31.0865 -13.7 15.9
      vertex -10.5816 -9.05725 15.9
      vertex -10.092 -9.60101 15.9
    endloop
  endfacet
  facet normal 0 0 -1
    outer loop
      vertex -19.7419 -2.28952 15.9
      vertex -11.7853 -0.491755 15.9
      vertex -19.7 -2.5 15.9
    endloop
  endfacet
  facet normal 0 0 -1
    outer loop
      vertex -31.0865 -13.7 15.9
      vertex -10.092 -9.60101 15.9
      vertex -9.5 -10.0311 15.9
    endloop
  endfacet
  facet normal 0 0 -1
    outer loop
      vertex -11.1735 -6.27231 15.9
      vertex -19.8611 -2.88891 15.9
      vertex -19.7419 -2.71047 15.9
    endloop
  endfacet
  facet normal 0 0 -1
    outer loop
      vertex -11.25 -7 15.9
      vertex -20.0395 -3.00813 15.9
      vertex -19.8611 -2.88891 15.9
    endloop
  endfacet
  facet normal 0 0 -1
    outer loop
      vertex -10.9474 -8.42358 15.9
      vertex -20.25 -3.05 15.9
      vertex -20.0395 -3.00813 15.9
    endloop
  endfacet
  facet normal -0 0 -1
    outer loop
      vertex -10.9474 -8.42358 15.9
      vertex -31.0865 -13.7 15.9
      vertex -20.25 -3.05 15.9
    endloop
  endfacet
  facet normal 0 0 -1
    outer loop
      vertex -20.7581 -0.210475 15.9
      vertex -22.2 0 15.9
      vertex -20.8 0 15.9
    endloop
  endfacet
  facet normal 0 0 -1
    outer loop
      vertex -20.6389 -0.388908 15.9
      vertex -22.2 0 15.9
      vertex -20.7581 -0.210475 15.9
    endloop
  endfacet
  facet normal 0 0 -1
    outer loop
      vertex -20.7581 -2.71047 15.9
      vertex -22.2 -2.5 15.9
      vertex -20.8 -2.5 15.9
    endloop
  endfacet
  facet normal 0 0 -1
    outer loop
      vertex -22.2419 -2.71047 15.9
      vertex -20.7581 -2.71047 15.9
      vertex -20.6389 -2.88891 15.9
    endloop
  endfacet
  facet normal 0 0 -1
    outer loop
      vertex -22.3611 -2.88891 15.9
      vertex -20.6389 -2.88891 15.9
      vertex -20.4605 -3.00813 15.9
    endloop
  endfacet
  facet normal 0 -0 -1
    outer loop
      vertex -22.75 -3.05 15.9
      vertex -20.25 -3.05 15.9
      vertex -31.0865 -13.7 15.9
    endloop
  endfacet
  facet normal 0 0 -1
    outer loop
      vertex -20.7581 -2.71047 15.9
      vertex -22.2419 -2.71047 15.9
      vertex -22.2 -2.5 15.9
    endloop
  endfacet
  facet normal 0 0 -1
    outer loop
      vertex -20.6389 -2.88891 15.9
      vertex -22.3611 -2.88891 15.9
      vertex -22.2419 -2.71047 15.9
    endloop
  endfacet
  facet normal 0 0 -1
    outer loop
      vertex -20.4605 -3.00813 15.9
      vertex -22.5395 -3.00813 15.9
      vertex -22.3611 -2.88891 15.9
    endloop
  endfacet
  facet normal 0 0 -1
    outer loop
      vertex -20.25 -3.05 15.9
      vertex -22.75 -3.05 15.9
      vertex -20.4605 -3.00813 15.9
    endloop
  endfacet
  facet normal -0 0 -1
    outer loop
      vertex -20.4605 -3.00813 15.9
      vertex -22.75 -3.05 15.9
      vertex -22.5395 -3.00813 15.9
    endloop
  endfacet
  facet normal 0 0 -1
    outer loop
      vertex -23.2581 -0.210475 15.9
      vertex -24.7 0 15.9
      vertex -23.3 0 15.9
    endloop
  endfacet
  facet normal 0 0 -1
    outer loop
      vertex -23.1389 -0.388908 15.9
      vertex -24.7 0 15.9
      vertex -23.2581 -0.210475 15.9
    endloop
  endfacet
  facet normal 0 0 -1
    outer loop
      vertex -23.2581 -2.71047 15.9
      vertex -24.7 -2.5 15.9
      vertex -23.3 -2.5 15.9
    endloop
  endfacet
  facet normal 0 0 -1
    outer loop
      vertex -24.7419 -2.71047 15.9
      vertex -23.2581 -2.71047 15.9
      vertex -23.1389 -2.88891 15.9
    endloop
  endfacet
  facet normal 0 0 -1
    outer loop
      vertex -24.8611 -2.88891 15.9
      vertex -23.1389 -2.88891 15.9
      vertex -22.9605 -3.00813 15.9
    endloop
  endfacet
  facet normal 0 -0 -1
    outer loop
      vertex -25.25 -3.05 15.9
      vertex -22.75 -3.05 15.9
      vertex -31.0865 -13.7 15.9
    endloop
  endfacet
  facet normal 0 0 -1
    outer loop
      vertex -23.2581 -2.71047 15.9
      vertex -24.7419 -2.71047 15.9
      vertex -24.7 -2.5 15.9
    endloop
  endfacet
  facet normal 0 0 -1
    outer loop
      vertex -23.1389 -2.88891 15.9
      vertex -24.8611 -2.88891 15.9
      vertex -24.7419 -2.71047 15.9
    endloop
  endfacet
  facet normal 0 0 -1
    outer loop
      vertex -22.9605 -3.00813 15.9
      vertex -25.0395 -3.00813 15.9
      vertex -24.8611 -2.88891 15.9
    endloop
  endfacet
  facet normal 0 0 -1
    outer loop
      vertex -22.75 -3.05 15.9
      vertex -25.25 -3.05 15.9
      vertex -22.9605 -3.00813 15.9
    endloop
  endfacet
  facet normal 0 0 -1
    outer loop
      vertex -31.0865 -13.7 15.9
      vertex -9.5 -10.0311 15.9
      vertex -8.83156 -10.3287 15.9
    endloop
  endfacet
  facet normal -0 0 -1
    outer loop
      vertex -22.9605 -3.00813 15.9
      vertex -25.25 -3.05 15.9
      vertex -25.0395 -3.00813 15.9
    endloop
  endfacet
  facet normal 0 0 -1
    outer loop
      vertex -25.7581 -0.210475 15.9
      vertex -27.2 0 15.9
      vertex -25.8 0 15.9
    endloop
  endfacet
  facet normal 0 0 -1
    outer loop
      vertex -25.6389 -0.388908 15.9
      vertex -27.2 0 15.9
      vertex -25.7581 -0.210475 15.9
    endloop
  endfacet
  facet normal 0 0 -1
    outer loop
      vertex -25.7581 -2.71047 15.9
      vertex -27.2 -2.5 15.9
      vertex -25.8 -2.5 15.9
    endloop
  endfacet
  facet normal 0 0 -1
    outer loop
      vertex -27.2419 -2.71047 15.9
      vertex -25.7581 -2.71047 15.9
      vertex -25.6389 -2.88891 15.9
    endloop
  endfacet
  facet normal 0 0 -1
    outer loop
      vertex -27.3611 -2.88891 15.9
      vertex -25.6389 -2.88891 15.9
      vertex -25.4605 -3.00813 15.9
    endloop
  endfacet
  facet normal 0 -0 -1
    outer loop
      vertex -27.75 -3.05 15.9
      vertex -25.25 -3.05 15.9
      vertex -31.0865 -13.7 15.9
    endloop
  endfacet
  facet normal 0 0 -1
    outer loop
      vertex -25.7581 -2.71047 15.9
      vertex -27.2419 -2.71047 15.9
      vertex -27.2 -2.5 15.9
    endloop
  endfacet
  facet normal 0 0 -1
    outer loop
      vertex -25.6389 -2.88891 15.9
      vertex -27.3611 -2.88891 15.9
      vertex -27.2419 -2.71047 15.9
    endloop
  endfacet
  facet normal 0 0 -1
    outer loop
      vertex -25.25 -3.05 15.9
      vertex -27.75 -3.05 15.9
      vertex -25.4605 -3.00813 15.9
    endloop
  endfacet
  facet normal 0 0 -1
    outer loop
      vertex -25.4605 -3.00813 15.9
      vertex -27.5395 -3.00813 15.9
      vertex -27.3611 -2.88891 15.9
    endloop
  endfacet
  facet normal -0 0 -1
    outer loop
      vertex -25.4605 -3.00813 15.9
      vertex -27.75 -3.05 15.9
      vertex -27.5395 -3.00813 15.9
    endloop
  endfacet
  facet normal 0 0 -1
    outer loop
      vertex -35.45 -9.45799 15.9
      vertex -28.3 0 15.9
      vertex -28.3 -2.5 15.9
    endloop
  endfacet
  facet normal -0 0 -1
    outer loop
      vertex -28.2581 -2.71047 15.9
      vertex -35.45 -9.45799 15.9
      vertex -28.3 -2.5 15.9
    endloop
  endfacet
  facet normal -0 0 -1
    outer loop
      vertex -28.1389 -2.88891 15.9
      vertex -35.45 -9.45799 15.9
      vertex -28.2581 -2.71047 15.9
    endloop
  endfacet
  facet normal -0 0 -1
    outer loop
      vertex -27.9605 -3.00813 15.9
      vertex -35.45 -9.45799 15.9
      vertex -28.1389 -2.88891 15.9
    endloop
  endfacet
  facet normal 0 0 -1
    outer loop
      vertex -35.45 -9.45799 15.9
      vertex -27.9605 -3.00813 15.9
      vertex -31.0865 -13.7 15.9
    endloop
  endfacet
  facet normal -0 0 -1
    outer loop
      vertex -27.75 -3.05 15.9
      vertex -31.0865 -13.7 15.9
      vertex -27.9605 -3.00813 15.9
    endloop
  endfacet
  facet normal -0 0 -1
    outer loop
      vertex -8.11585 -10.4808 15.9
      vertex -31.0865 -13.7 15.9
      vertex -8.83156 -10.3287 15.9
    endloop
  endfacet
  facet normal -0 0 -1
    outer loop
      vertex -7.38415 -10.4808 15.9
      vertex -31.0865 -13.7 15.9
      vertex -8.11585 -10.4808 15.9
    endloop
  endfacet
  facet normal 0 0 -1
    outer loop
      vertex 31.208 -13.7 15.9
      vertex -4.32648 -6.27231 15.9
      vertex 31.0865 13.7 15.9
    endloop
  endfacet
  facet normal 0 0 -1
    outer loop
      vertex -4.32648 7.72769 15.9
      vertex 31.0865 13.7 15.9
      vertex -4.25 7 15.9
    endloop
  endfacet
  facet normal 0 0 -1
    outer loop
      vertex -4.55259 8.42358 15.9
      vertex 31.0865 13.7 15.9
      vertex -4.32648 7.72769 15.9
    endloop
  endfacet
  facet normal 0 0 -1
    outer loop
      vertex -4.91844 9.05725 15.9
      vertex 31.0865 13.7 15.9
      vertex -4.55259 8.42358 15.9
    endloop
  endfacet
  facet normal 0 0 -1
    outer loop
      vertex -5.40804 9.60101 15.9
      vertex 31.0865 13.7 15.9
      vertex -4.91844 9.05725 15.9
    endloop
  endfacet
  facet normal 0 0 -1
    outer loop
      vertex -6 10.0311 15.9
      vertex 31.0865 13.7 15.9
      vertex -5.40804 9.60101 15.9
    endloop
  endfacet
  facet normal 0 0 -1
    outer loop
      vertex -6.66844 10.3287 15.9
      vertex 31.0865 13.7 15.9
      vertex -6 10.0311 15.9
    endloop
  endfacet
  facet normal 0 0 -1
    outer loop
      vertex -7.38415 10.4808 15.9
      vertex 31.0865 13.7 15.9
      vertex -6.66844 10.3287 15.9
    endloop
  endfacet
  facet normal 0 0 -1
    outer loop
      vertex -31.208 13.7 15.9
      vertex -7.38415 10.4808 15.9
      vertex -8.11585 10.4808 15.9
    endloop
  endfacet
  facet normal -0 0 -1
    outer loop
      vertex -10.9474 5.57642 15.9
      vertex -19.7419 2.71047 15.9
      vertex -11.1735 6.27231 15.9
    endloop
  endfacet
  facet normal 0 0 -1
    outer loop
      vertex -19.7 2.5 15.9
      vertex -11.5954 0.95 15.9
      vertex -11.7853 0.491755 15.9
    endloop
  endfacet
  facet normal 0 0 -1
    outer loop
      vertex -19.7 0 15.9
      vertex -11.7853 0.491755 15.9
      vertex -11.85 0 15.9
    endloop
  endfacet
  facet normal 0 0 -1
    outer loop
      vertex -11.7853 -0.491755 15.9
      vertex -19.7 0 15.9
      vertex -11.85 0 15.9
    endloop
  endfacet
  facet normal 0 0 -1
    outer loop
      vertex -19.7419 0.210475 15.9
      vertex -11.7853 0.491755 15.9
      vertex -19.7 0 15.9
    endloop
  endfacet
  facet normal 0 0 -1
    outer loop
      vertex -11.5954 0.95 15.9
      vertex -19.7 2.5 15.9
      vertex -19.7419 2.71047 15.9
    endloop
  endfacet
  facet normal 0 0 -1
    outer loop
      vertex -19.8611 2.88891 15.9
      vertex -11.1735 6.27231 15.9
      vertex -19.7419 2.71047 15.9
    endloop
  endfacet
  facet normal -0 0 -1
    outer loop
      vertex -11.1735 6.27231 15.9
      vertex -19.8611 2.88891 15.9
      vertex -11.25 7 15.9
    endloop
  endfacet
  facet normal 0 0 -1
    outer loop
      vertex -20.0395 3.00813 15.9
      vertex -11.25 7 15.9
      vertex -19.8611 2.88891 15.9
    endloop
  endfacet
  facet normal -0 0 -1
    outer loop
      vertex -11.25 7 15.9
      vertex -20.0395 3.00813 15.9
      vertex -11.1735 7.72769 15.9
    endloop
  endfacet
  facet normal -0 0 -1
    outer loop
      vertex -11.1735 7.72769 15.9
      vertex -20.0395 3.00813 15.9
      vertex -10.9474 8.42358 15.9
    endloop
  endfacet
  facet normal 0 0 -1
    outer loop
      vertex -20.25 3.05 15.9
      vertex -10.9474 8.42358 15.9
      vertex -20.0395 3.00813 15.9
    endloop
  endfacet
  facet normal 0 0 -1
    outer loop
      vertex -31.208 13.7 15.9
      vertex -10.9474 8.42358 15.9
      vertex -20.25 3.05 15.9
    endloop
  endfacet
  facet normal 0 0 -1
    outer loop
      vertex -10.9474 8.42358 15.9
      vertex -31.208 13.7 15.9
      vertex -10.5816 9.05725 15.9
    endloop
  endfacet
  facet normal 0 0 -1
    outer loop
      vertex -10.5816 9.05725 15.9
      vertex -31.208 13.7 15.9
      vertex -10.092 9.60101 15.9
    endloop
  endfacet
  facet normal 0 0 -1
    outer loop
      vertex -22.75 3.05 15.9
      vertex -20.25 3.05 15.9
      vertex -20.4605 3.00813 15.9
    endloop
  endfacet
  facet normal 0 0 -1
    outer loop
      vertex -20.6389 2.11109 15.9
      vertex -22.2 2.5 15.9
      vertex -20.7581 2.28952 15.9
    endloop
  endfacet
  facet normal 0 0 -1
    outer loop
      vertex -20.7581 2.28952 15.9
      vertex -22.2 2.5 15.9
      vertex -20.8 2.5 15.9
    endloop
  endfacet
  facet normal 0 0 -1
    outer loop
      vertex -20.8 2.5 15.9
      vertex -22.2 2.5 15.9
      vertex -20.7581 2.71047 15.9
    endloop
  endfacet
  facet normal 0 0 -1
    outer loop
      vertex -22.2419 2.71047 15.9
      vertex -20.7581 2.71047 15.9
      vertex -22.2 2.5 15.9
    endloop
  endfacet
  facet normal 0 0 -1
    outer loop
      vertex -20.7581 2.71047 15.9
      vertex -22.2419 2.71047 15.9
      vertex -20.6389 2.88891 15.9
    endloop
  endfacet
  facet normal 0 0 -1
    outer loop
      vertex -22.3611 2.88891 15.9
      vertex -20.6389 2.88891 15.9
      vertex -22.2419 2.71047 15.9
    endloop
  endfacet
  facet normal 0 0 -1
    outer loop
      vertex -20.6389 2.88891 15.9
      vertex -22.3611 2.88891 15.9
      vertex -20.4605 3.00813 15.9
    endloop
  endfacet
  facet normal 0 0 -1
    outer loop
      vertex -22.5395 3.00813 15.9
      vertex -20.4605 3.00813 15.9
      vertex -22.3611 2.88891 15.9
    endloop
  endfacet
  facet normal 0 0 -1
    outer loop
      vertex -22.75 3.05 15.9
      vertex -20.4605 3.00813 15.9
      vertex -22.5395 3.00813 15.9
    endloop
  endfacet
  facet normal 0 0 -1
    outer loop
      vertex -20.25 3.05 15.9
      vertex -22.75 3.05 15.9
      vertex -31.208 13.7 15.9
    endloop
  endfacet
  facet normal 0 0 -1
    outer loop
      vertex -25.25 3.05 15.9
      vertex -22.75 3.05 15.9
      vertex -22.9605 3.00813 15.9
    endloop
  endfacet
  facet normal 0 0 -1
    outer loop
      vertex -23.1389 2.11109 15.9
      vertex -24.7 2.5 15.9
      vertex -23.2581 2.28952 15.9
    endloop
  endfacet
  facet normal 0 0 -1
    outer loop
      vertex -23.2581 2.28952 15.9
      vertex -24.7 2.5 15.9
      vertex -23.3 2.5 15.9
    endloop
  endfacet
  facet normal 0 0 -1
    outer loop
      vertex -23.3 2.5 15.9
      vertex -24.7 2.5 15.9
      vertex -23.2581 2.71047 15.9
    endloop
  endfacet
  facet normal 0 0 -1
    outer loop
      vertex -24.7419 2.71047 15.9
      vertex -23.2581 2.71047 15.9
      vertex -24.7 2.5 15.9
    endloop
  endfacet
  facet normal 0 0 -1
    outer loop
      vertex -23.2581 2.71047 15.9
      vertex -24.7419 2.71047 15.9
      vertex -23.1389 2.88891 15.9
    endloop
  endfacet
  facet normal 0 0 -1
    outer loop
      vertex -24.8611 2.88891 15.9
      vertex -23.1389 2.88891 15.9
      vertex -24.7419 2.71047 15.9
    endloop
  endfacet
  facet normal 0 0 -1
    outer loop
      vertex -23.1389 2.88891 15.9
      vertex -24.8611 2.88891 15.9
      vertex -22.9605 3.00813 15.9
    endloop
  endfacet
  facet normal 0 0 -1
    outer loop
      vertex -25.0395 3.00813 15.9
      vertex -22.9605 3.00813 15.9
      vertex -24.8611 2.88891 15.9
    endloop
  endfacet
  facet normal 0 0 -1
    outer loop
      vertex -25.25 3.05 15.9
      vertex -22.9605 3.00813 15.9
      vertex -25.0395 3.00813 15.9
    endloop
  endfacet
  facet normal 0 0 -1
    outer loop
      vertex -22.75 3.05 15.9
      vertex -25.25 3.05 15.9
      vertex -31.208 13.7 15.9
    endloop
  endfacet
  facet normal 0 0 -1
    outer loop
      vertex -10.092 9.60101 15.9
      vertex -31.208 13.7 15.9
      vertex -9.5 10.0311 15.9
    endloop
  endfacet
  facet normal 0 0 -1
    outer loop
      vertex -27.75 3.05 15.9
      vertex -25.25 3.05 15.9
      vertex -25.4605 3.00813 15.9
    endloop
  endfacet
  facet normal 0 0 -1
    outer loop
      vertex -25.6389 2.11109 15.9
      vertex -27.2 2.5 15.9
      vertex -25.7581 2.28952 15.9
    endloop
  endfacet
  facet normal 0 0 -1
    outer loop
      vertex -25.7581 2.28952 15.9
      vertex -27.2 2.5 15.9
      vertex -25.8 2.5 15.9
    endloop
  endfacet
  facet normal 0 0 -1
    outer loop
      vertex -25.8 2.5 15.9
      vertex -27.2 2.5 15.9
      vertex -25.7581 2.71047 15.9
    endloop
  endfacet
  facet normal 0 0 -1
    outer loop
      vertex -27.2419 2.71047 15.9
      vertex -25.7581 2.71047 15.9
      vertex -27.2 2.5 15.9
    endloop
  endfacet
  facet normal 0 0 -1
    outer loop
      vertex -25.7581 2.71047 15.9
      vertex -27.2419 2.71047 15.9
      vertex -25.6389 2.88891 15.9
    endloop
  endfacet
  facet normal 0 0 -1
    outer loop
      vertex -27.3611 2.88891 15.9
      vertex -25.6389 2.88891 15.9
      vertex -27.2419 2.71047 15.9
    endloop
  endfacet
  facet normal 0 0 -1
    outer loop
      vertex -25.6389 2.88891 15.9
      vertex -27.3611 2.88891 15.9
      vertex -25.4605 3.00813 15.9
    endloop
  endfacet
  facet normal 0 0 -1
    outer loop
      vertex -27.5395 3.00813 15.9
      vertex -25.4605 3.00813 15.9
      vertex -27.3611 2.88891 15.9
    endloop
  endfacet
  facet normal 0 0 -1
    outer loop
      vertex -27.75 3.05 15.9
      vertex -25.4605 3.00813 15.9
      vertex -27.5395 3.00813 15.9
    endloop
  endfacet
  facet normal 0 0 -1
    outer loop
      vertex -25.25 3.05 15.9
      vertex -27.75 3.05 15.9
      vertex -31.208 13.7 15.9
    endloop
  endfacet
  facet normal 0 0 -1
    outer loop
      vertex -31.208 13.7 15.9
      vertex -27.75 3.05 15.9
      vertex -27.9605 3.00813 15.9
    endloop
  endfacet
  facet normal 0 0 -1
    outer loop
      vertex -7.38415 10.4808 15.9
      vertex -31.208 13.7 15.9
      vertex 31.0865 13.7 15.9
    endloop
  endfacet
  facet normal 0 0 -1
    outer loop
      vertex -8.83156 10.3287 15.9
      vertex -31.208 13.7 15.9
      vertex -8.11585 10.4808 15.9
    endloop
  endfacet
  facet normal 0 0 -1
    outer loop
      vertex -9.5 10.0311 15.9
      vertex -31.208 13.7 15.9
      vertex -8.83156 10.3287 15.9
    endloop
  endfacet
  facet normal 0 0 -1
    outer loop
      vertex -35.45 9.33652 15.9
      vertex -27.9605 3.00813 15.9
      vertex -28.1389 2.88891 15.9
    endloop
  endfacet
  facet normal 0 0 -1
    outer loop
      vertex -35.45 9.33652 15.9
      vertex -28.1389 2.88891 15.9
      vertex -28.2581 2.71047 15.9
    endloop
  endfacet
  facet normal 0 0 -1
    outer loop
      vertex -35.45 9.33652 15.9
      vertex -28.2581 2.71047 15.9
      vertex -28.3 2.5 15.9
    endloop
  endfacet
  facet normal 0 0 -1
    outer loop
      vertex -35.45 9.33652 15.9
      vertex -28.3 0 15.9
      vertex -35.45 -9.45799 15.9
    endloop
  endfacet
  facet normal 0 0 -1
    outer loop
      vertex -27.9605 3.00813 15.9
      vertex -35.45 9.33652 15.9
      vertex -31.208 13.7 15.9
    endloop
  endfacet
  facet normal 0 0 -1
    outer loop
      vertex -35.45 -9.45799 15.9
      vertex -31.0865 -13.7 15.9
      vertex -32.967 -13.3554 15.9
    endloop
  endfacet
  facet normal 0 0 -1
    outer loop
      vertex -28.3 0 15.9
      vertex -35.45 9.33652 15.9
      vertex -28.3 2.5 15.9
    endloop
  endfacet
  facet normal 0 0 -1
    outer loop
      vertex -34.422 -12.333 15.9
      vertex -32.967 -13.3554 15.9
      vertex -33.7056 -12.9678 15.9
    endloop
  endfacet
  facet normal 0 0 -1
    outer loop
      vertex -31.208 13.7 15.9
      vertex -35.45 9.33652 15.9
      vertex -32.4003 13.5552 15.9
    endloop
  endfacet
  facet normal 0 0 -1
    outer loop
      vertex -32.967 -13.3554 15.9
      vertex -34.422 -12.333 15.9
      vertex -35.3052 -10.6503 15.9
    endloop
  endfacet
  facet normal 0 -0 -1
    outer loop
      vertex -35.1054 11.217 15.9
      vertex -32.4003 13.5552 15.9
      vertex -35.45 9.33652 15.9
    endloop
  endfacet
  facet normal 0 0 -1
    outer loop
      vertex -35.3052 -10.6503 15.9
      vertex -34.422 -12.333 15.9
      vertex -34.9658 -11.5452 15.9
    endloop
  endfacet
  facet normal 0 0 -1
    outer loop
      vertex -32.4003 13.5552 15.9
      vertex -35.1054 11.217 15.9
      vertex -33.2952 13.2158 15.9
    endloop
  endfacet
  facet normal 0 0 -1
    outer loop
      vertex -32.967 -13.3554 15.9
      vertex -35.3052 -10.6503 15.9
      vertex -35.45 -9.45799 15.9
    endloop
  endfacet
  facet normal 0 0 -1
    outer loop
      vertex -33.2952 13.2158 15.9
      vertex -35.1054 11.217 15.9
      vertex -34.083 12.672 15.9
    endloop
  endfacet
  facet normal 0 0 -1
    outer loop
      vertex -34.083 12.672 15.9
      vertex -35.1054 11.217 15.9
      vertex -34.7178 11.9556 15.9
    endloop
  endfacet
  facet normal 0 0 -1
    outer loop
      vertex -8.30455 0.95 15.9
      vertex -6.66844 3.6713 15.9
      vertex -8.11474 0.491755 15.9
    endloop
  endfacet
  facet normal 0 0 -1
    outer loop
      vertex -6.66844 3.6713 15.9
      vertex -8.30455 0.95 15.9
      vertex -7.38415 3.51917 15.9
    endloop
  endfacet
  facet normal 0 0 -1
    outer loop
      vertex -8.6065 1.3435 15.9
      vertex -7.38415 3.51917 15.9
      vertex -8.30455 0.95 15.9
    endloop
  endfacet
  facet normal -0 0 -1
    outer loop
      vertex -7.38415 3.51917 15.9
      vertex -8.6065 1.3435 15.9
      vertex -8.11585 3.51917 15.9
    endloop
  endfacet
  facet normal 0 0 -1
    outer loop
      vertex -9 1.64545 15.9
      vertex -8.11585 3.51917 15.9
      vertex -8.6065 1.3435 15.9
    endloop
  endfacet
  facet normal -0 0 -1
    outer loop
      vertex -8.11585 3.51917 15.9
      vertex -9 1.64545 15.9
      vertex -8.83156 3.6713 15.9
    endloop
  endfacet
  facet normal 0 0 -1
    outer loop
      vertex -9.45824 1.83526 15.9
      vertex -8.83156 3.6713 15.9
      vertex -9 1.64545 15.9
    endloop
  endfacet
  facet normal 0 0 -1
    outer loop
      vertex -9.45824 1.83526 15.9
      vertex -9.5 3.96891 15.9
      vertex -8.83156 3.6713 15.9
    endloop
  endfacet
  facet normal 0 0 -1
    outer loop
      vertex -9.95 1.9 15.9
      vertex -9.5 3.96891 15.9
      vertex -9.45824 1.83526 15.9
    endloop
  endfacet
  facet normal 0 0 -1
    outer loop
      vertex -10.4418 1.83526 15.9
      vertex -9.5 3.96891 15.9
      vertex -9.95 1.9 15.9
    endloop
  endfacet
  facet normal -0 0 -1
    outer loop
      vertex -9.5 3.96891 15.9
      vertex -10.4418 1.83526 15.9
      vertex -10.092 4.39899 15.9
    endloop
  endfacet
  facet normal 0 0 -1
    outer loop
      vertex -10.9 1.64545 15.9
      vertex -10.092 4.39899 15.9
      vertex -10.4418 1.83526 15.9
    endloop
  endfacet
  facet normal -0 0 -1
    outer loop
      vertex -10.092 4.39899 15.9
      vertex -10.9 1.64545 15.9
      vertex -10.5816 4.94275 15.9
    endloop
  endfacet
  facet normal 0 0 -1
    outer loop
      vertex -11.2935 1.3435 15.9
      vertex -10.5816 4.94275 15.9
      vertex -10.9 1.64545 15.9
    endloop
  endfacet
  facet normal -0 0 -1
    outer loop
      vertex -10.5816 4.94275 15.9
      vertex -11.2935 1.3435 15.9
      vertex -10.9474 5.57642 15.9
    endloop
  endfacet
  facet normal 0 0 -1
    outer loop
      vertex -11.5954 0.95 15.9
      vertex -10.9474 5.57642 15.9
      vertex -11.2935 1.3435 15.9
    endloop
  endfacet
  facet normal 0 0 -1
    outer loop
      vertex -19.7419 2.71047 15.9
      vertex -10.9474 5.57642 15.9
      vertex -11.5954 0.95 15.9
    endloop
  endfacet
  facet normal -0.99452 -0.104551 0
    outer loop
      vertex -11.1735 -7.72769 11.7
      vertex -11.25 -7 15.9
      vertex -11.25 -7 11.7
    endloop
  endfacet
  facet normal -0.99452 -0.104551 0
    outer loop
      vertex -11.25 -7 15.9
      vertex -11.1735 -7.72769 11.7
      vertex -11.1735 -7.72769 15.9
    endloop
  endfacet
  facet normal -0.866055 0.499949 0
    outer loop
      vertex -10.9474 -5.57642 11.7
      vertex -10.5816 -4.94275 15.9
      vertex -10.5816 -4.94275 11.7
    endloop
  endfacet
  facet normal -0.866055 0.499949 0
    outer loop
      vertex -10.5816 -4.94275 15.9
      vertex -10.9474 -5.57642 11.7
      vertex -10.9474 -5.57642 15.9
    endloop
  endfacet
  facet normal 0.951056 0.309019 0
    outer loop
      vertex -4.32648 7.72769 15.9
      vertex -4.55259 8.42358 11.7
      vertex -4.55259 8.42358 15.9
    endloop
  endfacet
  facet normal 0.951056 0.309019 0
    outer loop
      vertex -4.55259 8.42358 11.7
      vertex -4.32648 7.72769 15.9
      vertex -4.32648 7.72769 11.7
    endloop
  endfacet
  facet normal 0.994522 0.104524 0
    outer loop
      vertex -4.25 7 15.9
      vertex -4.32648 7.72769 11.7
      vertex -4.32648 7.72769 15.9
    endloop
  endfacet
  facet normal 0.994522 0.104524 0
    outer loop
      vertex -4.32648 7.72769 11.7
      vertex -4.25 7 15.9
      vertex -4.25 7 11.7
    endloop
  endfacet
  facet normal 0.866025 0.5 0
    outer loop
      vertex -4.55259 8.42358 15.9
      vertex -4.91844 9.05725 11.7
      vertex -4.91844 9.05725 15.9
    endloop
  endfacet
  facet normal 0.866025 0.5 0
    outer loop
      vertex -4.91844 9.05725 11.7
      vertex -4.55259 8.42358 15.9
      vertex -4.55259 8.42358 11.7
    endloop
  endfacet
  facet normal 0.994522 -0.104524 0
    outer loop
      vertex -4.32648 6.27231 15.9
      vertex -4.25 7 11.7
      vertex -4.25 7 15.9
    endloop
  endfacet
  facet normal 0.994522 -0.104524 0
    outer loop
      vertex -4.25 7 11.7
      vertex -4.32648 6.27231 15.9
      vertex -4.32648 6.27231 11.7
    endloop
  endfacet
  facet normal 0.587791 0.809013 -0
    outer loop
      vertex -5.40804 9.60101 11.7
      vertex -6 10.0311 15.9
      vertex -5.40804 9.60101 15.9
    endloop
  endfacet
  facet normal 0.587791 0.809013 0
    outer loop
      vertex -6 10.0311 15.9
      vertex -5.40804 9.60101 11.7
      vertex -6 10.0311 11.7
    endloop
  endfacet
  facet normal 0.743147 0.669128 0
    outer loop
      vertex -4.91844 9.05725 15.9
      vertex -5.40804 9.60101 11.7
      vertex -5.40804 9.60101 15.9
    endloop
  endfacet
  facet normal 0.743147 0.669128 0
    outer loop
      vertex -5.40804 9.60101 11.7
      vertex -4.91844 9.05725 15.9
      vertex -4.91844 9.05725 11.7
    endloop
  endfacet
  facet normal -0.587765 0.809032 0
    outer loop
      vertex -9.5 10.0311 11.7
      vertex -10.092 9.60101 15.9
      vertex -9.5 10.0311 15.9
    endloop
  endfacet
  facet normal -0.587765 0.809032 0
    outer loop
      vertex -10.092 9.60101 15.9
      vertex -9.5 10.0311 11.7
      vertex -10.092 9.60101 11.7
    endloop
  endfacet
  facet normal -0.587756 -0.809039 0
    outer loop
      vertex -10.092 4.39899 11.7
      vertex -9.5 3.96891 15.9
      vertex -10.092 4.39899 15.9
    endloop
  endfacet
  facet normal -0.587756 -0.809039 -0
    outer loop
      vertex -9.5 3.96891 15.9
      vertex -10.092 4.39899 11.7
      vertex -9.5 3.96891 11.7
    endloop
  endfacet
  facet normal 0 0 -1
    outer loop
      vertex -5.65 7 11.7
      vertex -4.25 7 11.7
      vertex -4.32648 6.27231 11.7
    endloop
  endfacet
  facet normal 0 0 -1
    outer loop
      vertex -5.72156 6.45648 11.7
      vertex -4.32648 6.27231 11.7
      vertex -4.55259 5.57642 11.7
    endloop
  endfacet
  facet normal 0 0 -1
    outer loop
      vertex -4.25 7 11.7
      vertex -5.65 7 11.7
      vertex -4.32648 7.72769 11.7
    endloop
  endfacet
  facet normal 0 0 -1
    outer loop
      vertex -5.93135 5.95 11.7
      vertex -4.55259 5.57642 11.7
      vertex -4.91844 4.94275 11.7
    endloop
  endfacet
  facet normal 0 0 -1
    outer loop
      vertex -5.72156 7.54352 11.7
      vertex -4.32648 7.72769 11.7
      vertex -5.65 7 11.7
    endloop
  endfacet
  facet normal 0 0 -1
    outer loop
      vertex -6.26508 5.51508 11.7
      vertex -4.91844 4.94275 11.7
      vertex -5.40804 4.39899 11.7
    endloop
  endfacet
  facet normal -0 0 -1
    outer loop
      vertex -4.32648 7.72769 11.7
      vertex -5.72156 7.54352 11.7
      vertex -4.55259 8.42358 11.7
    endloop
  endfacet
  facet normal 0 0 -1
    outer loop
      vertex -5.93135 8.05 11.7
      vertex -4.55259 8.42358 11.7
      vertex -5.72156 7.54352 11.7
    endloop
  endfacet
  facet normal 0 0 -1
    outer loop
      vertex -4.32648 6.27231 11.7
      vertex -5.72156 6.45648 11.7
      vertex -5.65 7 11.7
    endloop
  endfacet
  facet normal 0 0 -1
    outer loop
      vertex -4.55259 5.57642 11.7
      vertex -5.93135 5.95 11.7
      vertex -5.72156 6.45648 11.7
    endloop
  endfacet
  facet normal 0 0 -1
    outer loop
      vertex -6.7 5.18135 11.7
      vertex -5.40804 4.39899 11.7
      vertex -6 3.96891 11.7
    endloop
  endfacet
  facet normal 0 0 -1
    outer loop
      vertex -4.91844 4.94275 11.7
      vertex -6.26508 5.51508 11.7
      vertex -5.93135 5.95 11.7
    endloop
  endfacet
  facet normal 0 0 -1
    outer loop
      vertex -6.7 5.18135 11.7
      vertex -6 3.96891 11.7
      vertex -6.66844 3.6713 11.7
    endloop
  endfacet
  facet normal 0 0 -1
    outer loop
      vertex -5.40804 4.39899 11.7
      vertex -6.7 5.18135 11.7
      vertex -6.26508 5.51508 11.7
    endloop
  endfacet
  facet normal 0 0 -1
    outer loop
      vertex -6.66844 3.6713 11.7
      vertex -7.20648 4.97156 11.7
      vertex -6.7 5.18135 11.7
    endloop
  endfacet
  facet normal 0 0 -1
    outer loop
      vertex -7.38415 3.51917 11.7
      vertex -7.20648 4.97156 11.7
      vertex -6.66844 3.6713 11.7
    endloop
  endfacet
  facet normal 0 0 -1
    outer loop
      vertex -7.38415 3.51917 11.7
      vertex -7.75 4.9 11.7
      vertex -7.20648 4.97156 11.7
    endloop
  endfacet
  facet normal 0 0 -1
    outer loop
      vertex -8.11585 3.51917 11.7
      vertex -7.75 4.9 11.7
      vertex -7.38415 3.51917 11.7
    endloop
  endfacet
  facet normal 0 0 -1
    outer loop
      vertex -8.11585 3.51917 11.7
      vertex -8.29352 4.97156 11.7
      vertex -7.75 4.9 11.7
    endloop
  endfacet
  facet normal 0 0 -1
    outer loop
      vertex -8.83156 3.6713 11.7
      vertex -8.29352 4.97156 11.7
      vertex -8.11585 3.51917 11.7
    endloop
  endfacet
  facet normal -0 0 -1
    outer loop
      vertex -8.29352 4.97156 11.7
      vertex -8.83156 3.6713 11.7
      vertex -8.8 5.18135 11.7
    endloop
  endfacet
  facet normal 0 0 -1
    outer loop
      vertex -9.5 3.96891 11.7
      vertex -8.8 5.18135 11.7
      vertex -8.83156 3.6713 11.7
    endloop
  endfacet
  facet normal 0 0 -1
    outer loop
      vertex -10.092 4.39899 11.7
      vertex -8.8 5.18135 11.7
      vertex -9.5 3.96891 11.7
    endloop
  endfacet
  facet normal -0 0 -1
    outer loop
      vertex -8.8 5.18135 11.7
      vertex -10.092 4.39899 11.7
      vertex -9.23492 5.51508 11.7
    endloop
  endfacet
  facet normal 0 0 -1
    outer loop
      vertex -10.5816 4.94275 11.7
      vertex -9.23492 5.51508 11.7
      vertex -10.092 4.39899 11.7
    endloop
  endfacet
  facet normal -0 0 -1
    outer loop
      vertex -9.23492 5.51508 11.7
      vertex -10.5816 4.94275 11.7
      vertex -9.56865 5.95 11.7
    endloop
  endfacet
  facet normal 0 0 -1
    outer loop
      vertex -10.9474 5.57642 11.7
      vertex -9.56865 5.95 11.7
      vertex -10.5816 4.94275 11.7
    endloop
  endfacet
  facet normal -0 0 -1
    outer loop
      vertex -4.55259 8.42358 11.7
      vertex -5.93135 8.05 11.7
      vertex -4.91844 9.05725 11.7
    endloop
  endfacet
  facet normal 0 0 -1
    outer loop
      vertex -6.26508 8.48492 11.7
      vertex -4.91844 9.05725 11.7
      vertex -5.93135 8.05 11.7
    endloop
  endfacet
  facet normal -0 0 -1
    outer loop
      vertex -4.91844 9.05725 11.7
      vertex -6.26508 8.48492 11.7
      vertex -5.40804 9.60101 11.7
    endloop
  endfacet
  facet normal 0 0 -1
    outer loop
      vertex -6.7 8.81865 11.7
      vertex -5.40804 9.60101 11.7
      vertex -6.26508 8.48492 11.7
    endloop
  endfacet
  facet normal -0 0 -1
    outer loop
      vertex -5.40804 9.60101 11.7
      vertex -6.7 8.81865 11.7
      vertex -6 10.0311 11.7
    endloop
  endfacet
  facet normal -0 0 -1
    outer loop
      vertex -6 10.0311 11.7
      vertex -6.7 8.81865 11.7
      vertex -6.66844 10.3287 11.7
    endloop
  endfacet
  facet normal 0 0 -1
    outer loop
      vertex -7.20648 9.02844 11.7
      vertex -6.66844 10.3287 11.7
      vertex -6.7 8.81865 11.7
    endloop
  endfacet
  facet normal 0 0 -1
    outer loop
      vertex -7.20648 9.02844 11.7
      vertex -7.38415 10.4808 11.7
      vertex -6.66844 10.3287 11.7
    endloop
  endfacet
  facet normal 0 0 -1
    outer loop
      vertex -7.75 9.1 11.7
      vertex -7.38415 10.4808 11.7
      vertex -7.20648 9.02844 11.7
    endloop
  endfacet
  facet normal 0 0 -1
    outer loop
      vertex -7.75 9.1 11.7
      vertex -8.11585 10.4808 11.7
      vertex -7.38415 10.4808 11.7
    endloop
  endfacet
  facet normal 0 0 -1
    outer loop
      vertex -8.29352 9.02844 11.7
      vertex -8.11585 10.4808 11.7
      vertex -7.75 9.1 11.7
    endloop
  endfacet
  facet normal 0 0 -1
    outer loop
      vertex -8.83156 10.3287 11.7
      vertex -8.29352 9.02844 11.7
      vertex -8.8 8.81865 11.7
    endloop
  endfacet
  facet normal 0 0 -1
    outer loop
      vertex -8.29352 9.02844 11.7
      vertex -8.83156 10.3287 11.7
      vertex -8.11585 10.4808 11.7
    endloop
  endfacet
  facet normal 0 0 -1
    outer loop
      vertex -10.092 9.60101 11.7
      vertex -8.8 8.81865 11.7
      vertex -9.23492 8.48492 11.7
    endloop
  endfacet
  facet normal 0 0 -1
    outer loop
      vertex -8.8 8.81865 11.7
      vertex -9.5 10.0311 11.7
      vertex -8.83156 10.3287 11.7
    endloop
  endfacet
  facet normal 0 0 -1
    outer loop
      vertex -10.5816 9.05725 11.7
      vertex -9.23492 8.48492 11.7
      vertex -9.56865 8.05 11.7
    endloop
  endfacet
  facet normal 0 0 -1
    outer loop
      vertex -10.9474 8.42358 11.7
      vertex -9.56865 8.05 11.7
      vertex -9.77844 7.54352 11.7
    endloop
  endfacet
  facet normal 0 0 -1
    outer loop
      vertex -11.1735 7.72769 11.7
      vertex -9.77844 7.54352 11.7
      vertex -9.85 7 11.7
    endloop
  endfacet
  facet normal 0 0 -1
    outer loop
      vertex -8.8 8.81865 11.7
      vertex -10.092 9.60101 11.7
      vertex -9.5 10.0311 11.7
    endloop
  endfacet
  facet normal -0 0 -1
    outer loop
      vertex -9.56865 5.95 11.7
      vertex -10.9474 5.57642 11.7
      vertex -9.77844 6.45648 11.7
    endloop
  endfacet
  facet normal 0 0 -1
    outer loop
      vertex -11.1735 6.27231 11.7
      vertex -9.77844 6.45648 11.7
      vertex -10.9474 5.57642 11.7
    endloop
  endfacet
  facet normal 0 0 -1
    outer loop
      vertex -9.23492 8.48492 11.7
      vertex -10.5816 9.05725 11.7
      vertex -10.092 9.60101 11.7
    endloop
  endfacet
  facet normal -0 0 -1
    outer loop
      vertex -9.77844 6.45648 11.7
      vertex -11.1735 6.27231 11.7
      vertex -9.85 7 11.7
    endloop
  endfacet
  facet normal 0 0 -1
    outer loop
      vertex -9.56865 8.05 11.7
      vertex -10.9474 8.42358 11.7
      vertex -10.5816 9.05725 11.7
    endloop
  endfacet
  facet normal 0 0 -1
    outer loop
      vertex -11.25 7 11.7
      vertex -9.85 7 11.7
      vertex -11.1735 6.27231 11.7
    endloop
  endfacet
  facet normal 0 0 -1
    outer loop
      vertex -9.77844 7.54352 11.7
      vertex -11.1735 7.72769 11.7
      vertex -10.9474 8.42358 11.7
    endloop
  endfacet
  facet normal 0 0 -1
    outer loop
      vertex -9.85 7 11.7
      vertex -11.25 7 11.7
      vertex -11.1735 7.72769 11.7
    endloop
  endfacet
  facet normal 0.406727 0.91355 -0
    outer loop
      vertex -6 10.0311 11.7
      vertex -6.66844 10.3287 15.9
      vertex -6 10.0311 15.9
    endloop
  endfacet
  facet normal 0.406727 0.91355 0
    outer loop
      vertex -6.66844 10.3287 15.9
      vertex -6 10.0311 11.7
      vertex -6.66844 10.3287 11.7
    endloop
  endfacet
  facet normal 0.207913 -0.978147 0
    outer loop
      vertex -7.38415 3.51917 11.7
      vertex -6.66844 3.6713 15.9
      vertex -7.38415 3.51917 15.9
    endloop
  endfacet
  facet normal 0.207913 -0.978147 0
    outer loop
      vertex -6.66844 3.6713 15.9
      vertex -7.38415 3.51917 11.7
      vertex -6.66844 3.6713 11.7
    endloop
  endfacet
  facet normal -0.207874 0.978156 0
    outer loop
      vertex -8.11585 10.4808 11.7
      vertex -8.83156 10.3287 15.9
      vertex -8.11585 10.4808 15.9
    endloop
  endfacet
  facet normal -0.207874 0.978156 0
    outer loop
      vertex -8.83156 10.3287 15.9
      vertex -8.11585 10.4808 11.7
      vertex -8.83156 10.3287 11.7
    endloop
  endfacet
  facet normal -0.99452 0.104551 0
    outer loop
      vertex -11.25 7 11.7
      vertex -11.1735 7.72769 15.9
      vertex -11.1735 7.72769 11.7
    endloop
  endfacet
  facet normal -0.99452 0.104551 0
    outer loop
      vertex -11.1735 7.72769 15.9
      vertex -11.25 7 11.7
      vertex -11.25 7 15.9
    endloop
  endfacet
  facet normal 0.587782 -0.80902 0
    outer loop
      vertex -6 3.96891 11.7
      vertex -5.40804 4.39899 15.9
      vertex -6 3.96891 15.9
    endloop
  endfacet
  facet normal 0.587782 -0.80902 0
    outer loop
      vertex -5.40804 4.39899 15.9
      vertex -6 3.96891 11.7
      vertex -5.40804 4.39899 11.7
    endloop
  endfacet
  facet normal -0.866055 -0.499949 0
    outer loop
      vertex -10.5816 4.94275 11.7
      vertex -10.9474 5.57642 15.9
      vertex -10.9474 5.57642 11.7
    endloop
  endfacet
  facet normal -0.866055 -0.499949 0
    outer loop
      vertex -10.9474 5.57642 15.9
      vertex -10.5816 4.94275 11.7
      vertex -10.5816 4.94275 15.9
    endloop
  endfacet
  facet normal 0.406738 -0.913545 0
    outer loop
      vertex -6.66844 3.6713 11.7
      vertex -6 3.96891 15.9
      vertex -6.66844 3.6713 15.9
    endloop
  endfacet
  facet normal 0.406738 -0.913545 0
    outer loop
      vertex -6 3.96891 15.9
      vertex -6.66844 3.6713 11.7
      vertex -6 3.96891 11.7
    endloop
  endfacet
  facet normal -0.95106 0.309007 0
    outer loop
      vertex -11.1735 7.72769 11.7
      vertex -10.9474 8.42358 15.9
      vertex -10.9474 8.42358 11.7
    endloop
  endfacet
  facet normal -0.95106 0.309007 0
    outer loop
      vertex -10.9474 8.42358 15.9
      vertex -11.1735 7.72769 11.7
      vertex -11.1735 7.72769 15.9
    endloop
  endfacet
  facet normal 0.951056 -0.309019 0
    outer loop
      vertex -4.55259 5.57642 15.9
      vertex -4.32648 6.27231 11.7
      vertex -4.32648 6.27231 15.9
    endloop
  endfacet
  facet normal 0.951056 -0.309019 0
    outer loop
      vertex -4.32648 6.27231 11.7
      vertex -4.55259 5.57642 15.9
      vertex -4.55259 5.57642 11.7
    endloop
  endfacet
  facet normal -0.743147 0.669128 0
    outer loop
      vertex -10.5816 9.05725 11.7
      vertex -10.092 9.60101 15.9
      vertex -10.092 9.60101 11.7
    endloop
  endfacet
  facet normal -0.743147 0.669128 0
    outer loop
      vertex -10.092 9.60101 15.9
      vertex -10.5816 9.05725 11.7
      vertex -10.5816 9.05725 15.9
    endloop
  endfacet
  facet normal 0 1 -0
    outer loop
      vertex -7.38415 10.4808 11.7
      vertex -8.11585 10.4808 15.9
      vertex -7.38415 10.4808 15.9
    endloop
  endfacet
  facet normal 0 1 0
    outer loop
      vertex -8.11585 10.4808 15.9
      vertex -7.38415 10.4808 11.7
      vertex -8.11585 10.4808 11.7
    endloop
  endfacet
  facet normal 0.866025 -0.5 0
    outer loop
      vertex -4.91844 4.94275 15.9
      vertex -4.55259 5.57642 11.7
      vertex -4.55259 5.57642 15.9
    endloop
  endfacet
  facet normal 0.866025 -0.5 0
    outer loop
      vertex -4.55259 5.57642 11.7
      vertex -4.91844 4.94275 15.9
      vertex -4.91844 4.94275 11.7
    endloop
  endfacet
  facet normal 0.743147 -0.669128 0
    outer loop
      vertex -5.40804 4.39899 15.9
      vertex -4.91844 4.94275 11.7
      vertex -4.91844 4.94275 15.9
    endloop
  endfacet
  facet normal 0.743147 -0.669128 0
    outer loop
      vertex -4.91844 4.94275 11.7
      vertex -5.40804 4.39899 15.9
      vertex -5.40804 4.39899 11.7
    endloop
  endfacet
  facet normal -0.406738 -0.913545 0
    outer loop
      vertex -9.5 3.96891 11.7
      vertex -8.83156 3.6713 15.9
      vertex -9.5 3.96891 15.9
    endloop
  endfacet
  facet normal -0.406738 -0.913545 -0
    outer loop
      vertex -8.83156 3.6713 15.9
      vertex -9.5 3.96891 11.7
      vertex -8.83156 3.6713 11.7
    endloop
  endfacet
  facet normal -0.406727 0.91355 0
    outer loop
      vertex -8.83156 10.3287 11.7
      vertex -9.5 10.0311 15.9
      vertex -8.83156 10.3287 15.9
    endloop
  endfacet
  facet normal -0.406727 0.91355 0
    outer loop
      vertex -9.5 10.0311 15.9
      vertex -8.83156 10.3287 11.7
      vertex -9.5 10.0311 11.7
    endloop
  endfacet
  facet normal 0 -1 0
    outer loop
      vertex -8.11585 3.51917 11.7
      vertex -7.38415 3.51917 15.9
      vertex -8.11585 3.51917 15.9
    endloop
  endfacet
  facet normal 0 -1 -0
    outer loop
      vertex -7.38415 3.51917 15.9
      vertex -8.11585 3.51917 11.7
      vertex -7.38415 3.51917 11.7
    endloop
  endfacet
  facet normal -0.207913 -0.978147 0
    outer loop
      vertex -8.83156 3.6713 11.7
      vertex -8.11585 3.51917 15.9
      vertex -8.83156 3.6713 15.9
    endloop
  endfacet
  facet normal -0.207913 -0.978147 -0
    outer loop
      vertex -8.11585 3.51917 15.9
      vertex -8.83156 3.6713 11.7
      vertex -8.11585 3.51917 11.7
    endloop
  endfacet
  facet normal -0.95106 -0.309007 0
    outer loop
      vertex -10.9474 5.57642 11.7
      vertex -11.1735 6.27231 15.9
      vertex -11.1735 6.27231 11.7
    endloop
  endfacet
  facet normal -0.95106 -0.309007 0
    outer loop
      vertex -11.1735 6.27231 15.9
      vertex -10.9474 5.57642 11.7
      vertex -10.9474 5.57642 15.9
    endloop
  endfacet
  facet normal -0.743147 -0.669128 0
    outer loop
      vertex -10.092 4.39899 11.7
      vertex -10.5816 4.94275 15.9
      vertex -10.5816 4.94275 11.7
    endloop
  endfacet
  facet normal -0.743147 -0.669128 0
    outer loop
      vertex -10.5816 4.94275 15.9
      vertex -10.092 4.39899 11.7
      vertex -10.092 4.39899 15.9
    endloop
  endfacet
  facet normal 0.207874 0.978156 -0
    outer loop
      vertex -6.66844 10.3287 11.7
      vertex -7.38415 10.4808 15.9
      vertex -6.66844 10.3287 15.9
    endloop
  endfacet
  facet normal 0.207874 0.978156 0
    outer loop
      vertex -7.38415 10.4808 15.9
      vertex -6.66844 10.3287 11.7
      vertex -7.38415 10.4808 11.7
    endloop
  endfacet
  facet normal -0.99452 -0.104551 0
    outer loop
      vertex -11.1735 6.27231 11.7
      vertex -11.25 7 15.9
      vertex -11.25 7 11.7
    endloop
  endfacet
  facet normal -0.99452 -0.104551 0
    outer loop
      vertex -11.25 7 15.9
      vertex -11.1735 6.27231 11.7
      vertex -11.1735 6.27231 15.9
    endloop
  endfacet
  facet normal -0.866055 0.499949 0
    outer loop
      vertex -10.9474 8.42358 11.7
      vertex -10.5816 9.05725 15.9
      vertex -10.5816 9.05725 11.7
    endloop
  endfacet
  facet normal -0.866055 0.499949 0
    outer loop
      vertex -10.5816 9.05725 15.9
      vertex -10.9474 8.42358 11.7
      vertex -10.9474 8.42358 15.9
    endloop
  endfacet
  facet normal 0.568042 -0.823 0
    outer loop
      vertex 35.1678 -16.7836 15.9
      vertex 36.755 -15.6881 17.7
      vertex 35.1678 -16.7836 17.7
    endloop
  endfacet
  facet normal 0.568042 -0.823 0
    outer loop
      vertex 36.755 -15.6881 17.7
      vertex 35.1678 -16.7836 15.9
      vertex 36.755 -15.6881 15.9
    endloop
  endfacet
  facet normal 0.354604 -0.935016 0
    outer loop
      vertex 33.3645 -17.4675 15.9
      vertex 35.1678 -16.7836 17.7
      vertex 33.3645 -17.4675 17.7
    endloop
  endfacet
  facet normal 0.354604 -0.935016 0
    outer loop
      vertex 35.1678 -16.7836 17.7
      vertex 33.3645 -17.4675 15.9
      vertex 35.1678 -16.7836 15.9
    endloop
  endfacet
  facet normal -0.120556 0.992707 0
    outer loop
      vertex -31.45 17.7 15.9
      vertex -33.3645 17.4675 17.7
      vertex -31.45 17.7 17.7
    endloop
  endfacet
  facet normal -0.120556 0.992707 0
    outer loop
      vertex -33.3645 17.4675 17.7
      vertex -31.45 17.7 15.9
      vertex -33.3645 17.4675 15.9
    endloop
  endfacet
  facet normal -0.885471 0.464695 0
    outer loop
      vertex -38.9301 12.5368 15.9
      vertex -38.0339 14.2445 17.7
      vertex -38.0339 14.2445 15.9
    endloop
  endfacet
  facet normal -0.885471 0.464695 0
    outer loop
      vertex -38.0339 14.2445 17.7
      vertex -38.9301 12.5368 15.9
      vertex -38.9301 12.5368 17.7
    endloop
  endfacet
  facet normal 0.120556 -0.992707 0
    outer loop
      vertex 31.45 -17.7 15.9
      vertex 33.3645 -17.4675 17.7
      vertex 31.45 -17.7 17.7
    endloop
  endfacet
  facet normal 0.120556 -0.992707 0
    outer loop
      vertex 33.3645 -17.4675 17.7
      vertex 31.45 -17.7 15.9
      vertex 33.3645 -17.4675 15.9
    endloop
  endfacet
  facet normal -1 0 0
    outer loop
      vertex -39.45 -9.7 15.9
      vertex -39.45 9.7 17.7
      vertex -39.45 9.7 15.9
    endloop
  endfacet
  facet normal -1 -0 0
    outer loop
      vertex -39.45 9.7 17.7
      vertex -39.45 -9.7 15.9
      vertex -39.45 -9.7 17.7
    endloop
  endfacet
  facet normal 0 -1 0
    outer loop
      vertex -31.45 -17.7 15.9
      vertex 31.45 -17.7 17.7
      vertex -31.45 -17.7 17.7
    endloop
  endfacet
  facet normal 0 -1 -0
    outer loop
      vertex 31.45 -17.7 17.7
      vertex -31.45 -17.7 15.9
      vertex 31.45 -17.7 15.9
    endloop
  endfacet
  facet normal -0.464695 -0.885471 0
    outer loop
      vertex -35.9945 -16.2839 15.9
      vertex -34.2868 -17.1801 17.7
      vertex -35.9945 -16.2839 17.7
    endloop
  endfacet
  facet normal -0.464695 -0.885471 -0
    outer loop
      vertex -34.2868 -17.1801 17.7
      vertex -35.9945 -16.2839 15.9
      vertex -34.2868 -17.1801 15.9
    endloop
  endfacet
  facet normal -0.180267 -0.983618 0
    outer loop
      vertex -34.2868 -17.1801 15.9
      vertex -31.45 -17.7 17.7
      vertex -34.2868 -17.1801 17.7
    endloop
  endfacet
  facet normal -0.180267 -0.983618 -0
    outer loop
      vertex -31.45 -17.7 17.7
      vertex -34.2868 -17.1801 15.9
      vertex -31.45 -17.7 15.9
    endloop
  endfacet
  facet normal 0.180267 0.983618 -0
    outer loop
      vertex 34.2868 17.1801 15.9
      vertex 31.45 17.7 17.7
      vertex 34.2868 17.1801 17.7
    endloop
  endfacet
  facet normal 0.180267 0.983618 0
    outer loop
      vertex 31.45 17.7 17.7
      vertex 34.2868 17.1801 15.9
      vertex 31.45 17.7 15.9
    endloop
  endfacet
  facet normal -0.748515 0.663117 0
    outer loop
      vertex -38.0339 14.2445 15.9
      vertex -36.755 15.6881 17.7
      vertex -36.755 15.6881 15.9
    endloop
  endfacet
  facet normal -0.748515 0.663117 0
    outer loop
      vertex -36.755 15.6881 17.7
      vertex -38.0339 14.2445 15.9
      vertex -38.0339 14.2445 17.7
    endloop
  endfacet
  facet normal -0.663117 -0.748515 0
    outer loop
      vertex -37.4381 -15.005 15.9
      vertex -35.9945 -16.2839 17.7
      vertex -37.4381 -15.005 17.7
    endloop
  endfacet
  facet normal -0.663117 -0.748515 -0
    outer loop
      vertex -35.9945 -16.2839 17.7
      vertex -37.4381 -15.005 15.9
      vertex -35.9945 -16.2839 15.9
    endloop
  endfacet
  facet normal 0.935016 0.354604 0
    outer loop
      vertex 39.2175 11.6145 17.7
      vertex 38.5336 13.4178 15.9
      vertex 38.5336 13.4178 17.7
    endloop
  endfacet
  facet normal 0.935016 0.354604 0
    outer loop
      vertex 38.5336 13.4178 15.9
      vertex 39.2175 11.6145 17.7
      vertex 39.2175 11.6145 15.9
    endloop
  endfacet
  facet normal -0.935016 -0.354604 0
    outer loop
      vertex -38.5336 -13.4178 15.9
      vertex -39.2175 -11.6145 17.7
      vertex -39.2175 -11.6145 15.9
    endloop
  endfacet
  facet normal -0.935016 -0.354604 0
    outer loop
      vertex -39.2175 -11.6145 17.7
      vertex -38.5336 -13.4178 15.9
      vertex -38.5336 -13.4178 17.7
    endloop
  endfacet
  facet normal 0.663117 0.748515 -0
    outer loop
      vertex 37.4381 15.005 15.9
      vertex 35.9945 16.2839 17.7
      vertex 37.4381 15.005 17.7
    endloop
  endfacet
  facet normal 0.663117 0.748515 0
    outer loop
      vertex 35.9945 16.2839 17.7
      vertex 37.4381 15.005 15.9
      vertex 35.9945 16.2839 15.9
    endloop
  endfacet
  facet normal 0.992707 0.120556 0
    outer loop
      vertex 39.45 9.7 17.7
      vertex 39.2175 11.6145 15.9
      vertex 39.2175 11.6145 17.7
    endloop
  endfacet
  facet normal 0.992707 0.120556 0
    outer loop
      vertex 39.2175 11.6145 15.9
      vertex 39.45 9.7 17.7
      vertex 39.45 9.7 15.9
    endloop
  endfacet
  facet normal -0.354604 0.935016 0
    outer loop
      vertex -33.3645 17.4675 15.9
      vertex -35.1678 16.7836 17.7
      vertex -33.3645 17.4675 17.7
    endloop
  endfacet
  facet normal -0.354604 0.935016 0
    outer loop
      vertex -35.1678 16.7836 17.7
      vertex -33.3645 17.4675 15.9
      vertex -35.1678 16.7836 15.9
    endloop
  endfacet
  facet normal -0.992707 -0.120556 0
    outer loop
      vertex -39.2175 -11.6145 15.9
      vertex -39.45 -9.7 17.7
      vertex -39.45 -9.7 15.9
    endloop
  endfacet
  facet normal -0.992707 -0.120556 0
    outer loop
      vertex -39.45 -9.7 17.7
      vertex -39.2175 -11.6145 15.9
      vertex -39.2175 -11.6145 17.7
    endloop
  endfacet
  facet normal -0.568042 0.823 0
    outer loop
      vertex -35.1678 16.7836 15.9
      vertex -36.755 15.6881 17.7
      vertex -35.1678 16.7836 17.7
    endloop
  endfacet
  facet normal -0.568042 0.823 0
    outer loop
      vertex -36.755 15.6881 17.7
      vertex -35.1678 16.7836 15.9
      vertex -36.755 15.6881 15.9
    endloop
  endfacet
  facet normal 0 0 1
    outer loop
      vertex -25.6389 -0.388908 17.7
      vertex -27.3611 -0.388908 17.7
      vertex -25.6389 -2.11109 17.7
    endloop
  endfacet
  facet normal 0 0 1
    outer loop
      vertex -25.6389 -2.11109 17.7
      vertex -27.2419 -2.28952 17.7
      vertex -27.2 -2.5 17.7
    endloop
  endfacet
  facet normal 0 0 1
    outer loop
      vertex -27.3611 -2.11109 17.7
      vertex -25.6389 -2.11109 17.7
      vertex -27.3611 -0.388908 17.7
    endloop
  endfacet
  facet normal 0 0 1
    outer loop
      vertex -25.6389 -2.11109 17.7
      vertex -27.3611 -2.11109 17.7
      vertex -27.2419 -2.28952 17.7
    endloop
  endfacet
  facet normal -0 0 1
    outer loop
      vertex -27.5395 -0.508133 17.7
      vertex -27.3611 -2.11109 17.7
      vertex -27.3611 -0.388908 17.7
    endloop
  endfacet
  facet normal 0 0 1
    outer loop
      vertex -27.5395 -0.508133 17.7
      vertex -27.5395 -1.99187 17.7
      vertex -27.3611 -2.11109 17.7
    endloop
  endfacet
  facet normal -0 0 1
    outer loop
      vertex -27.75 -0.549999 17.7
      vertex -27.5395 -1.99187 17.7
      vertex -27.5395 -0.508133 17.7
    endloop
  endfacet
  facet normal 0 0 1
    outer loop
      vertex -27.75 -0.549999 17.7
      vertex -27.75 -1.95 17.7
      vertex -27.5395 -1.99187 17.7
    endloop
  endfacet
  facet normal 0 0 1
    outer loop
      vertex -27.9605 -0.508133 17.7
      vertex -27.75 -1.95 17.7
      vertex -27.75 -0.549999 17.7
    endloop
  endfacet
  facet normal 0 0 1
    outer loop
      vertex -27.9605 -0.508133 17.7
      vertex -27.9605 -1.99187 17.7
      vertex -27.75 -1.95 17.7
    endloop
  endfacet
  facet normal 0 0 1
    outer loop
      vertex -28.1389 -0.388908 17.7
      vertex -27.9605 -1.99187 17.7
      vertex -27.9605 -0.508133 17.7
    endloop
  endfacet
  facet normal 0 0 1
    outer loop
      vertex -28.1389 -0.388908 17.7
      vertex -28.1389 -2.11109 17.7
      vertex -27.9605 -1.99187 17.7
    endloop
  endfacet
  facet normal 0 0 1
    outer loop
      vertex -28.2581 -0.210475 17.7
      vertex -28.1389 -2.11109 17.7
      vertex -28.1389 -0.388908 17.7
    endloop
  endfacet
  facet normal 0 0 1
    outer loop
      vertex -28.2581 -0.210475 17.7
      vertex -28.2581 -2.28952 17.7
      vertex -28.1389 -2.11109 17.7
    endloop
  endfacet
  facet normal 0 0 1
    outer loop
      vertex -28.3 0 17.7
      vertex -28.2581 -2.28952 17.7
      vertex -28.2581 -0.210475 17.7
    endloop
  endfacet
  facet normal 0 0 1
    outer loop
      vertex -28.2581 -2.28952 17.7
      vertex -28.3 0 17.7
      vertex -28.3 -2.5 17.7
    endloop
  endfacet
  facet normal 0 0 1
    outer loop
      vertex -25.6389 2.11109 17.7
      vertex -27.3611 2.11109 17.7
      vertex -25.6389 0.388908 17.7
    endloop
  endfacet
  facet normal 0 0 1
    outer loop
      vertex -25.6389 0.388908 17.7
      vertex -27.2419 0.210475 17.7
      vertex -27.2 0 17.7
    endloop
  endfacet
  facet normal 0 0 1
    outer loop
      vertex -27.3611 0.388908 17.7
      vertex -25.6389 0.388908 17.7
      vertex -27.3611 2.11109 17.7
    endloop
  endfacet
  facet normal 0 0 1
    outer loop
      vertex -25.6389 0.388908 17.7
      vertex -27.3611 0.388908 17.7
      vertex -27.2419 0.210475 17.7
    endloop
  endfacet
  facet normal -0 0 1
    outer loop
      vertex -27.5395 1.99187 17.7
      vertex -27.3611 0.388908 17.7
      vertex -27.3611 2.11109 17.7
    endloop
  endfacet
  facet normal 0 0 1
    outer loop
      vertex -27.5395 1.99187 17.7
      vertex -27.5395 0.508133 17.7
      vertex -27.3611 0.388908 17.7
    endloop
  endfacet
  facet normal -0 0 1
    outer loop
      vertex -27.75 1.95 17.7
      vertex -27.5395 0.508133 17.7
      vertex -27.5395 1.99187 17.7
    endloop
  endfacet
  facet normal 0 0 1
    outer loop
      vertex -27.75 1.95 17.7
      vertex -27.75 0.549999 17.7
      vertex -27.5395 0.508133 17.7
    endloop
  endfacet
  facet normal 0 0 1
    outer loop
      vertex -27.9605 1.99187 17.7
      vertex -27.75 0.549999 17.7
      vertex -27.75 1.95 17.7
    endloop
  endfacet
  facet normal 0 0 1
    outer loop
      vertex -27.9605 1.99187 17.7
      vertex -27.9605 0.508133 17.7
      vertex -27.75 0.549999 17.7
    endloop
  endfacet
  facet normal 0 0 1
    outer loop
      vertex -28.1389 2.11109 17.7
      vertex -27.9605 0.508133 17.7
      vertex -27.9605 1.99187 17.7
    endloop
  endfacet
  facet normal 0 0 1
    outer loop
      vertex -28.1389 2.11109 17.7
      vertex -28.1389 0.388908 17.7
      vertex -27.9605 0.508133 17.7
    endloop
  endfacet
  facet normal 0 0 1
    outer loop
      vertex -28.2581 2.28952 17.7
      vertex -28.1389 0.388908 17.7
      vertex -28.1389 2.11109 17.7
    endloop
  endfacet
  facet normal 0 0 1
    outer loop
      vertex -28.2581 2.28952 17.7
      vertex -28.2581 0.210475 17.7
      vertex -28.1389 0.388908 17.7
    endloop
  endfacet
  facet normal 0 0 1
    outer loop
      vertex -28.3 2.5 17.7
      vertex -28.2581 0.210475 17.7
      vertex -28.2581 2.28952 17.7
    endloop
  endfacet
  facet normal 0 0 1
    outer loop
      vertex -28.2581 0.210475 17.7
      vertex -28.3 2.5 17.7
      vertex -28.3 0 17.7
    endloop
  endfacet
  facet normal 0 0 1
    outer loop
      vertex -23.1389 -0.388908 17.7
      vertex -24.8611 -0.388908 17.7
      vertex -23.1389 -2.11109 17.7
    endloop
  endfacet
  facet normal 0 0 1
    outer loop
      vertex -23.1389 -2.11109 17.7
      vertex -24.7419 -2.28952 17.7
      vertex -24.7 -2.5 17.7
    endloop
  endfacet
  facet normal 0 0 1
    outer loop
      vertex -24.8611 -2.11109 17.7
      vertex -23.1389 -2.11109 17.7
      vertex -24.8611 -0.388908 17.7
    endloop
  endfacet
  facet normal 0 0 1
    outer loop
      vertex -23.1389 -2.11109 17.7
      vertex -24.8611 -2.11109 17.7
      vertex -24.7419 -2.28952 17.7
    endloop
  endfacet
  facet normal -0 0 1
    outer loop
      vertex -25.0395 -0.508133 17.7
      vertex -24.8611 -2.11109 17.7
      vertex -24.8611 -0.388908 17.7
    endloop
  endfacet
  facet normal 0 0 1
    outer loop
      vertex -25.0395 -0.508133 17.7
      vertex -25.0395 -1.99187 17.7
      vertex -24.8611 -2.11109 17.7
    endloop
  endfacet
  facet normal -0 0 1
    outer loop
      vertex -25.25 -0.549999 17.7
      vertex -25.0395 -1.99187 17.7
      vertex -25.0395 -0.508133 17.7
    endloop
  endfacet
  facet normal 0 0 1
    outer loop
      vertex -25.25 -0.549999 17.7
      vertex -25.25 -1.95 17.7
      vertex -25.0395 -1.99187 17.7
    endloop
  endfacet
  facet normal 0 0 1
    outer loop
      vertex -25.4605 -0.508133 17.7
      vertex -25.25 -1.95 17.7
      vertex -25.25 -0.549999 17.7
    endloop
  endfacet
  facet normal 0 0 1
    outer loop
      vertex -25.4605 -0.508133 17.7
      vertex -25.4605 -1.99187 17.7
      vertex -25.25 -1.95 17.7
    endloop
  endfacet
  facet normal 0 0 1
    outer loop
      vertex -25.6389 -0.388908 17.7
      vertex -25.4605 -1.99187 17.7
      vertex -25.4605 -0.508133 17.7
    endloop
  endfacet
  facet normal 0 0 1
    outer loop
      vertex -25.6389 -0.388908 17.7
      vertex -25.6389 -2.11109 17.7
      vertex -25.4605 -1.99187 17.7
    endloop
  endfacet
  facet normal 0 0 1
    outer loop
      vertex -27.2419 -0.210475 17.7
      vertex -25.7581 -0.210475 17.7
      vertex -27.2 0 17.7
    endloop
  endfacet
  facet normal 0 0 1
    outer loop
      vertex -25.7581 -0.210475 17.7
      vertex -27.2419 -0.210475 17.7
      vertex -25.6389 -0.388908 17.7
    endloop
  endfacet
  facet normal -0 0 1
    outer loop
      vertex -27.2 0 17.7
      vertex -25.7581 -0.210475 17.7
      vertex -25.8 0 17.7
    endloop
  endfacet
  facet normal 0 0 1
    outer loop
      vertex -27.3611 -0.388908 17.7
      vertex -25.6389 -0.388908 17.7
      vertex -27.2419 -0.210475 17.7
    endloop
  endfacet
  facet normal 0 0 1
    outer loop
      vertex -23.1389 2.11109 17.7
      vertex -24.8611 2.11109 17.7
      vertex -23.1389 0.388908 17.7
    endloop
  endfacet
  facet normal 0 0 1
    outer loop
      vertex -23.1389 0.388908 17.7
      vertex -24.7419 0.210475 17.7
      vertex -24.7 0 17.7
    endloop
  endfacet
  facet normal 0 0 1
    outer loop
      vertex -24.8611 0.388908 17.7
      vertex -23.1389 0.388908 17.7
      vertex -24.8611 2.11109 17.7
    endloop
  endfacet
  facet normal 0 0 1
    outer loop
      vertex -23.1389 0.388908 17.7
      vertex -24.8611 0.388908 17.7
      vertex -24.7419 0.210475 17.7
    endloop
  endfacet
  facet normal -0 0 1
    outer loop
      vertex -25.0395 1.99187 17.7
      vertex -24.8611 0.388908 17.7
      vertex -24.8611 2.11109 17.7
    endloop
  endfacet
  facet normal 0 0 1
    outer loop
      vertex -25.0395 1.99187 17.7
      vertex -25.0395 0.508133 17.7
      vertex -24.8611 0.388908 17.7
    endloop
  endfacet
  facet normal -0 0 1
    outer loop
      vertex -25.25 1.95 17.7
      vertex -25.0395 0.508133 17.7
      vertex -25.0395 1.99187 17.7
    endloop
  endfacet
  facet normal 0 0 1
    outer loop
      vertex -25.25 1.95 17.7
      vertex -25.25 0.549999 17.7
      vertex -25.0395 0.508133 17.7
    endloop
  endfacet
  facet normal 0 0 1
    outer loop
      vertex -25.4605 1.99187 17.7
      vertex -25.25 0.549999 17.7
      vertex -25.25 1.95 17.7
    endloop
  endfacet
  facet normal 0 0 1
    outer loop
      vertex -25.4605 1.99187 17.7
      vertex -25.4605 0.508133 17.7
      vertex -25.25 0.549999 17.7
    endloop
  endfacet
  facet normal 0 0 1
    outer loop
      vertex -25.6389 2.11109 17.7
      vertex -25.4605 0.508133 17.7
      vertex -25.4605 1.99187 17.7
    endloop
  endfacet
  facet normal 0 0 1
    outer loop
      vertex -25.6389 2.11109 17.7
      vertex -25.6389 0.388908 17.7
      vertex -25.4605 0.508133 17.7
    endloop
  endfacet
  facet normal 0 0 1
    outer loop
      vertex -27.2419 2.28952 17.7
      vertex -25.7581 2.28952 17.7
      vertex -27.2 2.5 17.7
    endloop
  endfacet
  facet normal 0 0 1
    outer loop
      vertex -25.7581 2.28952 17.7
      vertex -27.2419 2.28952 17.7
      vertex -25.6389 2.11109 17.7
    endloop
  endfacet
  facet normal -0 0 1
    outer loop
      vertex -27.2 2.5 17.7
      vertex -25.7581 2.28952 17.7
      vertex -25.8 2.5 17.7
    endloop
  endfacet
  facet normal 0 0 1
    outer loop
      vertex -27.3611 2.11109 17.7
      vertex -25.6389 2.11109 17.7
      vertex -27.2419 2.28952 17.7
    endloop
  endfacet
  facet normal 0 0 1
    outer loop
      vertex -20.6389 -0.388908 17.7
      vertex -22.3611 -0.388908 17.7
      vertex -20.6389 -2.11109 17.7
    endloop
  endfacet
  facet normal 0 0 1
    outer loop
      vertex -20.6389 -2.11109 17.7
      vertex -22.2419 -2.28952 17.7
      vertex -22.2 -2.5 17.7
    endloop
  endfacet
  facet normal 0 0 1
    outer loop
      vertex -22.3611 -2.11109 17.7
      vertex -20.6389 -2.11109 17.7
      vertex -22.3611 -0.388908 17.7
    endloop
  endfacet
  facet normal 0 0 1
    outer loop
      vertex -20.6389 -2.11109 17.7
      vertex -22.3611 -2.11109 17.7
      vertex -22.2419 -2.28952 17.7
    endloop
  endfacet
  facet normal -0 0 1
    outer loop
      vertex -22.5395 -0.508133 17.7
      vertex -22.3611 -2.11109 17.7
      vertex -22.3611 -0.388908 17.7
    endloop
  endfacet
  facet normal 0 0 1
    outer loop
      vertex -22.5395 -0.508133 17.7
      vertex -22.5395 -1.99187 17.7
      vertex -22.3611 -2.11109 17.7
    endloop
  endfacet
  facet normal -0 0 1
    outer loop
      vertex -22.75 -0.549999 17.7
      vertex -22.5395 -1.99187 17.7
      vertex -22.5395 -0.508133 17.7
    endloop
  endfacet
  facet normal 0 0 1
    outer loop
      vertex -22.75 -0.549999 17.7
      vertex -22.75 -1.95 17.7
      vertex -22.5395 -1.99187 17.7
    endloop
  endfacet
  facet normal 0 0 1
    outer loop
      vertex -22.9605 -0.508133 17.7
      vertex -22.75 -1.95 17.7
      vertex -22.75 -0.549999 17.7
    endloop
  endfacet
  facet normal 0 0 1
    outer loop
      vertex -22.9605 -0.508133 17.7
      vertex -22.9605 -1.99187 17.7
      vertex -22.75 -1.95 17.7
    endloop
  endfacet
  facet normal 0 0 1
    outer loop
      vertex -23.1389 -0.388908 17.7
      vertex -22.9605 -1.99187 17.7
      vertex -22.9605 -0.508133 17.7
    endloop
  endfacet
  facet normal 0 0 1
    outer loop
      vertex -23.1389 -0.388908 17.7
      vertex -23.1389 -2.11109 17.7
      vertex -22.9605 -1.99187 17.7
    endloop
  endfacet
  facet normal 0 0 1
    outer loop
      vertex -24.7419 -0.210475 17.7
      vertex -23.2581 -0.210475 17.7
      vertex -24.7 0 17.7
    endloop
  endfacet
  facet normal 0 0 1
    outer loop
      vertex -23.2581 -0.210475 17.7
      vertex -24.7419 -0.210475 17.7
      vertex -23.1389 -0.388908 17.7
    endloop
  endfacet
  facet normal -0 0 1
    outer loop
      vertex -24.7 0 17.7
      vertex -23.2581 -0.210475 17.7
      vertex -23.3 0 17.7
    endloop
  endfacet
  facet normal 0 0 1
    outer loop
      vertex -24.8611 -0.388908 17.7
      vertex -23.1389 -0.388908 17.7
      vertex -24.7419 -0.210475 17.7
    endloop
  endfacet
  facet normal 0 0 1
    outer loop
      vertex -20.6389 2.11109 17.7
      vertex -22.3611 2.11109 17.7
      vertex -20.6389 0.388908 17.7
    endloop
  endfacet
  facet normal 0 0 1
    outer loop
      vertex -20.6389 0.388908 17.7
      vertex -22.2419 0.210475 17.7
      vertex -22.2 0 17.7
    endloop
  endfacet
  facet normal 0 0 1
    outer loop
      vertex -22.3611 0.388908 17.7
      vertex -20.6389 0.388908 17.7
      vertex -22.3611 2.11109 17.7
    endloop
  endfacet
  facet normal 0 0 1
    outer loop
      vertex -20.6389 0.388908 17.7
      vertex -22.3611 0.388908 17.7
      vertex -22.2419 0.210475 17.7
    endloop
  endfacet
  facet normal -0 0 1
    outer loop
      vertex -22.5395 1.99187 17.7
      vertex -22.3611 0.388908 17.7
      vertex -22.3611 2.11109 17.7
    endloop
  endfacet
  facet normal 0 0 1
    outer loop
      vertex -22.5395 1.99187 17.7
      vertex -22.5395 0.508133 17.7
      vertex -22.3611 0.388908 17.7
    endloop
  endfacet
  facet normal -0 0 1
    outer loop
      vertex -22.75 1.95 17.7
      vertex -22.5395 0.508133 17.7
      vertex -22.5395 1.99187 17.7
    endloop
  endfacet
  facet normal 0 0 1
    outer loop
      vertex -22.75 1.95 17.7
      vertex -22.75 0.549999 17.7
      vertex -22.5395 0.508133 17.7
    endloop
  endfacet
  facet normal 0 0 1
    outer loop
      vertex -22.9605 1.99187 17.7
      vertex -22.75 0.549999 17.7
      vertex -22.75 1.95 17.7
    endloop
  endfacet
  facet normal 0 0 1
    outer loop
      vertex -22.9605 1.99187 17.7
      vertex -22.9605 0.508133 17.7
      vertex -22.75 0.549999 17.7
    endloop
  endfacet
  facet normal 0 0 1
    outer loop
      vertex -23.1389 2.11109 17.7
      vertex -22.9605 0.508133 17.7
      vertex -22.9605 1.99187 17.7
    endloop
  endfacet
  facet normal 0 0 1
    outer loop
      vertex -23.1389 2.11109 17.7
      vertex -23.1389 0.388908 17.7
      vertex -22.9605 0.508133 17.7
    endloop
  endfacet
  facet normal 0 0 1
    outer loop
      vertex -24.7419 2.28952 17.7
      vertex -23.2581 2.28952 17.7
      vertex -24.7 2.5 17.7
    endloop
  endfacet
  facet normal 0 0 1
    outer loop
      vertex -23.2581 2.28952 17.7
      vertex -24.7419 2.28952 17.7
      vertex -23.1389 2.11109 17.7
    endloop
  endfacet
  facet normal -0 0 1
    outer loop
      vertex -24.7 2.5 17.7
      vertex -23.2581 2.28952 17.7
      vertex -23.3 2.5 17.7
    endloop
  endfacet
  facet normal 0 0 1
    outer loop
      vertex -24.8611 2.11109 17.7
      vertex -23.1389 2.11109 17.7
      vertex -24.7419 2.28952 17.7
    endloop
  endfacet
  facet normal 0 0 1
    outer loop
      vertex -19.7419 -2.28952 17.7
      vertex -11.7853 -0.491755 17.7
      vertex -19.7419 -0.210475 17.7
    endloop
  endfacet
  facet normal 0 0 1
    outer loop
      vertex -11.7853 -0.491755 17.7
      vertex -19.7419 -2.28952 17.7
      vertex -19.7 -2.5 17.7
    endloop
  endfacet
  facet normal -0 0 1
    outer loop
      vertex -19.8611 -0.388908 17.7
      vertex -19.7419 -2.28952 17.7
      vertex -19.7419 -0.210475 17.7
    endloop
  endfacet
  facet normal 0 0 1
    outer loop
      vertex -19.8611 -0.388908 17.7
      vertex -19.8611 -2.11109 17.7
      vertex -19.7419 -2.28952 17.7
    endloop
  endfacet
  facet normal -0 0 1
    outer loop
      vertex -20.0395 -0.508133 17.7
      vertex -19.8611 -2.11109 17.7
      vertex -19.8611 -0.388908 17.7
    endloop
  endfacet
  facet normal 0 0 1
    outer loop
      vertex -20.0395 -0.508133 17.7
      vertex -20.0395 -1.99187 17.7
      vertex -19.8611 -2.11109 17.7
    endloop
  endfacet
  facet normal -0 0 1
    outer loop
      vertex -20.25 -0.549999 17.7
      vertex -20.0395 -1.99187 17.7
      vertex -20.0395 -0.508133 17.7
    endloop
  endfacet
  facet normal 0 0 1
    outer loop
      vertex -20.25 -0.549999 17.7
      vertex -20.25 -1.95 17.7
      vertex -20.0395 -1.99187 17.7
    endloop
  endfacet
  facet normal 0 0 1
    outer loop
      vertex -20.4605 -0.508133 17.7
      vertex -20.25 -1.95 17.7
      vertex -20.25 -0.549999 17.7
    endloop
  endfacet
  facet normal 0 0 1
    outer loop
      vertex -20.4605 -0.508133 17.7
      vertex -20.4605 -1.99187 17.7
      vertex -20.25 -1.95 17.7
    endloop
  endfacet
  facet normal 0 0 1
    outer loop
      vertex -20.6389 -0.388908 17.7
      vertex -20.4605 -1.99187 17.7
      vertex -20.4605 -0.508133 17.7
    endloop
  endfacet
  facet normal 0 0 1
    outer loop
      vertex -20.6389 -0.388908 17.7
      vertex -20.6389 -2.11109 17.7
      vertex -20.4605 -1.99187 17.7
    endloop
  endfacet
  facet normal 0 0 1
    outer loop
      vertex -22.2419 -0.210475 17.7
      vertex -20.7581 -0.210475 17.7
      vertex -22.2 0 17.7
    endloop
  endfacet
  facet normal 0 0 1
    outer loop
      vertex -20.7581 -0.210475 17.7
      vertex -22.2419 -0.210475 17.7
      vertex -20.6389 -0.388908 17.7
    endloop
  endfacet
  facet normal -0 0 1
    outer loop
      vertex -22.2 0 17.7
      vertex -20.7581 -0.210475 17.7
      vertex -20.8 0 17.7
    endloop
  endfacet
  facet normal 0 0 1
    outer loop
      vertex -22.3611 -0.388908 17.7
      vertex -20.6389 -0.388908 17.7
      vertex -22.2419 -0.210475 17.7
    endloop
  endfacet
  facet normal 0 0 1
    outer loop
      vertex -19.7419 0.210475 17.7
      vertex -11.7853 0.491755 17.7
      vertex -19.7419 2.28952 17.7
    endloop
  endfacet
  facet normal 0 0 1
    outer loop
      vertex -11.7853 0.491755 17.7
      vertex -19.7419 0.210475 17.7
      vertex -19.7 0 17.7
    endloop
  endfacet
  facet normal -0 0 1
    outer loop
      vertex -19.8611 2.11109 17.7
      vertex -19.7419 0.210475 17.7
      vertex -19.7419 2.28952 17.7
    endloop
  endfacet
  facet normal 0 0 1
    outer loop
      vertex -19.8611 2.11109 17.7
      vertex -19.8611 0.388908 17.7
      vertex -19.7419 0.210475 17.7
    endloop
  endfacet
  facet normal -0 0 1
    outer loop
      vertex -20.0395 1.99187 17.7
      vertex -19.8611 0.388908 17.7
      vertex -19.8611 2.11109 17.7
    endloop
  endfacet
  facet normal 0 0 1
    outer loop
      vertex -20.0395 1.99187 17.7
      vertex -20.0395 0.508133 17.7
      vertex -19.8611 0.388908 17.7
    endloop
  endfacet
  facet normal -0 0 1
    outer loop
      vertex -20.25 1.95 17.7
      vertex -20.0395 0.508133 17.7
      vertex -20.0395 1.99187 17.7
    endloop
  endfacet
  facet normal 0 0 1
    outer loop
      vertex -20.25 1.95 17.7
      vertex -20.25 0.549999 17.7
      vertex -20.0395 0.508133 17.7
    endloop
  endfacet
  facet normal 0 0 1
    outer loop
      vertex -20.4605 1.99187 17.7
      vertex -20.25 0.549999 17.7
      vertex -20.25 1.95 17.7
    endloop
  endfacet
  facet normal 0 0 1
    outer loop
      vertex -20.4605 1.99187 17.7
      vertex -20.4605 0.508133 17.7
      vertex -20.25 0.549999 17.7
    endloop
  endfacet
  facet normal 0 0 1
    outer loop
      vertex -20.6389 2.11109 17.7
      vertex -20.4605 0.508133 17.7
      vertex -20.4605 1.99187 17.7
    endloop
  endfacet
  facet normal 0 0 1
    outer loop
      vertex -20.6389 2.11109 17.7
      vertex -20.6389 0.388908 17.7
      vertex -20.4605 0.508133 17.7
    endloop
  endfacet
  facet normal 0 0 1
    outer loop
      vertex -22.2419 2.28952 17.7
      vertex -20.7581 2.28952 17.7
      vertex -22.2 2.5 17.7
    endloop
  endfacet
  facet normal 0 0 1
    outer loop
      vertex -20.7581 2.28952 17.7
      vertex -22.2419 2.28952 17.7
      vertex -20.6389 2.11109 17.7
    endloop
  endfacet
  facet normal -0 0 1
    outer loop
      vertex -22.2 2.5 17.7
      vertex -20.7581 2.28952 17.7
      vertex -20.8 2.5 17.7
    endloop
  endfacet
  facet normal 0 0 1
    outer loop
      vertex -22.3611 2.11109 17.7
      vertex -20.6389 2.11109 17.7
      vertex -22.2419 2.28952 17.7
    endloop
  endfacet
  facet normal 0 0 1
    outer loop
      vertex 31.45 17.7 17.7
      vertex 39.45 9.7 17.7
      vertex 39.2175 11.6145 17.7
    endloop
  endfacet
  facet normal 0 0 1
    outer loop
      vertex 39.45 9.7 17.7
      vertex 31.45 17.7 17.7
      vertex 39.45 -9.7 17.7
    endloop
  endfacet
  facet normal 0 0 1
    outer loop
      vertex 31.45 17.7 17.7
      vertex 39.2175 11.6145 17.7
      vertex 38.5336 13.4178 17.7
    endloop
  endfacet
  facet normal 0 0 1
    outer loop
      vertex 39.45 -9.7 17.7
      vertex 31.45 17.7 17.7
      vertex 31.45 -17.7 17.7
    endloop
  endfacet
  facet normal 0 0 1
    outer loop
      vertex 31.45 17.7 17.7
      vertex 38.5336 13.4178 17.7
      vertex 37.4381 15.005 17.7
    endloop
  endfacet
  facet normal 0 0 1
    outer loop
      vertex 39.45 -9.7 17.7
      vertex 31.45 -17.7 17.7
      vertex 38.9301 -12.5368 17.7
    endloop
  endfacet
  facet normal 0 0 1
    outer loop
      vertex 31.45 17.7 17.7
      vertex 37.4381 15.005 17.7
      vertex 35.9945 16.2839 17.7
    endloop
  endfacet
  facet normal 0 0 1
    outer loop
      vertex 38.9301 -12.5368 17.7
      vertex 31.45 -17.7 17.7
      vertex 38.0339 -14.2445 17.7
    endloop
  endfacet
  facet normal 0 0 1
    outer loop
      vertex 31.45 17.7 17.7
      vertex 35.9945 16.2839 17.7
      vertex 34.2868 17.1801 17.7
    endloop
  endfacet
  facet normal 0 0 1
    outer loop
      vertex 38.0339 -14.2445 17.7
      vertex 31.45 -17.7 17.7
      vertex 36.755 -15.6881 17.7
    endloop
  endfacet
  facet normal 0 0 1
    outer loop
      vertex 36.755 -15.6881 17.7
      vertex 31.45 -17.7 17.7
      vertex 35.1678 -16.7836 17.7
    endloop
  endfacet
  facet normal 0 0 1
    outer loop
      vertex 35.1678 -16.7836 17.7
      vertex 31.45 -17.7 17.7
      vertex 33.3645 -17.4675 17.7
    endloop
  endfacet
  facet normal 0 0 1
    outer loop
      vertex 31.45 17.7 17.7
      vertex -8.05 0 17.7
      vertex 31.45 -17.7 17.7
    endloop
  endfacet
  facet normal 0 0 1
    outer loop
      vertex 31.45 17.7 17.7
      vertex -8.11474 0.491755 17.7
      vertex -8.05 0 17.7
    endloop
  endfacet
  facet normal 0 0 1
    outer loop
      vertex 31.45 17.7 17.7
      vertex -8.30455 0.95 17.7
      vertex -8.11474 0.491755 17.7
    endloop
  endfacet
  facet normal 0 0 1
    outer loop
      vertex 31.45 17.7 17.7
      vertex -8.6065 1.3435 17.7
      vertex -8.30455 0.95 17.7
    endloop
  endfacet
  facet normal 0 0 1
    outer loop
      vertex 31.45 17.7 17.7
      vertex -9 1.64545 17.7
      vertex -8.6065 1.3435 17.7
    endloop
  endfacet
  facet normal 0 0 1
    outer loop
      vertex 31.45 17.7 17.7
      vertex -9.45824 1.83526 17.7
      vertex -9 1.64545 17.7
    endloop
  endfacet
  facet normal -0 0 1
    outer loop
      vertex -31.45 17.7 17.7
      vertex -9.45824 1.83526 17.7
      vertex 31.45 17.7 17.7
    endloop
  endfacet
  facet normal 0 0 1
    outer loop
      vertex -9.45824 1.83526 17.7
      vertex -31.45 17.7 17.7
      vertex -9.95 1.9 17.7
    endloop
  endfacet
  facet normal -0 0 1
    outer loop
      vertex -19.7419 2.28952 17.7
      vertex -11.7853 0.491755 17.7
      vertex -19.7 2.5 17.7
    endloop
  endfacet
  facet normal 0 0 1
    outer loop
      vertex -11.5954 0.95 17.7
      vertex -19.7 2.5 17.7
      vertex -11.7853 0.491755 17.7
    endloop
  endfacet
  facet normal 0 0 1
    outer loop
      vertex -19.7419 2.71047 17.7
      vertex -11.5954 0.95 17.7
      vertex -11.2935 1.3435 17.7
    endloop
  endfacet
  facet normal 0 0 1
    outer loop
      vertex -19.8611 2.88891 17.7
      vertex -11.2935 1.3435 17.7
      vertex -10.9 1.64545 17.7
    endloop
  endfacet
  facet normal 0 0 1
    outer loop
      vertex -19.8611 2.88891 17.7
      vertex -10.9 1.64545 17.7
      vertex -10.4418 1.83526 17.7
    endloop
  endfacet
  facet normal 0 0 1
    outer loop
      vertex -9.95 1.9 17.7
      vertex -31.45 17.7 17.7
      vertex -10.4418 1.83526 17.7
    endloop
  endfacet
  facet normal 0 0 1
    outer loop
      vertex -11.5954 0.95 17.7
      vertex -19.7419 2.71047 17.7
      vertex -19.7 2.5 17.7
    endloop
  endfacet
  facet normal 0 0 1
    outer loop
      vertex -11.2935 1.3435 17.7
      vertex -19.8611 2.88891 17.7
      vertex -19.7419 2.71047 17.7
    endloop
  endfacet
  facet normal -0 -0 1
    outer loop
      vertex -20.0395 3.00813 17.7
      vertex -10.4418 1.83526 17.7
      vertex -31.45 17.7 17.7
    endloop
  endfacet
  facet normal 0 0 1
    outer loop
      vertex -10.4418 1.83526 17.7
      vertex -20.0395 3.00813 17.7
      vertex -19.8611 2.88891 17.7
    endloop
  endfacet
  facet normal 0 0 1
    outer loop
      vertex -20.0395 3.00813 17.7
      vertex -31.45 17.7 17.7
      vertex -20.25 3.05 17.7
    endloop
  endfacet
  facet normal 0 0 1
    outer loop
      vertex -20.7581 0.210475 17.7
      vertex -22.2 0 17.7
      vertex -20.8 0 17.7
    endloop
  endfacet
  facet normal 0 0 1
    outer loop
      vertex -20.6389 0.388908 17.7
      vertex -22.2 0 17.7
      vertex -20.7581 0.210475 17.7
    endloop
  endfacet
  facet normal 0 0 1
    outer loop
      vertex -20.7581 2.71047 17.7
      vertex -22.2 2.5 17.7
      vertex -20.8 2.5 17.7
    endloop
  endfacet
  facet normal 0 0 1
    outer loop
      vertex -22.2419 2.71047 17.7
      vertex -20.7581 2.71047 17.7
      vertex -20.6389 2.88891 17.7
    endloop
  endfacet
  facet normal 0 0 1
    outer loop
      vertex -22.3611 2.88891 17.7
      vertex -20.6389 2.88891 17.7
      vertex -20.4605 3.00813 17.7
    endloop
  endfacet
  facet normal 0 0 1
    outer loop
      vertex -20.7581 2.71047 17.7
      vertex -22.2419 2.71047 17.7
      vertex -22.2 2.5 17.7
    endloop
  endfacet
  facet normal 0 -0 1
    outer loop
      vertex -22.75 3.05 17.7
      vertex -20.25 3.05 17.7
      vertex -31.45 17.7 17.7
    endloop
  endfacet
  facet normal 0 0 1
    outer loop
      vertex -20.6389 2.88891 17.7
      vertex -22.3611 2.88891 17.7
      vertex -22.2419 2.71047 17.7
    endloop
  endfacet
  facet normal 0 0 1
    outer loop
      vertex -20.25 3.05 17.7
      vertex -22.75 3.05 17.7
      vertex -20.4605 3.00813 17.7
    endloop
  endfacet
  facet normal 0 0 1
    outer loop
      vertex -20.4605 3.00813 17.7
      vertex -22.5395 3.00813 17.7
      vertex -22.3611 2.88891 17.7
    endloop
  endfacet
  facet normal 0 0 1
    outer loop
      vertex -20.4605 3.00813 17.7
      vertex -22.75 3.05 17.7
      vertex -22.5395 3.00813 17.7
    endloop
  endfacet
  facet normal 0 0 1
    outer loop
      vertex -23.2581 0.210475 17.7
      vertex -24.7 0 17.7
      vertex -23.3 0 17.7
    endloop
  endfacet
  facet normal 0 0 1
    outer loop
      vertex -23.1389 0.388908 17.7
      vertex -24.7 0 17.7
      vertex -23.2581 0.210475 17.7
    endloop
  endfacet
  facet normal 0 0 1
    outer loop
      vertex -23.2581 2.71047 17.7
      vertex -24.7 2.5 17.7
      vertex -23.3 2.5 17.7
    endloop
  endfacet
  facet normal 0 0 1
    outer loop
      vertex -24.7419 2.71047 17.7
      vertex -23.2581 2.71047 17.7
      vertex -23.1389 2.88891 17.7
    endloop
  endfacet
  facet normal 0 0 1
    outer loop
      vertex -24.8611 2.88891 17.7
      vertex -23.1389 2.88891 17.7
      vertex -22.9605 3.00813 17.7
    endloop
  endfacet
  facet normal 0 0 1
    outer loop
      vertex -23.2581 2.71047 17.7
      vertex -24.7419 2.71047 17.7
      vertex -24.7 2.5 17.7
    endloop
  endfacet
  facet normal 0 -0 1
    outer loop
      vertex -25.25 3.05 17.7
      vertex -22.75 3.05 17.7
      vertex -31.45 17.7 17.7
    endloop
  endfacet
  facet normal 0 0 1
    outer loop
      vertex -23.1389 2.88891 17.7
      vertex -24.8611 2.88891 17.7
      vertex -24.7419 2.71047 17.7
    endloop
  endfacet
  facet normal 0 0 1
    outer loop
      vertex -22.75 3.05 17.7
      vertex -25.25 3.05 17.7
      vertex -22.9605 3.00813 17.7
    endloop
  endfacet
  facet normal 0 0 1
    outer loop
      vertex -22.9605 3.00813 17.7
      vertex -25.0395 3.00813 17.7
      vertex -24.8611 2.88891 17.7
    endloop
  endfacet
  facet normal 0 0 1
    outer loop
      vertex -22.9605 3.00813 17.7
      vertex -25.25 3.05 17.7
      vertex -25.0395 3.00813 17.7
    endloop
  endfacet
  facet normal 0 0 1
    outer loop
      vertex -25.7581 0.210475 17.7
      vertex -27.2 0 17.7
      vertex -25.8 0 17.7
    endloop
  endfacet
  facet normal 0 0 1
    outer loop
      vertex -25.6389 0.388908 17.7
      vertex -27.2 0 17.7
      vertex -25.7581 0.210475 17.7
    endloop
  endfacet
  facet normal 0 0 1
    outer loop
      vertex -25.7581 2.71047 17.7
      vertex -27.2 2.5 17.7
      vertex -25.8 2.5 17.7
    endloop
  endfacet
  facet normal 0 0 1
    outer loop
      vertex -27.2419 2.71047 17.7
      vertex -25.7581 2.71047 17.7
      vertex -25.6389 2.88891 17.7
    endloop
  endfacet
  facet normal 0 0 1
    outer loop
      vertex -27.3611 2.88891 17.7
      vertex -25.6389 2.88891 17.7
      vertex -25.4605 3.00813 17.7
    endloop
  endfacet
  facet normal 0 0 1
    outer loop
      vertex -25.7581 2.71047 17.7
      vertex -27.2419 2.71047 17.7
      vertex -27.2 2.5 17.7
    endloop
  endfacet
  facet normal 0 -0 1
    outer loop
      vertex -27.75 3.05 17.7
      vertex -25.25 3.05 17.7
      vertex -31.45 17.7 17.7
    endloop
  endfacet
  facet normal 0 0 1
    outer loop
      vertex -25.25 3.05 17.7
      vertex -27.75 3.05 17.7
      vertex -25.4605 3.00813 17.7
    endloop
  endfacet
  facet normal 0 0 1
    outer loop
      vertex -25.6389 2.88891 17.7
      vertex -27.3611 2.88891 17.7
      vertex -27.2419 2.71047 17.7
    endloop
  endfacet
  facet normal 0 0 1
    outer loop
      vertex -25.4605 3.00813 17.7
      vertex -27.5395 3.00813 17.7
      vertex -27.3611 2.88891 17.7
    endloop
  endfacet
  facet normal 0 0 1
    outer loop
      vertex -25.4605 3.00813 17.7
      vertex -27.75 3.05 17.7
      vertex -27.5395 3.00813 17.7
    endloop
  endfacet
  facet normal 0 0 1
    outer loop
      vertex -39.45 9.7 17.7
      vertex -28.3 0 17.7
      vertex -28.3 2.5 17.7
    endloop
  endfacet
  facet normal 0 0 1
    outer loop
      vertex -28.2581 2.71047 17.7
      vertex -39.45 9.7 17.7
      vertex -28.3 2.5 17.7
    endloop
  endfacet
  facet normal 0 0 1
    outer loop
      vertex -28.1389 2.88891 17.7
      vertex -39.45 9.7 17.7
      vertex -28.2581 2.71047 17.7
    endloop
  endfacet
  facet normal 0 0 1
    outer loop
      vertex -27.9605 3.00813 17.7
      vertex -39.45 9.7 17.7
      vertex -28.1389 2.88891 17.7
    endloop
  endfacet
  facet normal -0 0 1
    outer loop
      vertex -39.45 9.7 17.7
      vertex -27.9605 3.00813 17.7
      vertex -31.45 17.7 17.7
    endloop
  endfacet
  facet normal 0 0 1
    outer loop
      vertex -27.75 3.05 17.7
      vertex -31.45 17.7 17.7
      vertex -27.9605 3.00813 17.7
    endloop
  endfacet
  facet normal -0 0 1
    outer loop
      vertex -8.11474 -0.491755 17.7
      vertex 31.45 -17.7 17.7
      vertex -8.05 0 17.7
    endloop
  endfacet
  facet normal -0 0 1
    outer loop
      vertex -8.30455 -0.95 17.7
      vertex 31.45 -17.7 17.7
      vertex -8.11474 -0.491755 17.7
    endloop
  endfacet
  facet normal -0 0 1
    outer loop
      vertex -8.6065 -1.3435 17.7
      vertex 31.45 -17.7 17.7
      vertex -8.30455 -0.95 17.7
    endloop
  endfacet
  facet normal -0 0 1
    outer loop
      vertex -9 -1.64545 17.7
      vertex 31.45 -17.7 17.7
      vertex -8.6065 -1.3435 17.7
    endloop
  endfacet
  facet normal -0 0 1
    outer loop
      vertex -9.45824 -1.83526 17.7
      vertex 31.45 -17.7 17.7
      vertex -9 -1.64545 17.7
    endloop
  endfacet
  facet normal 0 0 1
    outer loop
      vertex -31.45 -17.7 17.7
      vertex -9.45824 -1.83526 17.7
      vertex -9.95 -1.9 17.7
    endloop
  endfacet
  facet normal 0 0 1
    outer loop
      vertex -31.45 -17.7 17.7
      vertex -9.95 -1.9 17.7
      vertex -10.4418 -1.83526 17.7
    endloop
  endfacet
  facet normal 0 0 1
    outer loop
      vertex -11.7853 0.491755 17.7
      vertex -19.7 0 17.7
      vertex -11.85 0 17.7
    endloop
  endfacet
  facet normal 0 0 1
    outer loop
      vertex -11.85 0 17.7
      vertex -19.7 0 17.7
      vertex -11.7853 -0.491755 17.7
    endloop
  endfacet
  facet normal -0 0 1
    outer loop
      vertex -19.7419 -0.210475 17.7
      vertex -11.7853 -0.491755 17.7
      vertex -19.7 0 17.7
    endloop
  endfacet
  facet normal 0 0 1
    outer loop
      vertex -11.7853 -0.491755 17.7
      vertex -19.7 -2.5 17.7
      vertex -11.5954 -0.95 17.7
    endloop
  endfacet
  facet normal 0 0 1
    outer loop
      vertex -19.7419 -2.71047 17.7
      vertex -11.5954 -0.95 17.7
      vertex -19.7 -2.5 17.7
    endloop
  endfacet
  facet normal 0 0 1
    outer loop
      vertex -11.5954 -0.95 17.7
      vertex -19.7419 -2.71047 17.7
      vertex -11.2935 -1.3435 17.7
    endloop
  endfacet
  facet normal 0 0 1
    outer loop
      vertex -19.8611 -2.88891 17.7
      vertex -11.2935 -1.3435 17.7
      vertex -19.7419 -2.71047 17.7
    endloop
  endfacet
  facet normal 0 0 1
    outer loop
      vertex -11.2935 -1.3435 17.7
      vertex -19.8611 -2.88891 17.7
      vertex -10.9 -1.64545 17.7
    endloop
  endfacet
  facet normal 0 0 1
    outer loop
      vertex -10.9 -1.64545 17.7
      vertex -19.8611 -2.88891 17.7
      vertex -10.4418 -1.83526 17.7
    endloop
  endfacet
  facet normal 0 0 1
    outer loop
      vertex -20.0395 -3.00813 17.7
      vertex -10.4418 -1.83526 17.7
      vertex -19.8611 -2.88891 17.7
    endloop
  endfacet
  facet normal 0 0 1
    outer loop
      vertex -10.4418 -1.83526 17.7
      vertex -20.0395 -3.00813 17.7
      vertex -31.45 -17.7 17.7
    endloop
  endfacet
  facet normal 0 0 1
    outer loop
      vertex -31.45 -17.7 17.7
      vertex -20.0395 -3.00813 17.7
      vertex -20.25 -3.05 17.7
    endloop
  endfacet
  facet normal 0 0 1
    outer loop
      vertex -22.75 -3.05 17.7
      vertex -20.25 -3.05 17.7
      vertex -20.4605 -3.00813 17.7
    endloop
  endfacet
  facet normal 0 0 1
    outer loop
      vertex -20.6389 -2.11109 17.7
      vertex -22.2 -2.5 17.7
      vertex -20.7581 -2.28952 17.7
    endloop
  endfacet
  facet normal 0 0 1
    outer loop
      vertex -20.7581 -2.28952 17.7
      vertex -22.2 -2.5 17.7
      vertex -20.8 -2.5 17.7
    endloop
  endfacet
  facet normal 0 0 1
    outer loop
      vertex -20.8 -2.5 17.7
      vertex -22.2 -2.5 17.7
      vertex -20.7581 -2.71047 17.7
    endloop
  endfacet
  facet normal 0 0 1
    outer loop
      vertex -22.2419 -2.71047 17.7
      vertex -20.7581 -2.71047 17.7
      vertex -22.2 -2.5 17.7
    endloop
  endfacet
  facet normal 0 0 1
    outer loop
      vertex -20.7581 -2.71047 17.7
      vertex -22.2419 -2.71047 17.7
      vertex -20.6389 -2.88891 17.7
    endloop
  endfacet
  facet normal 0 0 1
    outer loop
      vertex -22.3611 -2.88891 17.7
      vertex -20.6389 -2.88891 17.7
      vertex -22.2419 -2.71047 17.7
    endloop
  endfacet
  facet normal 0 0 1
    outer loop
      vertex -20.6389 -2.88891 17.7
      vertex -22.3611 -2.88891 17.7
      vertex -20.4605 -3.00813 17.7
    endloop
  endfacet
  facet normal 0 0 1
    outer loop
      vertex -22.5395 -3.00813 17.7
      vertex -20.4605 -3.00813 17.7
      vertex -22.3611 -2.88891 17.7
    endloop
  endfacet
  facet normal 0 0 1
    outer loop
      vertex -22.75 -3.05 17.7
      vertex -20.4605 -3.00813 17.7
      vertex -22.5395 -3.00813 17.7
    endloop
  endfacet
  facet normal 0 0 1
    outer loop
      vertex -20.25 -3.05 17.7
      vertex -22.75 -3.05 17.7
      vertex -31.45 -17.7 17.7
    endloop
  endfacet
  facet normal 0 0 1
    outer loop
      vertex -25.25 -3.05 17.7
      vertex -22.75 -3.05 17.7
      vertex -22.9605 -3.00813 17.7
    endloop
  endfacet
  facet normal 0 0 1
    outer loop
      vertex -23.1389 -2.11109 17.7
      vertex -24.7 -2.5 17.7
      vertex -23.2581 -2.28952 17.7
    endloop
  endfacet
  facet normal 0 0 1
    outer loop
      vertex -23.2581 -2.28952 17.7
      vertex -24.7 -2.5 17.7
      vertex -23.3 -2.5 17.7
    endloop
  endfacet
  facet normal 0 0 1
    outer loop
      vertex -23.3 -2.5 17.7
      vertex -24.7 -2.5 17.7
      vertex -23.2581 -2.71047 17.7
    endloop
  endfacet
  facet normal 0 0 1
    outer loop
      vertex -24.7419 -2.71047 17.7
      vertex -23.2581 -2.71047 17.7
      vertex -24.7 -2.5 17.7
    endloop
  endfacet
  facet normal 0 0 1
    outer loop
      vertex -23.2581 -2.71047 17.7
      vertex -24.7419 -2.71047 17.7
      vertex -23.1389 -2.88891 17.7
    endloop
  endfacet
  facet normal 0 0 1
    outer loop
      vertex -24.8611 -2.88891 17.7
      vertex -23.1389 -2.88891 17.7
      vertex -24.7419 -2.71047 17.7
    endloop
  endfacet
  facet normal 0 0 1
    outer loop
      vertex -23.1389 -2.88891 17.7
      vertex -24.8611 -2.88891 17.7
      vertex -22.9605 -3.00813 17.7
    endloop
  endfacet
  facet normal 0 0 1
    outer loop
      vertex -25.0395 -3.00813 17.7
      vertex -22.9605 -3.00813 17.7
      vertex -24.8611 -2.88891 17.7
    endloop
  endfacet
  facet normal 0 0 1
    outer loop
      vertex -25.25 -3.05 17.7
      vertex -22.9605 -3.00813 17.7
      vertex -25.0395 -3.00813 17.7
    endloop
  endfacet
  facet normal 0 0 1
    outer loop
      vertex -22.75 -3.05 17.7
      vertex -25.25 -3.05 17.7
      vertex -31.45 -17.7 17.7
    endloop
  endfacet
  facet normal 0 0 1
    outer loop
      vertex -27.75 -3.05 17.7
      vertex -25.25 -3.05 17.7
      vertex -25.4605 -3.00813 17.7
    endloop
  endfacet
  facet normal 0 0 1
    outer loop
      vertex -25.6389 -2.11109 17.7
      vertex -27.2 -2.5 17.7
      vertex -25.7581 -2.28952 17.7
    endloop
  endfacet
  facet normal 0 0 1
    outer loop
      vertex -25.7581 -2.28952 17.7
      vertex -27.2 -2.5 17.7
      vertex -25.8 -2.5 17.7
    endloop
  endfacet
  facet normal 0 0 1
    outer loop
      vertex -25.8 -2.5 17.7
      vertex -27.2 -2.5 17.7
      vertex -25.7581 -2.71047 17.7
    endloop
  endfacet
  facet normal 0 0 1
    outer loop
      vertex -27.2419 -2.71047 17.7
      vertex -25.7581 -2.71047 17.7
      vertex -27.2 -2.5 17.7
    endloop
  endfacet
  facet normal 0 0 1
    outer loop
      vertex -25.7581 -2.71047 17.7
      vertex -27.2419 -2.71047 17.7
      vertex -25.6389 -2.88891 17.7
    endloop
  endfacet
  facet normal 0 0 1
    outer loop
      vertex -27.3611 -2.88891 17.7
      vertex -25.6389 -2.88891 17.7
      vertex -27.2419 -2.71047 17.7
    endloop
  endfacet
  facet normal 0 0 1
    outer loop
      vertex -25.6389 -2.88891 17.7
      vertex -27.3611 -2.88891 17.7
      vertex -25.4605 -3.00813 17.7
    endloop
  endfacet
  facet normal 0 0 1
    outer loop
      vertex -27.5395 -3.00813 17.7
      vertex -25.4605 -3.00813 17.7
      vertex -27.3611 -2.88891 17.7
    endloop
  endfacet
  facet normal 0 0 1
    outer loop
      vertex -27.75 -3.05 17.7
      vertex -25.4605 -3.00813 17.7
      vertex -27.5395 -3.00813 17.7
    endloop
  endfacet
  facet normal 0 0 1
    outer loop
      vertex -25.25 -3.05 17.7
      vertex -27.75 -3.05 17.7
      vertex -31.45 -17.7 17.7
    endloop
  endfacet
  facet normal 0 0 1
    outer loop
      vertex -31.45 -17.7 17.7
      vertex -27.75 -3.05 17.7
      vertex -27.9605 -3.00813 17.7
    endloop
  endfacet
  facet normal 0 0 1
    outer loop
      vertex -9.45824 -1.83526 17.7
      vertex -31.45 -17.7 17.7
      vertex 31.45 -17.7 17.7
    endloop
  endfacet
  facet normal 0 0 1
    outer loop
      vertex -39.45 -9.7 17.7
      vertex -27.9605 -3.00813 17.7
      vertex -28.1389 -2.88891 17.7
    endloop
  endfacet
  facet normal 0 0 1
    outer loop
      vertex -39.45 -9.7 17.7
      vertex -28.1389 -2.88891 17.7
      vertex -28.2581 -2.71047 17.7
    endloop
  endfacet
  facet normal 0 0 1
    outer loop
      vertex -39.45 -9.7 17.7
      vertex -28.2581 -2.71047 17.7
      vertex -28.3 -2.5 17.7
    endloop
  endfacet
  facet normal 0 0 1
    outer loop
      vertex -39.45 -9.7 17.7
      vertex -28.3 0 17.7
      vertex -39.45 9.7 17.7
    endloop
  endfacet
  facet normal 0 0 1
    outer loop
      vertex -39.45 9.7 17.7
      vertex -31.45 17.7 17.7
      vertex -33.3645 17.4675 17.7
    endloop
  endfacet
  facet normal 0 0 1
    outer loop
      vertex -28.3 0 17.7
      vertex -39.45 -9.7 17.7
      vertex -28.3 -2.5 17.7
    endloop
  endfacet
  facet normal 0 0 1
    outer loop
      vertex -39.45 9.7 17.7
      vertex -33.3645 17.4675 17.7
      vertex -35.1678 16.7836 17.7
    endloop
  endfacet
  facet normal 0 0 1
    outer loop
      vertex -27.9605 -3.00813 17.7
      vertex -39.45 -9.7 17.7
      vertex -38.5336 -13.4178 17.7
    endloop
  endfacet
  facet normal 0 0 1
    outer loop
      vertex -39.45 9.7 17.7
      vertex -35.1678 16.7836 17.7
      vertex -36.755 15.6881 17.7
    endloop
  endfacet
  facet normal 0 0 1
    outer loop
      vertex -27.9605 -3.00813 17.7
      vertex -34.2868 -17.1801 17.7
      vertex -31.45 -17.7 17.7
    endloop
  endfacet
  facet normal 0 0 1
    outer loop
      vertex -39.45 9.7 17.7
      vertex -36.755 15.6881 17.7
      vertex -38.0339 14.2445 17.7
    endloop
  endfacet
  facet normal 0 0 1
    outer loop
      vertex -27.9605 -3.00813 17.7
      vertex -35.9945 -16.2839 17.7
      vertex -34.2868 -17.1801 17.7
    endloop
  endfacet
  facet normal 0 0 1
    outer loop
      vertex -39.45 9.7 17.7
      vertex -38.0339 14.2445 17.7
      vertex -38.9301 12.5368 17.7
    endloop
  endfacet
  facet normal 0 0 1
    outer loop
      vertex -27.9605 -3.00813 17.7
      vertex -37.4381 -15.005 17.7
      vertex -35.9945 -16.2839 17.7
    endloop
  endfacet
  facet normal 0 0 1
    outer loop
      vertex -27.9605 -3.00813 17.7
      vertex -38.5336 -13.4178 17.7
      vertex -37.4381 -15.005 17.7
    endloop
  endfacet
  facet normal 0 0 1
    outer loop
      vertex -38.5336 -13.4178 17.7
      vertex -39.45 -9.7 17.7
      vertex -39.2175 -11.6145 17.7
    endloop
  endfacet
  facet normal 0.885471 -0.464695 0
    outer loop
      vertex 38.0339 -14.2445 17.7
      vertex 38.9301 -12.5368 15.9
      vertex 38.9301 -12.5368 17.7
    endloop
  endfacet
  facet normal 0.885471 -0.464695 0
    outer loop
      vertex 38.9301 -12.5368 15.9
      vertex 38.0339 -14.2445 17.7
      vertex 38.0339 -14.2445 15.9
    endloop
  endfacet
  facet normal 0.464695 0.885471 -0
    outer loop
      vertex 35.9945 16.2839 15.9
      vertex 34.2868 17.1801 17.7
      vertex 35.9945 16.2839 17.7
    endloop
  endfacet
  facet normal 0.464695 0.885471 0
    outer loop
      vertex 34.2868 17.1801 17.7
      vertex 35.9945 16.2839 15.9
      vertex 34.2868 17.1801 15.9
    endloop
  endfacet
  facet normal -0.983618 0.180267 0
    outer loop
      vertex -39.45 9.7 15.9
      vertex -38.9301 12.5368 17.7
      vertex -38.9301 12.5368 15.9
    endloop
  endfacet
  facet normal -0.983618 0.180267 0
    outer loop
      vertex -38.9301 12.5368 17.7
      vertex -39.45 9.7 15.9
      vertex -39.45 9.7 17.7
    endloop
  endfacet
  facet normal 1 -0 0
    outer loop
      vertex 39.45 -9.7 17.7
      vertex 39.45 9.7 15.9
      vertex 39.45 9.7 17.7
    endloop
  endfacet
  facet normal 1 0 0
    outer loop
      vertex 39.45 9.7 15.9
      vertex 39.45 -9.7 17.7
      vertex 39.45 -9.7 15.9
    endloop
  endfacet
  facet normal 0 1 -0
    outer loop
      vertex 31.45 17.7 15.9
      vertex -31.45 17.7 17.7
      vertex 31.45 17.7 17.7
    endloop
  endfacet
  facet normal 0 1 0
    outer loop
      vertex -31.45 17.7 17.7
      vertex 31.45 17.7 15.9
      vertex -31.45 17.7 15.9
    endloop
  endfacet
  facet normal -0.823 -0.568042 0
    outer loop
      vertex -37.4381 -15.005 15.9
      vertex -38.5336 -13.4178 17.7
      vertex -38.5336 -13.4178 15.9
    endloop
  endfacet
  facet normal -0.823 -0.568042 0
    outer loop
      vertex -38.5336 -13.4178 17.7
      vertex -37.4381 -15.005 15.9
      vertex -37.4381 -15.005 17.7
    endloop
  endfacet
  facet normal 0.823 0.568042 0
    outer loop
      vertex 38.5336 13.4178 17.7
      vertex 37.4381 15.005 15.9
      vertex 37.4381 15.005 17.7
    endloop
  endfacet
  facet normal 0.823 0.568042 0
    outer loop
      vertex 37.4381 15.005 15.9
      vertex 38.5336 13.4178 17.7
      vertex 38.5336 13.4178 15.9
    endloop
  endfacet
  facet normal 0.983618 -0.180267 0
    outer loop
      vertex 38.9301 -12.5368 17.7
      vertex 39.45 -9.7 15.9
      vertex 39.45 -9.7 17.7
    endloop
  endfacet
  facet normal 0.983618 -0.180267 0
    outer loop
      vertex 39.45 -9.7 15.9
      vertex 38.9301 -12.5368 17.7
      vertex 38.9301 -12.5368 15.9
    endloop
  endfacet
  facet normal 0.748515 -0.663117 0
    outer loop
      vertex 36.755 -15.6881 17.7
      vertex 38.0339 -14.2445 15.9
      vertex 38.0339 -14.2445 17.7
    endloop
  endfacet
  facet normal 0.748515 -0.663117 0
    outer loop
      vertex 38.0339 -14.2445 15.9
      vertex 36.755 -15.6881 17.7
      vertex 36.755 -15.6881 15.9
    endloop
  endfacet
  facet normal 0 0 -1
    outer loop
      vertex 35.45 -9.33652 12.7
      vertex 37.05 9.55472 12.7
      vertex 37.05 -9.48187 12.7
    endloop
  endfacet
  facet normal 0 0 -1
    outer loop
      vertex 35.1054 -11.217 12.7
      vertex 37.05 -9.48187 12.7
      vertex 36.6353 -11.745 12.7
    endloop
  endfacet
  facet normal 0 0 -1
    outer loop
      vertex 37.05 9.55472 12.7
      vertex 35.45 -9.33652 12.7
      vertex 35.45 9.45799 12.7
    endloop
  endfacet
  facet normal 0 0 -1
    outer loop
      vertex 35.1054 -11.217 12.7
      vertex 36.6353 -11.745 12.7
      vertex 36.0442 -12.8711 12.7
    endloop
  endfacet
  facet normal 0 0 -1
    outer loop
      vertex 35.3052 10.6503 12.7
      vertex 37.05 9.55472 12.7
      vertex 35.45 9.45799 12.7
    endloop
  endfacet
  facet normal 0 0 -1
    outer loop
      vertex 37.05 9.55472 12.7
      vertex 35.3052 10.6503 12.7
      vertex 36.8701 11.036 12.7
    endloop
  endfacet
  facet normal 0 0 -1
    outer loop
      vertex 34.7178 -11.9556 12.7
      vertex 36.0442 -12.8711 12.7
      vertex 35.1518 -13.8785 12.7
    endloop
  endfacet
  facet normal -0 0 -1
    outer loop
      vertex 37.05 -9.48187 12.7
      vertex 35.1054 -11.217 12.7
      vertex 35.45 -9.33652 12.7
    endloop
  endfacet
  facet normal 0 0 -1
    outer loop
      vertex 36.0442 -12.8711 12.7
      vertex 34.7178 -11.9556 12.7
      vertex 35.1054 -11.217 12.7
    endloop
  endfacet
  facet normal 0 0 -1
    outer loop
      vertex 35.1518 -13.8785 12.7
      vertex 34.083 -12.672 12.7
      vertex 34.7178 -11.9556 12.7
    endloop
  endfacet
  facet normal 0 0 -1
    outer loop
      vertex 34.0442 -14.643 12.7
      vertex 34.083 -12.672 12.7
      vertex 35.1518 -13.8785 12.7
    endloop
  endfacet
  facet normal 0 0 -1
    outer loop
      vertex 34.0442 -14.643 12.7
      vertex 33.2952 -13.2158 12.7
      vertex 34.083 -12.672 12.7
    endloop
  endfacet
  facet normal 0 0 -1
    outer loop
      vertex 32.786 -15.1201 12.7
      vertex 33.2952 -13.2158 12.7
      vertex 34.0442 -14.643 12.7
    endloop
  endfacet
  facet normal 0 0 -1
    outer loop
      vertex 32.786 -15.1201 12.7
      vertex 32.4003 -13.5552 12.7
      vertex 33.2952 -13.2158 12.7
    endloop
  endfacet
  facet normal 0 0 -1
    outer loop
      vertex 31.3047 -15.3 12.7
      vertex 32.4003 -13.5552 12.7
      vertex 32.786 -15.1201 12.7
    endloop
  endfacet
  facet normal 0 0 -1
    outer loop
      vertex 31.3047 -15.3 12.7
      vertex 31.208 -13.7 12.7
      vertex 32.4003 -13.5552 12.7
    endloop
  endfacet
  facet normal 0 0 -1
    outer loop
      vertex 31.3047 -15.3 12.7
      vertex -31.0865 -13.7 12.7
      vertex 31.208 -13.7 12.7
    endloop
  endfacet
  facet normal 0 0 -1
    outer loop
      vertex -31.2319 -15.3 12.7
      vertex -31.0865 -13.7 12.7
      vertex 31.3047 -15.3 12.7
    endloop
  endfacet
  facet normal 0 0 -1
    outer loop
      vertex -31.2319 -15.3 12.7
      vertex -32.967 -13.3554 12.7
      vertex -31.0865 -13.7 12.7
    endloop
  endfacet
  facet normal 0 0 -1
    outer loop
      vertex -33.495 -14.8853 12.7
      vertex -32.967 -13.3554 12.7
      vertex -31.2319 -15.3 12.7
    endloop
  endfacet
  facet normal 0 0 -1
    outer loop
      vertex -34.6211 -14.2942 12.7
      vertex -32.967 -13.3554 12.7
      vertex -33.495 -14.8853 12.7
    endloop
  endfacet
  facet normal -0 0 -1
    outer loop
      vertex -32.967 -13.3554 12.7
      vertex -34.6211 -14.2942 12.7
      vertex -33.7056 -12.9678 12.7
    endloop
  endfacet
  facet normal -0 0 -1
    outer loop
      vertex -33.7056 -12.9678 12.7
      vertex -34.6211 -14.2942 12.7
      vertex -34.422 -12.333 12.7
    endloop
  endfacet
  facet normal 0 0 -1
    outer loop
      vertex -35.6285 -13.4018 12.7
      vertex -34.422 -12.333 12.7
      vertex -34.6211 -14.2942 12.7
    endloop
  endfacet
  facet normal -0 0 -1
    outer loop
      vertex -34.422 -12.333 12.7
      vertex -35.6285 -13.4018 12.7
      vertex -34.9658 -11.5452 12.7
    endloop
  endfacet
  facet normal 0 0 -1
    outer loop
      vertex -36.8701 -11.036 12.7
      vertex -35.3052 -10.6503 12.7
      vertex -36.393 -12.2942 12.7
    endloop
  endfacet
  facet normal -0 0 -1
    outer loop
      vertex -34.9658 -11.5452 12.7
      vertex -36.393 -12.2942 12.7
      vertex -35.3052 -10.6503 12.7
    endloop
  endfacet
  facet normal 0 0 -1
    outer loop
      vertex -36.393 -12.2942 12.7
      vertex -34.9658 -11.5452 12.7
      vertex -35.6285 -13.4018 12.7
    endloop
  endfacet
  facet normal -0 0 -1
    outer loop
      vertex 36.8701 11.036 12.7
      vertex 35.3052 10.6503 12.7
      vertex 36.393 12.2942 12.7
    endloop
  endfacet
  facet normal 0 0 -1
    outer loop
      vertex 34.9658 11.5452 12.7
      vertex 36.393 12.2942 12.7
      vertex 35.3052 10.6503 12.7
    endloop
  endfacet
  facet normal -0 0 -1
    outer loop
      vertex 36.393 12.2942 12.7
      vertex 34.9658 11.5452 12.7
      vertex 35.6285 13.4018 12.7
    endloop
  endfacet
  facet normal 0 0 -1
    outer loop
      vertex 34.422 12.333 12.7
      vertex 35.6285 13.4018 12.7
      vertex 34.9658 11.5452 12.7
    endloop
  endfacet
  facet normal -0 0 -1
    outer loop
      vertex 35.6285 13.4018 12.7
      vertex 34.422 12.333 12.7
      vertex 34.6211 14.2942 12.7
    endloop
  endfacet
  facet normal 0 0 -1
    outer loop
      vertex 33.7056 12.9678 12.7
      vertex 34.6211 14.2942 12.7
      vertex 34.422 12.333 12.7
    endloop
  endfacet
  facet normal 0 0 -1
    outer loop
      vertex 32.967 13.3554 12.7
      vertex 34.6211 14.2942 12.7
      vertex 33.7056 12.9678 12.7
    endloop
  endfacet
  facet normal -0 0 -1
    outer loop
      vertex 34.6211 14.2942 12.7
      vertex 32.967 13.3554 12.7
      vertex 33.495 14.8853 12.7
    endloop
  endfacet
  facet normal 0 0 -1
    outer loop
      vertex 32.967 13.3554 12.7
      vertex 31.2319 15.3 12.7
      vertex 33.495 14.8853 12.7
    endloop
  endfacet
  facet normal 0 0 -1
    outer loop
      vertex 31.0865 13.7 12.7
      vertex 31.2319 15.3 12.7
      vertex 32.967 13.3554 12.7
    endloop
  endfacet
  facet normal 0 0 -1
    outer loop
      vertex -31.3047 15.3 12.7
      vertex 31.0865 13.7 12.7
      vertex -31.208 13.7 12.7
    endloop
  endfacet
  facet normal 0 0 -1
    outer loop
      vertex 31.0865 13.7 12.7
      vertex -31.3047 15.3 12.7
      vertex 31.2319 15.3 12.7
    endloop
  endfacet
  facet normal 0 0 -1
    outer loop
      vertex -32.4003 13.5552 12.7
      vertex -31.3047 15.3 12.7
      vertex -31.208 13.7 12.7
    endloop
  endfacet
  facet normal 0 0 -1
    outer loop
      vertex -32.4003 13.5552 12.7
      vertex -32.786 15.1201 12.7
      vertex -31.3047 15.3 12.7
    endloop
  endfacet
  facet normal 0 0 -1
    outer loop
      vertex -33.2952 13.2158 12.7
      vertex -32.786 15.1201 12.7
      vertex -32.4003 13.5552 12.7
    endloop
  endfacet
  facet normal 0 0 -1
    outer loop
      vertex -33.2952 13.2158 12.7
      vertex -34.0442 14.643 12.7
      vertex -32.786 15.1201 12.7
    endloop
  endfacet
  facet normal 0 0 -1
    outer loop
      vertex -34.083 12.672 12.7
      vertex -34.0442 14.643 12.7
      vertex -33.2952 13.2158 12.7
    endloop
  endfacet
  facet normal 0 0 -1
    outer loop
      vertex -35.1518 13.8785 12.7
      vertex -34.083 12.672 12.7
      vertex -34.7178 11.9556 12.7
    endloop
  endfacet
  facet normal 0 0 -1
    outer loop
      vertex -36.0442 12.8711 12.7
      vertex -34.7178 11.9556 12.7
      vertex -35.1054 11.217 12.7
    endloop
  endfacet
  facet normal 0 0 -1
    outer loop
      vertex -34.083 12.672 12.7
      vertex -35.1518 13.8785 12.7
      vertex -34.0442 14.643 12.7
    endloop
  endfacet
  facet normal 0 0 -1
    outer loop
      vertex -37.05 9.48187 12.7
      vertex -35.1054 11.217 12.7
      vertex -35.45 9.33652 12.7
    endloop
  endfacet
  facet normal 0 0 -1
    outer loop
      vertex -34.7178 11.9556 12.7
      vertex -36.0442 12.8711 12.7
      vertex -35.1518 13.8785 12.7
    endloop
  endfacet
  facet normal -0 0 -1
    outer loop
      vertex -35.45 -9.45799 12.7
      vertex -37.05 -9.55472 12.7
      vertex -35.45 9.33652 12.7
    endloop
  endfacet
  facet normal 0 0 -1
    outer loop
      vertex -37.05 -9.55472 12.7
      vertex -35.3052 -10.6503 12.7
      vertex -36.8701 -11.036 12.7
    endloop
  endfacet
  facet normal -0 0 -1
    outer loop
      vertex -35.45 9.33652 12.7
      vertex -37.05 -9.55472 12.7
      vertex -37.05 9.48187 12.7
    endloop
  endfacet
  facet normal 0 0 -1
    outer loop
      vertex -35.3052 -10.6503 12.7
      vertex -37.05 -9.55472 12.7
      vertex -35.45 -9.45799 12.7
    endloop
  endfacet
  facet normal -0 0 -1
    outer loop
      vertex -35.1054 11.217 12.7
      vertex -37.05 9.48187 12.7
      vertex -36.6353 11.745 12.7
    endloop
  endfacet
  facet normal 0 0 -1
    outer loop
      vertex -35.1054 11.217 12.7
      vertex -36.6353 11.745 12.7
      vertex -36.0442 12.8711 12.7
    endloop
  endfacet
  facet normal 0.354558 -0.935034 0
    outer loop
      vertex 32.786 -15.1201 12.7
      vertex 34.0442 -14.643 15.9
      vertex 32.786 -15.1201 15.9
    endloop
  endfacet
  facet normal 0.354558 -0.935034 0
    outer loop
      vertex 34.0442 -14.643 15.9
      vertex 32.786 -15.1201 12.7
      vertex 34.0442 -14.643 12.7
    endloop
  endfacet
  facet normal 0.568054 -0.822991 0
    outer loop
      vertex 34.0442 -14.643 12.7
      vertex 35.1518 -13.8785 15.9
      vertex 34.0442 -14.643 15.9
    endloop
  endfacet
  facet normal 0.568054 -0.822991 0
    outer loop
      vertex 35.1518 -13.8785 15.9
      vertex 34.0442 -14.643 12.7
      vertex 35.1518 -13.8785 12.7
    endloop
  endfacet
  facet normal 0.74854 -0.66309 0
    outer loop
      vertex 35.1518 -13.8785 15.9
      vertex 36.0442 -12.8711 12.7
      vertex 36.0442 -12.8711 15.9
    endloop
  endfacet
  facet normal 0.74854 -0.66309 0
    outer loop
      vertex 36.0442 -12.8711 12.7
      vertex 35.1518 -13.8785 15.9
      vertex 35.1518 -13.8785 12.7
    endloop
  endfacet
  facet normal 0.885431 -0.464771 0
    outer loop
      vertex 36.0442 -12.8711 15.9
      vertex 36.6353 -11.745 12.7
      vertex 36.6353 -11.745 15.9
    endloop
  endfacet
  facet normal 0.885431 -0.464771 0
    outer loop
      vertex 36.6353 -11.745 12.7
      vertex 36.0442 -12.8711 15.9
      vertex 36.0442 -12.8711 12.7
    endloop
  endfacet
  facet normal 0.983623 -0.180241 0
    outer loop
      vertex 36.6353 -11.745 15.9
      vertex 37.05 -9.48187 12.7
      vertex 37.05 -9.48187 15.9
    endloop
  endfacet
  facet normal 0.983623 -0.180241 0
    outer loop
      vertex 37.05 -9.48187 12.7
      vertex 36.6353 -11.745 15.9
      vertex 36.6353 -11.745 12.7
    endloop
  endfacet
  facet normal 1 -0 0
    outer loop
      vertex 37.05 -9.48187 15.9
      vertex 37.05 9.55472 12.7
      vertex 37.05 9.55472 15.9
    endloop
  endfacet
  facet normal 1 0 0
    outer loop
      vertex 37.05 9.55472 12.7
      vertex 37.05 -9.48187 15.9
      vertex 37.05 -9.48187 12.7
    endloop
  endfacet
  facet normal 0.992706 0.120563 0
    outer loop
      vertex 37.05 9.55472 15.9
      vertex 36.8701 11.036 12.7
      vertex 36.8701 11.036 15.9
    endloop
  endfacet
  facet normal 0.992706 0.120563 0
    outer loop
      vertex 36.8701 11.036 12.7
      vertex 37.05 9.55472 15.9
      vertex 37.05 9.55472 12.7
    endloop
  endfacet
  facet normal 0.935034 0.354558 0
    outer loop
      vertex 36.8701 11.036 15.9
      vertex 36.393 12.2942 12.7
      vertex 36.393 12.2942 15.9
    endloop
  endfacet
  facet normal 0.935034 0.354558 0
    outer loop
      vertex 36.393 12.2942 12.7
      vertex 36.8701 11.036 15.9
      vertex 36.8701 11.036 12.7
    endloop
  endfacet
  facet normal 0.822991 0.568054 0
    outer loop
      vertex 36.393 12.2942 15.9
      vertex 35.6285 13.4018 12.7
      vertex 35.6285 13.4018 15.9
    endloop
  endfacet
  facet normal 0.822991 0.568054 0
    outer loop
      vertex 35.6285 13.4018 12.7
      vertex 36.393 12.2942 15.9
      vertex 36.393 12.2942 12.7
    endloop
  endfacet
  facet normal 0.66309 0.74854 -0
    outer loop
      vertex 35.6285 13.4018 12.7
      vertex 34.6211 14.2942 15.9
      vertex 35.6285 13.4018 15.9
    endloop
  endfacet
  facet normal 0.66309 0.74854 0
    outer loop
      vertex 34.6211 14.2942 15.9
      vertex 35.6285 13.4018 12.7
      vertex 34.6211 14.2942 12.7
    endloop
  endfacet
  facet normal 0.464771 0.885431 -0
    outer loop
      vertex 34.6211 14.2942 12.7
      vertex 33.495 14.8853 15.9
      vertex 34.6211 14.2942 15.9
    endloop
  endfacet
  facet normal 0.464771 0.885431 0
    outer loop
      vertex 33.495 14.8853 15.9
      vertex 34.6211 14.2942 12.7
      vertex 33.495 14.8853 12.7
    endloop
  endfacet
  facet normal 0.180243 0.983622 -0
    outer loop
      vertex 33.495 14.8853 12.7
      vertex 31.2319 15.3 15.9
      vertex 33.495 14.8853 15.9
    endloop
  endfacet
  facet normal 0.180243 0.983622 0
    outer loop
      vertex 31.2319 15.3 15.9
      vertex 33.495 14.8853 12.7
      vertex 31.2319 15.3 12.7
    endloop
  endfacet
  facet normal 0 1 -0
    outer loop
      vertex 31.2319 15.3 12.7
      vertex -31.3047 15.3 15.9
      vertex 31.2319 15.3 15.9
    endloop
  endfacet
  facet normal 0 1 0
    outer loop
      vertex -31.3047 15.3 15.9
      vertex 31.2319 15.3 12.7
      vertex -31.3047 15.3 12.7
    endloop
  endfacet
  facet normal -0.120562 0.992706 0
    outer loop
      vertex -31.3047 15.3 12.7
      vertex -32.786 15.1201 15.9
      vertex -31.3047 15.3 15.9
    endloop
  endfacet
  facet normal -0.120562 0.992706 0
    outer loop
      vertex -32.786 15.1201 15.9
      vertex -31.3047 15.3 12.7
      vertex -32.786 15.1201 12.7
    endloop
  endfacet
  facet normal -0.354558 0.935034 0
    outer loop
      vertex -32.786 15.1201 12.7
      vertex -34.0442 14.643 15.9
      vertex -32.786 15.1201 15.9
    endloop
  endfacet
  facet normal -0.354558 0.935034 0
    outer loop
      vertex -34.0442 14.643 15.9
      vertex -32.786 15.1201 12.7
      vertex -34.0442 14.643 12.7
    endloop
  endfacet
  facet normal -0.568054 0.822991 0
    outer loop
      vertex -34.0442 14.643 12.7
      vertex -35.1518 13.8785 15.9
      vertex -34.0442 14.643 15.9
    endloop
  endfacet
  facet normal -0.568054 0.822991 0
    outer loop
      vertex -35.1518 13.8785 15.9
      vertex -34.0442 14.643 12.7
      vertex -35.1518 13.8785 12.7
    endloop
  endfacet
  facet normal -0.74854 0.66309 0
    outer loop
      vertex -36.0442 12.8711 12.7
      vertex -35.1518 13.8785 15.9
      vertex -35.1518 13.8785 12.7
    endloop
  endfacet
  facet normal -0.74854 0.66309 0
    outer loop
      vertex -35.1518 13.8785 15.9
      vertex -36.0442 12.8711 12.7
      vertex -36.0442 12.8711 15.9
    endloop
  endfacet
  facet normal -0.885431 0.464771 0
    outer loop
      vertex -36.6353 11.745 12.7
      vertex -36.0442 12.8711 15.9
      vertex -36.0442 12.8711 12.7
    endloop
  endfacet
  facet normal -0.885431 0.464771 0
    outer loop
      vertex -36.0442 12.8711 15.9
      vertex -36.6353 11.745 12.7
      vertex -36.6353 11.745 15.9
    endloop
  endfacet
  facet normal -0.983623 0.180241 0
    outer loop
      vertex -37.05 9.48187 12.7
      vertex -36.6353 11.745 15.9
      vertex -36.6353 11.745 12.7
    endloop
  endfacet
  facet normal -0.983623 0.180241 0
    outer loop
      vertex -36.6353 11.745 15.9
      vertex -37.05 9.48187 12.7
      vertex -37.05 9.48187 15.9
    endloop
  endfacet
  facet normal -1 0 0
    outer loop
      vertex -37.05 -9.55472 12.7
      vertex -37.05 9.48187 15.9
      vertex -37.05 9.48187 12.7
    endloop
  endfacet
  facet normal -1 -0 0
    outer loop
      vertex -37.05 9.48187 15.9
      vertex -37.05 -9.55472 12.7
      vertex -37.05 -9.55472 15.9
    endloop
  endfacet
  facet normal -0.992706 -0.120563 0
    outer loop
      vertex -36.8701 -11.036 12.7
      vertex -37.05 -9.55472 15.9
      vertex -37.05 -9.55472 12.7
    endloop
  endfacet
  facet normal -0.992706 -0.120563 0
    outer loop
      vertex -37.05 -9.55472 15.9
      vertex -36.8701 -11.036 12.7
      vertex -36.8701 -11.036 15.9
    endloop
  endfacet
  facet normal -0.935034 -0.354558 0
    outer loop
      vertex -36.393 -12.2942 12.7
      vertex -36.8701 -11.036 15.9
      vertex -36.8701 -11.036 12.7
    endloop
  endfacet
  facet normal -0.935034 -0.354558 0
    outer loop
      vertex -36.8701 -11.036 15.9
      vertex -36.393 -12.2942 12.7
      vertex -36.393 -12.2942 15.9
    endloop
  endfacet
  facet normal -0.822991 -0.568054 0
    outer loop
      vertex -35.6285 -13.4018 12.7
      vertex -36.393 -12.2942 15.9
      vertex -36.393 -12.2942 12.7
    endloop
  endfacet
  facet normal -0.822991 -0.568054 0
    outer loop
      vertex -36.393 -12.2942 15.9
      vertex -35.6285 -13.4018 12.7
      vertex -35.6285 -13.4018 15.9
    endloop
  endfacet
  facet normal -0.66309 -0.74854 0
    outer loop
      vertex -35.6285 -13.4018 12.7
      vertex -34.6211 -14.2942 15.9
      vertex -35.6285 -13.4018 15.9
    endloop
  endfacet
  facet normal -0.66309 -0.74854 -0
    outer loop
      vertex -34.6211 -14.2942 15.9
      vertex -35.6285 -13.4018 12.7
      vertex -34.6211 -14.2942 12.7
    endloop
  endfacet
  facet normal -0.464771 -0.885431 0
    outer loop
      vertex -34.6211 -14.2942 12.7
      vertex -33.495 -14.8853 15.9
      vertex -34.6211 -14.2942 15.9
    endloop
  endfacet
  facet normal -0.464771 -0.885431 -0
    outer loop
      vertex -33.495 -14.8853 15.9
      vertex -34.6211 -14.2942 12.7
      vertex -33.495 -14.8853 12.7
    endloop
  endfacet
  facet normal -0.180243 -0.983622 0
    outer loop
      vertex -33.495 -14.8853 12.7
      vertex -31.2319 -15.3 15.9
      vertex -33.495 -14.8853 15.9
    endloop
  endfacet
  facet normal -0.180243 -0.983622 -0
    outer loop
      vertex -31.2319 -15.3 15.9
      vertex -33.495 -14.8853 12.7
      vertex -31.2319 -15.3 12.7
    endloop
  endfacet
  facet normal 0 -1 0
    outer loop
      vertex -31.2319 -15.3 12.7
      vertex 31.3047 -15.3 15.9
      vertex -31.2319 -15.3 15.9
    endloop
  endfacet
  facet normal 0 -1 -0
    outer loop
      vertex 31.3047 -15.3 15.9
      vertex -31.2319 -15.3 12.7
      vertex 31.3047 -15.3 12.7
    endloop
  endfacet
  facet normal 0.120562 -0.992706 0
    outer loop
      vertex 31.3047 -15.3 12.7
      vertex 32.786 -15.1201 15.9
      vertex 31.3047 -15.3 15.9
    endloop
  endfacet
  facet normal 0.120562 -0.992706 0
    outer loop
      vertex 32.786 -15.1201 15.9
      vertex 31.3047 -15.3 12.7
      vertex 32.786 -15.1201 12.7
    endloop
  endfacet
  facet normal 0.180248 0.983621 -0
    outer loop
      vertex -31.0865 -13.7 12.7
      vertex -32.967 -13.3554 15.9
      vertex -31.0865 -13.7 15.9
    endloop
  endfacet
  facet normal 0.180248 0.983621 0
    outer loop
      vertex -32.967 -13.3554 15.9
      vertex -31.0865 -13.7 12.7
      vertex -32.967 -13.3554 12.7
    endloop
  endfacet
  facet normal 0.464679 0.885479 -0
    outer loop
      vertex -32.967 -13.3554 12.7
      vertex -33.7056 -12.9678 15.9
      vertex -32.967 -13.3554 15.9
    endloop
  endfacet
  facet normal 0.464679 0.885479 0
    outer loop
      vertex -33.7056 -12.9678 15.9
      vertex -32.967 -13.3554 12.7
      vertex -33.7056 -12.9678 12.7
    endloop
  endfacet
  facet normal 0.663196 0.748446 -0
    outer loop
      vertex -33.7056 -12.9678 12.7
      vertex -34.422 -12.333 15.9
      vertex -33.7056 -12.9678 15.9
    endloop
  endfacet
  facet normal 0.663196 0.748446 0
    outer loop
      vertex -34.422 -12.333 15.9
      vertex -33.7056 -12.9678 12.7
      vertex -34.422 -12.333 12.7
    endloop
  endfacet
  facet normal 0.822974 0.56808 0
    outer loop
      vertex -34.422 -12.333 15.9
      vertex -34.9658 -11.5452 12.7
      vertex -34.9658 -11.5452 15.9
    endloop
  endfacet
  facet normal 0.822974 0.56808 0
    outer loop
      vertex -34.9658 -11.5452 12.7
      vertex -34.422 -12.333 15.9
      vertex -34.422 -12.333 12.7
    endloop
  endfacet
  facet normal 0.935013 0.354613 0
    outer loop
      vertex -34.9658 -11.5452 15.9
      vertex -35.3052 -10.6503 12.7
      vertex -35.3052 -10.6503 15.9
    endloop
  endfacet
  facet normal 0.935013 0.354613 0
    outer loop
      vertex -35.3052 -10.6503 12.7
      vertex -34.9658 -11.5452 15.9
      vertex -34.9658 -11.5452 12.7
    endloop
  endfacet
  facet normal 0.992706 0.120559 0
    outer loop
      vertex -35.3052 -10.6503 15.9
      vertex -35.45 -9.45799 12.7
      vertex -35.45 -9.45799 15.9
    endloop
  endfacet
  facet normal 0.992706 0.120559 0
    outer loop
      vertex -35.45 -9.45799 12.7
      vertex -35.3052 -10.6503 15.9
      vertex -35.3052 -10.6503 12.7
    endloop
  endfacet
  facet normal 1 -0 0
    outer loop
      vertex -35.45 -9.45799 15.9
      vertex -35.45 9.33652 12.7
      vertex -35.45 9.33652 15.9
    endloop
  endfacet
  facet normal 1 0 0
    outer loop
      vertex -35.45 9.33652 12.7
      vertex -35.45 -9.45799 15.9
      vertex -35.45 -9.45799 12.7
    endloop
  endfacet
  facet normal 0.983621 -0.18025 0
    outer loop
      vertex -35.45 9.33652 15.9
      vertex -35.1054 11.217 12.7
      vertex -35.1054 11.217 15.9
    endloop
  endfacet
  facet normal 0.983621 -0.18025 0
    outer loop
      vertex -35.1054 11.217 12.7
      vertex -35.45 9.33652 15.9
      vertex -35.45 9.33652 12.7
    endloop
  endfacet
  facet normal 0.885479 -0.464679 0
    outer loop
      vertex -35.1054 11.217 15.9
      vertex -34.7178 11.9556 12.7
      vertex -34.7178 11.9556 15.9
    endloop
  endfacet
  facet normal 0.885479 -0.464679 0
    outer loop
      vertex -34.7178 11.9556 12.7
      vertex -35.1054 11.217 15.9
      vertex -35.1054 11.217 12.7
    endloop
  endfacet
  facet normal 0.748446 -0.663196 0
    outer loop
      vertex -34.7178 11.9556 15.9
      vertex -34.083 12.672 12.7
      vertex -34.083 12.672 15.9
    endloop
  endfacet
  facet normal 0.748446 -0.663196 0
    outer loop
      vertex -34.083 12.672 12.7
      vertex -34.7178 11.9556 15.9
      vertex -34.7178 11.9556 12.7
    endloop
  endfacet
  facet normal 0.56808 -0.822974 0
    outer loop
      vertex -34.083 12.672 12.7
      vertex -33.2952 13.2158 15.9
      vertex -34.083 12.672 15.9
    endloop
  endfacet
  facet normal 0.56808 -0.822974 0
    outer loop
      vertex -33.2952 13.2158 15.9
      vertex -34.083 12.672 12.7
      vertex -33.2952 13.2158 12.7
    endloop
  endfacet
  facet normal 0.354613 -0.935013 0
    outer loop
      vertex -33.2952 13.2158 12.7
      vertex -32.4003 13.5552 15.9
      vertex -33.2952 13.2158 15.9
    endloop
  endfacet
  facet normal 0.354613 -0.935013 0
    outer loop
      vertex -32.4003 13.5552 15.9
      vertex -33.2952 13.2158 12.7
      vertex -32.4003 13.5552 12.7
    endloop
  endfacet
  facet normal 0.12056 -0.992706 0
    outer loop
      vertex -32.4003 13.5552 12.7
      vertex -31.208 13.7 15.9
      vertex -32.4003 13.5552 15.9
    endloop
  endfacet
  facet normal 0.12056 -0.992706 0
    outer loop
      vertex -31.208 13.7 15.9
      vertex -32.4003 13.5552 12.7
      vertex -31.208 13.7 12.7
    endloop
  endfacet
  facet normal 0 -1 0
    outer loop
      vertex -31.208 13.7 12.7
      vertex 31.0865 13.7 15.9
      vertex -31.208 13.7 15.9
    endloop
  endfacet
  facet normal 0 -1 -0
    outer loop
      vertex 31.0865 13.7 15.9
      vertex -31.208 13.7 12.7
      vertex 31.0865 13.7 12.7
    endloop
  endfacet
  facet normal -0.180248 -0.983621 0
    outer loop
      vertex 31.0865 13.7 12.7
      vertex 32.967 13.3554 15.9
      vertex 31.0865 13.7 15.9
    endloop
  endfacet
  facet normal -0.180248 -0.983621 -0
    outer loop
      vertex 32.967 13.3554 15.9
      vertex 31.0865 13.7 12.7
      vertex 32.967 13.3554 12.7
    endloop
  endfacet
  facet normal -0.464679 -0.885479 0
    outer loop
      vertex 32.967 13.3554 12.7
      vertex 33.7056 12.9678 15.9
      vertex 32.967 13.3554 15.9
    endloop
  endfacet
  facet normal -0.464679 -0.885479 -0
    outer loop
      vertex 33.7056 12.9678 15.9
      vertex 32.967 13.3554 12.7
      vertex 33.7056 12.9678 12.7
    endloop
  endfacet
  facet normal -0.663196 -0.748446 0
    outer loop
      vertex 33.7056 12.9678 12.7
      vertex 34.422 12.333 15.9
      vertex 33.7056 12.9678 15.9
    endloop
  endfacet
  facet normal -0.663196 -0.748446 -0
    outer loop
      vertex 34.422 12.333 15.9
      vertex 33.7056 12.9678 12.7
      vertex 34.422 12.333 12.7
    endloop
  endfacet
  facet normal -0.822974 -0.56808 0
    outer loop
      vertex 34.9658 11.5452 12.7
      vertex 34.422 12.333 15.9
      vertex 34.422 12.333 12.7
    endloop
  endfacet
  facet normal -0.822974 -0.56808 0
    outer loop
      vertex 34.422 12.333 15.9
      vertex 34.9658 11.5452 12.7
      vertex 34.9658 11.5452 15.9
    endloop
  endfacet
  facet normal -0.935013 -0.354613 0
    outer loop
      vertex 35.3052 10.6503 12.7
      vertex 34.9658 11.5452 15.9
      vertex 34.9658 11.5452 12.7
    endloop
  endfacet
  facet normal -0.935013 -0.354613 0
    outer loop
      vertex 34.9658 11.5452 15.9
      vertex 35.3052 10.6503 12.7
      vertex 35.3052 10.6503 15.9
    endloop
  endfacet
  facet normal -0.992706 -0.120559 0
    outer loop
      vertex 35.45 9.45799 12.7
      vertex 35.3052 10.6503 15.9
      vertex 35.3052 10.6503 12.7
    endloop
  endfacet
  facet normal -0.992706 -0.120559 0
    outer loop
      vertex 35.3052 10.6503 15.9
      vertex 35.45 9.45799 12.7
      vertex 35.45 9.45799 15.9
    endloop
  endfacet
  facet normal -1 0 0
    outer loop
      vertex 35.45 -9.33652 12.7
      vertex 35.45 9.45799 15.9
      vertex 35.45 9.45799 12.7
    endloop
  endfacet
  facet normal -1 -0 0
    outer loop
      vertex 35.45 9.45799 15.9
      vertex 35.45 -9.33652 12.7
      vertex 35.45 -9.33652 15.9
    endloop
  endfacet
  facet normal -0.983621 0.18025 0
    outer loop
      vertex 35.1054 -11.217 12.7
      vertex 35.45 -9.33652 15.9
      vertex 35.45 -9.33652 12.7
    endloop
  endfacet
  facet normal -0.983621 0.18025 0
    outer loop
      vertex 35.45 -9.33652 15.9
      vertex 35.1054 -11.217 12.7
      vertex 35.1054 -11.217 15.9
    endloop
  endfacet
  facet normal -0.885479 0.464679 0
    outer loop
      vertex 34.7178 -11.9556 12.7
      vertex 35.1054 -11.217 15.9
      vertex 35.1054 -11.217 12.7
    endloop
  endfacet
  facet normal -0.885479 0.464679 0
    outer loop
      vertex 35.1054 -11.217 15.9
      vertex 34.7178 -11.9556 12.7
      vertex 34.7178 -11.9556 15.9
    endloop
  endfacet
  facet normal -0.748446 0.663196 0
    outer loop
      vertex 34.083 -12.672 12.7
      vertex 34.7178 -11.9556 15.9
      vertex 34.7178 -11.9556 12.7
    endloop
  endfacet
  facet normal -0.748446 0.663196 0
    outer loop
      vertex 34.7178 -11.9556 15.9
      vertex 34.083 -12.672 12.7
      vertex 34.083 -12.672 15.9
    endloop
  endfacet
  facet normal -0.56808 0.822974 0
    outer loop
      vertex 34.083 -12.672 12.7
      vertex 33.2952 -13.2158 15.9
      vertex 34.083 -12.672 15.9
    endloop
  endfacet
  facet normal -0.56808 0.822974 0
    outer loop
      vertex 33.2952 -13.2158 15.9
      vertex 34.083 -12.672 12.7
      vertex 33.2952 -13.2158 12.7
    endloop
  endfacet
  facet normal -0.354613 0.935013 0
    outer loop
      vertex 33.2952 -13.2158 12.7
      vertex 32.4003 -13.5552 15.9
      vertex 33.2952 -13.2158 15.9
    endloop
  endfacet
  facet normal -0.354613 0.935013 0
    outer loop
      vertex 32.4003 -13.5552 15.9
      vertex 33.2952 -13.2158 12.7
      vertex 32.4003 -13.5552 12.7
    endloop
  endfacet
  facet normal -0.12056 0.992706 0
    outer loop
      vertex 32.4003 -13.5552 12.7
      vertex 31.208 -13.7 15.9
      vertex 32.4003 -13.5552 15.9
    endloop
  endfacet
  facet normal -0.12056 0.992706 0
    outer loop
      vertex 31.208 -13.7 15.9
      vertex 32.4003 -13.5552 12.7
      vertex 31.208 -13.7 12.7
    endloop
  endfacet
  facet normal 0 1 -0
    outer loop
      vertex 31.208 -13.7 12.7
      vertex -31.0865 -13.7 15.9
      vertex 31.208 -13.7 15.9
    endloop
  endfacet
  facet normal 0 1 0
    outer loop
      vertex -31.0865 -13.7 15.9
      vertex 31.208 -13.7 12.7
      vertex -31.0865 -13.7 12.7
    endloop
  endfacet
  facet normal 0.555625 -0.831433 0
    outer loop
      vertex -28.1389 -2.11109 15.9
      vertex -27.9605 -1.99187 17.7
      vertex -28.1389 -2.11109 17.7
    endloop
  endfacet
  facet normal 0.555625 -0.831433 0
    outer loop
      vertex -27.9605 -1.99187 17.7
      vertex -28.1389 -2.11109 15.9
      vertex -27.9605 -1.99187 15.9
    endloop
  endfacet
  facet normal -0.831519 -0.555496 0
    outer loop
      vertex -27.2419 -2.28952 15.9
      vertex -27.3611 -2.11109 17.7
      vertex -27.3611 -2.11109 15.9
    endloop
  endfacet
  facet normal -0.831519 -0.555496 0
    outer loop
      vertex -27.3611 -2.11109 17.7
      vertex -27.2419 -2.28952 15.9
      vertex -27.2419 -2.28952 17.7
    endloop
  endfacet
  facet normal -0.980756 -0.195238 0
    outer loop
      vertex -27.2 -2.5 15.9
      vertex -27.2419 -2.28952 17.7
      vertex -27.2419 -2.28952 15.9
    endloop
  endfacet
  facet normal -0.980756 -0.195238 0
    outer loop
      vertex -27.2419 -2.28952 17.7
      vertex -27.2 -2.5 15.9
      vertex -27.2 -2.5 17.7
    endloop
  endfacet
  facet normal 0.831519 -0.555496 0
    outer loop
      vertex -28.2581 -2.28952 17.7
      vertex -28.1389 -2.11109 15.9
      vertex -28.1389 -2.11109 17.7
    endloop
  endfacet
  facet normal 0.831519 -0.555496 0
    outer loop
      vertex -28.1389 -2.11109 15.9
      vertex -28.2581 -2.28952 17.7
      vertex -28.2581 -2.28952 15.9
    endloop
  endfacet
  facet normal 0.195086 0.980786 -0
    outer loop
      vertex -27.75 -3.05 15.9
      vertex -27.9605 -3.00813 17.7
      vertex -27.75 -3.05 17.7
    endloop
  endfacet
  facet normal 0.195086 0.980786 0
    outer loop
      vertex -27.9605 -3.00813 17.7
      vertex -27.75 -3.05 15.9
      vertex -27.9605 -3.00813 15.9
    endloop
  endfacet
  facet normal -0.195086 0.980786 0
    outer loop
      vertex -27.5395 -3.00813 15.9
      vertex -27.75 -3.05 17.7
      vertex -27.5395 -3.00813 17.7
    endloop
  endfacet
  facet normal -0.195086 0.980786 0
    outer loop
      vertex -27.75 -3.05 17.7
      vertex -27.5395 -3.00813 15.9
      vertex -27.75 -3.05 15.9
    endloop
  endfacet
  facet normal -0.555625 0.831433 0
    outer loop
      vertex -27.3611 -2.88891 15.9
      vertex -27.5395 -3.00813 17.7
      vertex -27.3611 -2.88891 17.7
    endloop
  endfacet
  facet normal -0.555625 0.831433 0
    outer loop
      vertex -27.5395 -3.00813 17.7
      vertex -27.3611 -2.88891 15.9
      vertex -27.5395 -3.00813 15.9
    endloop
  endfacet
  facet normal -0.831534 0.555474 0
    outer loop
      vertex -27.3611 -2.88891 15.9
      vertex -27.2419 -2.71047 17.7
      vertex -27.2419 -2.71047 15.9
    endloop
  endfacet
  facet normal -0.831534 0.555474 0
    outer loop
      vertex -27.2419 -2.71047 17.7
      vertex -27.3611 -2.88891 15.9
      vertex -27.3611 -2.88891 17.7
    endloop
  endfacet
  facet normal 0.980756 -0.195238 0
    outer loop
      vertex -28.3 -2.5 17.7
      vertex -28.2581 -2.28952 15.9
      vertex -28.2581 -2.28952 17.7
    endloop
  endfacet
  facet normal 0.980756 -0.195238 0
    outer loop
      vertex -28.2581 -2.28952 15.9
      vertex -28.3 -2.5 17.7
      vertex -28.3 -2.5 15.9
    endloop
  endfacet
  facet normal -0.980754 0.195247 0
    outer loop
      vertex -27.2419 -2.71047 15.9
      vertex -27.2 -2.5 17.7
      vertex -27.2 -2.5 15.9
    endloop
  endfacet
  facet normal -0.980754 0.195247 0
    outer loop
      vertex -27.2 -2.5 17.7
      vertex -27.2419 -2.71047 15.9
      vertex -27.2419 -2.71047 17.7
    endloop
  endfacet
  facet normal 0.195086 -0.980786 0
    outer loop
      vertex -27.9605 -1.99187 15.9
      vertex -27.75 -1.95 17.7
      vertex -27.9605 -1.99187 17.7
    endloop
  endfacet
  facet normal 0.195086 -0.980786 0
    outer loop
      vertex -27.75 -1.95 17.7
      vertex -27.9605 -1.99187 15.9
      vertex -27.75 -1.95 15.9
    endloop
  endfacet
  facet normal -0.195086 -0.980786 0
    outer loop
      vertex -27.75 -1.95 15.9
      vertex -27.5395 -1.99187 17.7
      vertex -27.75 -1.95 17.7
    endloop
  endfacet
  facet normal -0.195086 -0.980786 -0
    outer loop
      vertex -27.5395 -1.99187 17.7
      vertex -27.75 -1.95 15.9
      vertex -27.5395 -1.99187 15.9
    endloop
  endfacet
  facet normal -0.555625 -0.831433 0
    outer loop
      vertex -27.5395 -1.99187 15.9
      vertex -27.3611 -2.11109 17.7
      vertex -27.5395 -1.99187 17.7
    endloop
  endfacet
  facet normal -0.555625 -0.831433 -0
    outer loop
      vertex -27.3611 -2.11109 17.7
      vertex -27.5395 -1.99187 15.9
      vertex -27.3611 -2.11109 15.9
    endloop
  endfacet
  facet normal 0.831534 0.555474 0
    outer loop
      vertex -28.1389 -2.88891 17.7
      vertex -28.2581 -2.71047 15.9
      vertex -28.2581 -2.71047 17.7
    endloop
  endfacet
  facet normal 0.831534 0.555474 0
    outer loop
      vertex -28.2581 -2.71047 15.9
      vertex -28.1389 -2.88891 17.7
      vertex -28.1389 -2.88891 15.9
    endloop
  endfacet
  facet normal 0.980754 0.195247 0
    outer loop
      vertex -28.2581 -2.71047 17.7
      vertex -28.3 -2.5 15.9
      vertex -28.3 -2.5 17.7
    endloop
  endfacet
  facet normal 0.980754 0.195247 0
    outer loop
      vertex -28.3 -2.5 15.9
      vertex -28.2581 -2.71047 17.7
      vertex -28.2581 -2.71047 15.9
    endloop
  endfacet
  facet normal 0.555625 0.831433 -0
    outer loop
      vertex -27.9605 -3.00813 15.9
      vertex -28.1389 -2.88891 17.7
      vertex -27.9605 -3.00813 17.7
    endloop
  endfacet
  facet normal 0.555625 0.831433 0
    outer loop
      vertex -28.1389 -2.88891 17.7
      vertex -27.9605 -3.00813 15.9
      vertex -28.1389 -2.88891 15.9
    endloop
  endfacet
  facet normal -0.831524 -0.555489 0
    outer loop
      vertex -27.2419 0.210475 15.9
      vertex -27.3611 0.388908 17.7
      vertex -27.3611 0.388908 15.9
    endloop
  endfacet
  facet normal -0.831524 -0.555489 0
    outer loop
      vertex -27.3611 0.388908 17.7
      vertex -27.2419 0.210475 15.9
      vertex -27.2419 0.210475 17.7
    endloop
  endfacet
  facet normal -0.980755 -0.195242 0
    outer loop
      vertex -27.2 0 15.9
      vertex -27.2419 0.210475 17.7
      vertex -27.2419 0.210475 15.9
    endloop
  endfacet
  facet normal -0.980755 -0.195242 0
    outer loop
      vertex -27.2419 0.210475 17.7
      vertex -27.2 0 15.9
      vertex -27.2 0 17.7
    endloop
  endfacet
  facet normal -0.555641 0.831422 0
    outer loop
      vertex -27.3611 -0.388908 15.9
      vertex -27.5395 -0.508133 17.7
      vertex -27.3611 -0.388908 17.7
    endloop
  endfacet
  facet normal -0.555641 0.831422 0
    outer loop
      vertex -27.5395 -0.508133 17.7
      vertex -27.3611 -0.388908 15.9
      vertex -27.5395 -0.508133 15.9
    endloop
  endfacet
  facet normal 0.195068 0.98079 -0
    outer loop
      vertex -27.75 -0.549999 15.9
      vertex -27.9605 -0.508133 17.7
      vertex -27.75 -0.549999 17.7
    endloop
  endfacet
  facet normal 0.195068 0.98079 0
    outer loop
      vertex -27.9605 -0.508133 17.7
      vertex -27.75 -0.549999 15.9
      vertex -27.9605 -0.508133 15.9
    endloop
  endfacet
  facet normal 0.831524 -0.555489 0
    outer loop
      vertex -28.2581 0.210475 17.7
      vertex -28.1389 0.388908 15.9
      vertex -28.1389 0.388908 17.7
    endloop
  endfacet
  facet normal 0.831524 -0.555489 0
    outer loop
      vertex -28.1389 0.388908 15.9
      vertex -28.2581 0.210475 17.7
      vertex -28.2581 0.210475 15.9
    endloop
  endfacet
  facet normal -0.195068 -0.98079 0
    outer loop
      vertex -27.75 0.549999 15.9
      vertex -27.5395 0.508133 17.7
      vertex -27.75 0.549999 17.7
    endloop
  endfacet
  facet normal -0.195068 -0.98079 -0
    outer loop
      vertex -27.5395 0.508133 17.7
      vertex -27.75 0.549999 15.9
      vertex -27.5395 0.508133 15.9
    endloop
  endfacet
  facet normal -0.831524 0.555489 0
    outer loop
      vertex -27.3611 -0.388908 15.9
      vertex -27.2419 -0.210475 17.7
      vertex -27.2419 -0.210475 15.9
    endloop
  endfacet
  facet normal -0.831524 0.555489 0
    outer loop
      vertex -27.2419 -0.210475 17.7
      vertex -27.3611 -0.388908 15.9
      vertex -27.3611 -0.388908 17.7
    endloop
  endfacet
  facet normal -0.980755 0.195242 0
    outer loop
      vertex -27.2419 -0.210475 15.9
      vertex -27.2 0 17.7
      vertex -27.2 0 15.9
    endloop
  endfacet
  facet normal -0.980755 0.195242 0
    outer loop
      vertex -27.2 0 17.7
      vertex -27.2419 -0.210475 15.9
      vertex -27.2419 -0.210475 17.7
    endloop
  endfacet
  facet normal 0.555641 -0.831422 0
    outer loop
      vertex -28.1389 0.388908 15.9
      vertex -27.9605 0.508133 17.7
      vertex -28.1389 0.388908 17.7
    endloop
  endfacet
  facet normal 0.555641 -0.831422 0
    outer loop
      vertex -27.9605 0.508133 17.7
      vertex -28.1389 0.388908 15.9
      vertex -27.9605 0.508133 15.9
    endloop
  endfacet
  facet normal -0.195068 0.98079 0
    outer loop
      vertex -27.5395 -0.508133 15.9
      vertex -27.75 -0.549999 17.7
      vertex -27.5395 -0.508133 17.7
    endloop
  endfacet
  facet normal -0.195068 0.98079 0
    outer loop
      vertex -27.75 -0.549999 17.7
      vertex -27.5395 -0.508133 15.9
      vertex -27.75 -0.549999 15.9
    endloop
  endfacet
  facet normal 0.195068 -0.98079 0
    outer loop
      vertex -27.9605 0.508133 15.9
      vertex -27.75 0.549999 17.7
      vertex -27.9605 0.508133 17.7
    endloop
  endfacet
  facet normal 0.195068 -0.98079 0
    outer loop
      vertex -27.75 0.549999 17.7
      vertex -27.9605 0.508133 15.9
      vertex -27.75 0.549999 15.9
    endloop
  endfacet
  facet normal 0.980755 -0.195242 0
    outer loop
      vertex -28.3 0 17.7
      vertex -28.2581 0.210475 15.9
      vertex -28.2581 0.210475 17.7
    endloop
  endfacet
  facet normal 0.980755 -0.195242 0
    outer loop
      vertex -28.2581 0.210475 15.9
      vertex -28.3 0 17.7
      vertex -28.3 0 15.9
    endloop
  endfacet
  facet normal -0.555641 -0.831422 0
    outer loop
      vertex -27.5395 0.508133 15.9
      vertex -27.3611 0.388908 17.7
      vertex -27.5395 0.508133 17.7
    endloop
  endfacet
  facet normal -0.555641 -0.831422 -0
    outer loop
      vertex -27.3611 0.388908 17.7
      vertex -27.5395 0.508133 15.9
      vertex -27.3611 0.388908 15.9
    endloop
  endfacet
  facet normal 0.831524 0.555489 0
    outer loop
      vertex -28.1389 -0.388908 17.7
      vertex -28.2581 -0.210475 15.9
      vertex -28.2581 -0.210475 17.7
    endloop
  endfacet
  facet normal 0.831524 0.555489 0
    outer loop
      vertex -28.2581 -0.210475 15.9
      vertex -28.1389 -0.388908 17.7
      vertex -28.1389 -0.388908 15.9
    endloop
  endfacet
  facet normal 0.980755 0.195242 0
    outer loop
      vertex -28.2581 -0.210475 17.7
      vertex -28.3 0 15.9
      vertex -28.3 0 17.7
    endloop
  endfacet
  facet normal 0.980755 0.195242 0
    outer loop
      vertex -28.3 0 15.9
      vertex -28.2581 -0.210475 17.7
      vertex -28.2581 -0.210475 15.9
    endloop
  endfacet
  facet normal 0.555641 0.831422 -0
    outer loop
      vertex -27.9605 -0.508133 15.9
      vertex -28.1389 -0.388908 17.7
      vertex -27.9605 -0.508133 17.7
    endloop
  endfacet
  facet normal 0.555641 0.831422 0
    outer loop
      vertex -28.1389 -0.388908 17.7
      vertex -27.9605 -0.508133 15.9
      vertex -28.1389 -0.388908 15.9
    endloop
  endfacet
  facet normal 0.195086 0.980786 -0
    outer loop
      vertex -27.75 1.95 15.9
      vertex -27.9605 1.99187 17.7
      vertex -27.75 1.95 17.7
    endloop
  endfacet
  facet normal 0.195086 0.980786 0
    outer loop
      vertex -27.9605 1.99187 17.7
      vertex -27.75 1.95 15.9
      vertex -27.9605 1.99187 15.9
    endloop
  endfacet
  facet normal -0.831519 0.555496 0
    outer loop
      vertex -27.3611 2.11109 15.9
      vertex -27.2419 2.28952 17.7
      vertex -27.2419 2.28952 15.9
    endloop
  endfacet
  facet normal -0.831519 0.555496 0
    outer loop
      vertex -27.2419 2.28952 17.7
      vertex -27.3611 2.11109 15.9
      vertex -27.3611 2.11109 17.7
    endloop
  endfacet
  facet normal -0.831534 -0.555474 0
    outer loop
      vertex -27.2419 2.71047 15.9
      vertex -27.3611 2.88891 17.7
      vertex -27.3611 2.88891 15.9
    endloop
  endfacet
  facet normal -0.831534 -0.555474 0
    outer loop
      vertex -27.3611 2.88891 17.7
      vertex -27.2419 2.71047 15.9
      vertex -27.2419 2.71047 17.7
    endloop
  endfacet
  facet normal -0.980754 -0.195247 0
    outer loop
      vertex -27.2 2.5 15.9
      vertex -27.2419 2.71047 17.7
      vertex -27.2419 2.71047 15.9
    endloop
  endfacet
  facet normal -0.980754 -0.195247 0
    outer loop
      vertex -27.2419 2.71047 17.7
      vertex -27.2 2.5 15.9
      vertex -27.2 2.5 17.7
    endloop
  endfacet
  facet normal -0.555625 -0.831433 0
    outer loop
      vertex -27.5395 3.00813 15.9
      vertex -27.3611 2.88891 17.7
      vertex -27.5395 3.00813 17.7
    endloop
  endfacet
  facet normal -0.555625 -0.831433 -0
    outer loop
      vertex -27.3611 2.88891 17.7
      vertex -27.5395 3.00813 15.9
      vertex -27.3611 2.88891 15.9
    endloop
  endfacet
  facet normal -0.195086 -0.980786 0
    outer loop
      vertex -27.75 3.05 15.9
      vertex -27.5395 3.00813 17.7
      vertex -27.75 3.05 17.7
    endloop
  endfacet
  facet normal -0.195086 -0.980786 -0
    outer loop
      vertex -27.5395 3.00813 17.7
      vertex -27.75 3.05 15.9
      vertex -27.5395 3.00813 15.9
    endloop
  endfacet
  facet normal 0.980756 0.195238 0
    outer loop
      vertex -28.2581 2.28952 17.7
      vertex -28.3 2.5 15.9
      vertex -28.3 2.5 17.7
    endloop
  endfacet
  facet normal 0.980756 0.195238 0
    outer loop
      vertex -28.3 2.5 15.9
      vertex -28.2581 2.28952 17.7
      vertex -28.2581 2.28952 15.9
    endloop
  endfacet
  facet normal -0.555625 0.831433 0
    outer loop
      vertex -27.3611 2.11109 15.9
      vertex -27.5395 1.99187 17.7
      vertex -27.3611 2.11109 17.7
    endloop
  endfacet
  facet normal -0.555625 0.831433 0
    outer loop
      vertex -27.5395 1.99187 17.7
      vertex -27.3611 2.11109 15.9
      vertex -27.5395 1.99187 15.9
    endloop
  endfacet
  facet normal 0.831534 -0.555474 0
    outer loop
      vertex -28.2581 2.71047 17.7
      vertex -28.1389 2.88891 15.9
      vertex -28.1389 2.88891 17.7
    endloop
  endfacet
  facet normal 0.831534 -0.555474 0
    outer loop
      vertex -28.1389 2.88891 15.9
      vertex -28.2581 2.71047 17.7
      vertex -28.2581 2.71047 15.9
    endloop
  endfacet
  facet normal 0.195086 -0.980786 0
    outer loop
      vertex -27.9605 3.00813 15.9
      vertex -27.75 3.05 17.7
      vertex -27.9605 3.00813 17.7
    endloop
  endfacet
  facet normal 0.195086 -0.980786 0
    outer loop
      vertex -27.75 3.05 17.7
      vertex -27.9605 3.00813 15.9
      vertex -27.75 3.05 15.9
    endloop
  endfacet
  facet normal 0.555625 -0.831433 0
    outer loop
      vertex -28.1389 2.88891 15.9
      vertex -27.9605 3.00813 17.7
      vertex -28.1389 2.88891 17.7
    endloop
  endfacet
  facet normal 0.555625 -0.831433 0
    outer loop
      vertex -27.9605 3.00813 17.7
      vertex -28.1389 2.88891 15.9
      vertex -27.9605 3.00813 15.9
    endloop
  endfacet
  facet normal -0.980756 0.195238 0
    outer loop
      vertex -27.2419 2.28952 15.9
      vertex -27.2 2.5 17.7
      vertex -27.2 2.5 15.9
    endloop
  endfacet
  facet normal -0.980756 0.195238 0
    outer loop
      vertex -27.2 2.5 17.7
      vertex -27.2419 2.28952 15.9
      vertex -27.2419 2.28952 17.7
    endloop
  endfacet
  facet normal 0.980754 -0.195247 0
    outer loop
      vertex -28.3 2.5 17.7
      vertex -28.2581 2.71047 15.9
      vertex -28.2581 2.71047 17.7
    endloop
  endfacet
  facet normal 0.980754 -0.195247 0
    outer loop
      vertex -28.2581 2.71047 15.9
      vertex -28.3 2.5 17.7
      vertex -28.3 2.5 15.9
    endloop
  endfacet
  facet normal 0.831519 0.555496 0
    outer loop
      vertex -28.1389 2.11109 17.7
      vertex -28.2581 2.28952 15.9
      vertex -28.2581 2.28952 17.7
    endloop
  endfacet
  facet normal 0.831519 0.555496 0
    outer loop
      vertex -28.2581 2.28952 15.9
      vertex -28.1389 2.11109 17.7
      vertex -28.1389 2.11109 15.9
    endloop
  endfacet
  facet normal -0.195086 0.980786 0
    outer loop
      vertex -27.5395 1.99187 15.9
      vertex -27.75 1.95 17.7
      vertex -27.5395 1.99187 17.7
    endloop
  endfacet
  facet normal -0.195086 0.980786 0
    outer loop
      vertex -27.75 1.95 17.7
      vertex -27.5395 1.99187 15.9
      vertex -27.75 1.95 15.9
    endloop
  endfacet
  facet normal 0.555625 0.831433 -0
    outer loop
      vertex -27.9605 1.99187 15.9
      vertex -28.1389 2.11109 17.7
      vertex -27.9605 1.99187 17.7
    endloop
  endfacet
  facet normal 0.555625 0.831433 0
    outer loop
      vertex -28.1389 2.11109 17.7
      vertex -27.9605 1.99187 15.9
      vertex -28.1389 2.11109 15.9
    endloop
  endfacet
  facet normal 0.555625 -0.831433 0
    outer loop
      vertex -25.6389 -2.11109 15.9
      vertex -25.4605 -1.99187 17.7
      vertex -25.6389 -2.11109 17.7
    endloop
  endfacet
  facet normal 0.555625 -0.831433 0
    outer loop
      vertex -25.4605 -1.99187 17.7
      vertex -25.6389 -2.11109 15.9
      vertex -25.4605 -1.99187 15.9
    endloop
  endfacet
  facet normal -0.831519 -0.555496 0
    outer loop
      vertex -24.7419 -2.28952 15.9
      vertex -24.8611 -2.11109 17.7
      vertex -24.8611 -2.11109 15.9
    endloop
  endfacet
  facet normal -0.831519 -0.555496 0
    outer loop
      vertex -24.8611 -2.11109 17.7
      vertex -24.7419 -2.28952 15.9
      vertex -24.7419 -2.28952 17.7
    endloop
  endfacet
  facet normal -0.980756 -0.195238 0
    outer loop
      vertex -24.7 -2.5 15.9
      vertex -24.7419 -2.28952 17.7
      vertex -24.7419 -2.28952 15.9
    endloop
  endfacet
  facet normal -0.980756 -0.195238 0
    outer loop
      vertex -24.7419 -2.28952 17.7
      vertex -24.7 -2.5 15.9
      vertex -24.7 -2.5 17.7
    endloop
  endfacet
  facet normal 0.831519 -0.555496 0
    outer loop
      vertex -25.7581 -2.28952 17.7
      vertex -25.6389 -2.11109 15.9
      vertex -25.6389 -2.11109 17.7
    endloop
  endfacet
  facet normal 0.831519 -0.555496 0
    outer loop
      vertex -25.6389 -2.11109 15.9
      vertex -25.7581 -2.28952 17.7
      vertex -25.7581 -2.28952 15.9
    endloop
  endfacet
  facet normal 0.195086 0.980786 -0
    outer loop
      vertex -25.25 -3.05 15.9
      vertex -25.4605 -3.00813 17.7
      vertex -25.25 -3.05 17.7
    endloop
  endfacet
  facet normal 0.195086 0.980786 0
    outer loop
      vertex -25.4605 -3.00813 17.7
      vertex -25.25 -3.05 15.9
      vertex -25.4605 -3.00813 15.9
    endloop
  endfacet
  facet normal -0.195086 0.980786 0
    outer loop
      vertex -25.0395 -3.00813 15.9
      vertex -25.25 -3.05 17.7
      vertex -25.0395 -3.00813 17.7
    endloop
  endfacet
  facet normal -0.195086 0.980786 0
    outer loop
      vertex -25.25 -3.05 17.7
      vertex -25.0395 -3.00813 15.9
      vertex -25.25 -3.05 15.9
    endloop
  endfacet
  facet normal -0.555625 0.831433 0
    outer loop
      vertex -24.8611 -2.88891 15.9
      vertex -25.0395 -3.00813 17.7
      vertex -24.8611 -2.88891 17.7
    endloop
  endfacet
  facet normal -0.555625 0.831433 0
    outer loop
      vertex -25.0395 -3.00813 17.7
      vertex -24.8611 -2.88891 15.9
      vertex -25.0395 -3.00813 15.9
    endloop
  endfacet
  facet normal -0.831534 0.555474 0
    outer loop
      vertex -24.8611 -2.88891 15.9
      vertex -24.7419 -2.71047 17.7
      vertex -24.7419 -2.71047 15.9
    endloop
  endfacet
  facet normal -0.831534 0.555474 0
    outer loop
      vertex -24.7419 -2.71047 17.7
      vertex -24.8611 -2.88891 15.9
      vertex -24.8611 -2.88891 17.7
    endloop
  endfacet
  facet normal 0.980756 -0.195238 0
    outer loop
      vertex -25.8 -2.5 17.7
      vertex -25.7581 -2.28952 15.9
      vertex -25.7581 -2.28952 17.7
    endloop
  endfacet
  facet normal 0.980756 -0.195238 0
    outer loop
      vertex -25.7581 -2.28952 15.9
      vertex -25.8 -2.5 17.7
      vertex -25.8 -2.5 15.9
    endloop
  endfacet
  facet normal -0.980754 0.195247 0
    outer loop
      vertex -24.7419 -2.71047 15.9
      vertex -24.7 -2.5 17.7
      vertex -24.7 -2.5 15.9
    endloop
  endfacet
  facet normal -0.980754 0.195247 0
    outer loop
      vertex -24.7 -2.5 17.7
      vertex -24.7419 -2.71047 15.9
      vertex -24.7419 -2.71047 17.7
    endloop
  endfacet
  facet normal 0.195086 -0.980786 0
    outer loop
      vertex -25.4605 -1.99187 15.9
      vertex -25.25 -1.95 17.7
      vertex -25.4605 -1.99187 17.7
    endloop
  endfacet
  facet normal 0.195086 -0.980786 0
    outer loop
      vertex -25.25 -1.95 17.7
      vertex -25.4605 -1.99187 15.9
      vertex -25.25 -1.95 15.9
    endloop
  endfacet
  facet normal -0.195086 -0.980786 0
    outer loop
      vertex -25.25 -1.95 15.9
      vertex -25.0395 -1.99187 17.7
      vertex -25.25 -1.95 17.7
    endloop
  endfacet
  facet normal -0.195086 -0.980786 -0
    outer loop
      vertex -25.0395 -1.99187 17.7
      vertex -25.25 -1.95 15.9
      vertex -25.0395 -1.99187 15.9
    endloop
  endfacet
  facet normal -0.555625 -0.831433 0
    outer loop
      vertex -25.0395 -1.99187 15.9
      vertex -24.8611 -2.11109 17.7
      vertex -25.0395 -1.99187 17.7
    endloop
  endfacet
  facet normal -0.555625 -0.831433 -0
    outer loop
      vertex -24.8611 -2.11109 17.7
      vertex -25.0395 -1.99187 15.9
      vertex -24.8611 -2.11109 15.9
    endloop
  endfacet
  facet normal 0.831534 0.555474 0
    outer loop
      vertex -25.6389 -2.88891 17.7
      vertex -25.7581 -2.71047 15.9
      vertex -25.7581 -2.71047 17.7
    endloop
  endfacet
  facet normal 0.831534 0.555474 0
    outer loop
      vertex -25.7581 -2.71047 15.9
      vertex -25.6389 -2.88891 17.7
      vertex -25.6389 -2.88891 15.9
    endloop
  endfacet
  facet normal 0.980754 0.195247 0
    outer loop
      vertex -25.7581 -2.71047 17.7
      vertex -25.8 -2.5 15.9
      vertex -25.8 -2.5 17.7
    endloop
  endfacet
  facet normal 0.980754 0.195247 0
    outer loop
      vertex -25.8 -2.5 15.9
      vertex -25.7581 -2.71047 17.7
      vertex -25.7581 -2.71047 15.9
    endloop
  endfacet
  facet normal 0.555625 0.831433 -0
    outer loop
      vertex -25.4605 -3.00813 15.9
      vertex -25.6389 -2.88891 17.7
      vertex -25.4605 -3.00813 17.7
    endloop
  endfacet
  facet normal 0.555625 0.831433 0
    outer loop
      vertex -25.6389 -2.88891 17.7
      vertex -25.4605 -3.00813 15.9
      vertex -25.6389 -2.88891 15.9
    endloop
  endfacet
  facet normal -0.831524 -0.555489 0
    outer loop
      vertex -24.7419 0.210475 15.9
      vertex -24.8611 0.388908 17.7
      vertex -24.8611 0.388908 15.9
    endloop
  endfacet
  facet normal -0.831524 -0.555489 0
    outer loop
      vertex -24.8611 0.388908 17.7
      vertex -24.7419 0.210475 15.9
      vertex -24.7419 0.210475 17.7
    endloop
  endfacet
  facet normal -0.980755 -0.195242 0
    outer loop
      vertex -24.7 0 15.9
      vertex -24.7419 0.210475 17.7
      vertex -24.7419 0.210475 15.9
    endloop
  endfacet
  facet normal -0.980755 -0.195242 0
    outer loop
      vertex -24.7419 0.210475 17.7
      vertex -24.7 0 15.9
      vertex -24.7 0 17.7
    endloop
  endfacet
  facet normal -0.555641 0.831422 0
    outer loop
      vertex -24.8611 -0.388908 15.9
      vertex -25.0395 -0.508133 17.7
      vertex -24.8611 -0.388908 17.7
    endloop
  endfacet
  facet normal -0.555641 0.831422 0
    outer loop
      vertex -25.0395 -0.508133 17.7
      vertex -24.8611 -0.388908 15.9
      vertex -25.0395 -0.508133 15.9
    endloop
  endfacet
  facet normal 0.195068 0.98079 -0
    outer loop
      vertex -25.25 -0.549999 15.9
      vertex -25.4605 -0.508133 17.7
      vertex -25.25 -0.549999 17.7
    endloop
  endfacet
  facet normal 0.195068 0.98079 0
    outer loop
      vertex -25.4605 -0.508133 17.7
      vertex -25.25 -0.549999 15.9
      vertex -25.4605 -0.508133 15.9
    endloop
  endfacet
  facet normal 0.831524 -0.555489 0
    outer loop
      vertex -25.7581 0.210475 17.7
      vertex -25.6389 0.388908 15.9
      vertex -25.6389 0.388908 17.7
    endloop
  endfacet
  facet normal 0.831524 -0.555489 0
    outer loop
      vertex -25.6389 0.388908 15.9
      vertex -25.7581 0.210475 17.7
      vertex -25.7581 0.210475 15.9
    endloop
  endfacet
  facet normal -0.195068 -0.98079 0
    outer loop
      vertex -25.25 0.549999 15.9
      vertex -25.0395 0.508133 17.7
      vertex -25.25 0.549999 17.7
    endloop
  endfacet
  facet normal -0.195068 -0.98079 -0
    outer loop
      vertex -25.0395 0.508133 17.7
      vertex -25.25 0.549999 15.9
      vertex -25.0395 0.508133 15.9
    endloop
  endfacet
  facet normal -0.831524 0.555489 0
    outer loop
      vertex -24.8611 -0.388908 15.9
      vertex -24.7419 -0.210475 17.7
      vertex -24.7419 -0.210475 15.9
    endloop
  endfacet
  facet normal -0.831524 0.555489 0
    outer loop
      vertex -24.7419 -0.210475 17.7
      vertex -24.8611 -0.388908 15.9
      vertex -24.8611 -0.388908 17.7
    endloop
  endfacet
  facet normal -0.980755 0.195242 0
    outer loop
      vertex -24.7419 -0.210475 15.9
      vertex -24.7 0 17.7
      vertex -24.7 0 15.9
    endloop
  endfacet
  facet normal -0.980755 0.195242 0
    outer loop
      vertex -24.7 0 17.7
      vertex -24.7419 -0.210475 15.9
      vertex -24.7419 -0.210475 17.7
    endloop
  endfacet
  facet normal 0.555641 -0.831422 0
    outer loop
      vertex -25.6389 0.388908 15.9
      vertex -25.4605 0.508133 17.7
      vertex -25.6389 0.388908 17.7
    endloop
  endfacet
  facet normal 0.555641 -0.831422 0
    outer loop
      vertex -25.4605 0.508133 17.7
      vertex -25.6389 0.388908 15.9
      vertex -25.4605 0.508133 15.9
    endloop
  endfacet
  facet normal -0.195068 0.98079 0
    outer loop
      vertex -25.0395 -0.508133 15.9
      vertex -25.25 -0.549999 17.7
      vertex -25.0395 -0.508133 17.7
    endloop
  endfacet
  facet normal -0.195068 0.98079 0
    outer loop
      vertex -25.25 -0.549999 17.7
      vertex -25.0395 -0.508133 15.9
      vertex -25.25 -0.549999 15.9
    endloop
  endfacet
  facet normal 0.195068 -0.98079 0
    outer loop
      vertex -25.4605 0.508133 15.9
      vertex -25.25 0.549999 17.7
      vertex -25.4605 0.508133 17.7
    endloop
  endfacet
  facet normal 0.195068 -0.98079 0
    outer loop
      vertex -25.25 0.549999 17.7
      vertex -25.4605 0.508133 15.9
      vertex -25.25 0.549999 15.9
    endloop
  endfacet
  facet normal 0.980755 -0.195242 0
    outer loop
      vertex -25.8 0 17.7
      vertex -25.7581 0.210475 15.9
      vertex -25.7581 0.210475 17.7
    endloop
  endfacet
  facet normal 0.980755 -0.195242 0
    outer loop
      vertex -25.7581 0.210475 15.9
      vertex -25.8 0 17.7
      vertex -25.8 0 15.9
    endloop
  endfacet
  facet normal -0.555641 -0.831422 0
    outer loop
      vertex -25.0395 0.508133 15.9
      vertex -24.8611 0.388908 17.7
      vertex -25.0395 0.508133 17.7
    endloop
  endfacet
  facet normal -0.555641 -0.831422 -0
    outer loop
      vertex -24.8611 0.388908 17.7
      vertex -25.0395 0.508133 15.9
      vertex -24.8611 0.388908 15.9
    endloop
  endfacet
  facet normal 0.831524 0.555489 0
    outer loop
      vertex -25.6389 -0.388908 17.7
      vertex -25.7581 -0.210475 15.9
      vertex -25.7581 -0.210475 17.7
    endloop
  endfacet
  facet normal 0.831524 0.555489 0
    outer loop
      vertex -25.7581 -0.210475 15.9
      vertex -25.6389 -0.388908 17.7
      vertex -25.6389 -0.388908 15.9
    endloop
  endfacet
  facet normal 0.980755 0.195242 0
    outer loop
      vertex -25.7581 -0.210475 17.7
      vertex -25.8 0 15.9
      vertex -25.8 0 17.7
    endloop
  endfacet
  facet normal 0.980755 0.195242 0
    outer loop
      vertex -25.8 0 15.9
      vertex -25.7581 -0.210475 17.7
      vertex -25.7581 -0.210475 15.9
    endloop
  endfacet
  facet normal 0.555641 0.831422 -0
    outer loop
      vertex -25.4605 -0.508133 15.9
      vertex -25.6389 -0.388908 17.7
      vertex -25.4605 -0.508133 17.7
    endloop
  endfacet
  facet normal 0.555641 0.831422 0
    outer loop
      vertex -25.6389 -0.388908 17.7
      vertex -25.4605 -0.508133 15.9
      vertex -25.6389 -0.388908 15.9
    endloop
  endfacet
  facet normal 0.195086 0.980786 -0
    outer loop
      vertex -25.25 1.95 15.9
      vertex -25.4605 1.99187 17.7
      vertex -25.25 1.95 17.7
    endloop
  endfacet
  facet normal 0.195086 0.980786 0
    outer loop
      vertex -25.4605 1.99187 17.7
      vertex -25.25 1.95 15.9
      vertex -25.4605 1.99187 15.9
    endloop
  endfacet
  facet normal -0.831519 0.555496 0
    outer loop
      vertex -24.8611 2.11109 15.9
      vertex -24.7419 2.28952 17.7
      vertex -24.7419 2.28952 15.9
    endloop
  endfacet
  facet normal -0.831519 0.555496 0
    outer loop
      vertex -24.7419 2.28952 17.7
      vertex -24.8611 2.11109 15.9
      vertex -24.8611 2.11109 17.7
    endloop
  endfacet
  facet normal -0.831534 -0.555474 0
    outer loop
      vertex -24.7419 2.71047 15.9
      vertex -24.8611 2.88891 17.7
      vertex -24.8611 2.88891 15.9
    endloop
  endfacet
  facet normal -0.831534 -0.555474 0
    outer loop
      vertex -24.8611 2.88891 17.7
      vertex -24.7419 2.71047 15.9
      vertex -24.7419 2.71047 17.7
    endloop
  endfacet
  facet normal -0.980754 -0.195247 0
    outer loop
      vertex -24.7 2.5 15.9
      vertex -24.7419 2.71047 17.7
      vertex -24.7419 2.71047 15.9
    endloop
  endfacet
  facet normal -0.980754 -0.195247 0
    outer loop
      vertex -24.7419 2.71047 17.7
      vertex -24.7 2.5 15.9
      vertex -24.7 2.5 17.7
    endloop
  endfacet
  facet normal -0.555625 -0.831433 0
    outer loop
      vertex -25.0395 3.00813 15.9
      vertex -24.8611 2.88891 17.7
      vertex -25.0395 3.00813 17.7
    endloop
  endfacet
  facet normal -0.555625 -0.831433 -0
    outer loop
      vertex -24.8611 2.88891 17.7
      vertex -25.0395 3.00813 15.9
      vertex -24.8611 2.88891 15.9
    endloop
  endfacet
  facet normal 0.980756 0.195238 0
    outer loop
      vertex -25.7581 2.28952 17.7
      vertex -25.8 2.5 15.9
      vertex -25.8 2.5 17.7
    endloop
  endfacet
  facet normal 0.980756 0.195238 0
    outer loop
      vertex -25.8 2.5 15.9
      vertex -25.7581 2.28952 17.7
      vertex -25.7581 2.28952 15.9
    endloop
  endfacet
  facet normal -0.555625 0.831433 0
    outer loop
      vertex -24.8611 2.11109 15.9
      vertex -25.0395 1.99187 17.7
      vertex -24.8611 2.11109 17.7
    endloop
  endfacet
  facet normal -0.555625 0.831433 0
    outer loop
      vertex -25.0395 1.99187 17.7
      vertex -24.8611 2.11109 15.9
      vertex -25.0395 1.99187 15.9
    endloop
  endfacet
  facet normal 0.831534 -0.555474 0
    outer loop
      vertex -25.7581 2.71047 17.7
      vertex -25.6389 2.88891 15.9
      vertex -25.6389 2.88891 17.7
    endloop
  endfacet
  facet normal 0.831534 -0.555474 0
    outer loop
      vertex -25.6389 2.88891 15.9
      vertex -25.7581 2.71047 17.7
      vertex -25.7581 2.71047 15.9
    endloop
  endfacet
  facet normal -0.195086 0.980786 0
    outer loop
      vertex -25.0395 1.99187 15.9
      vertex -25.25 1.95 17.7
      vertex -25.0395 1.99187 17.7
    endloop
  endfacet
  facet normal -0.195086 0.980786 0
    outer loop
      vertex -25.25 1.95 17.7
      vertex -25.0395 1.99187 15.9
      vertex -25.25 1.95 15.9
    endloop
  endfacet
  facet normal 0.195086 -0.980786 0
    outer loop
      vertex -25.4605 3.00813 15.9
      vertex -25.25 3.05 17.7
      vertex -25.4605 3.00813 17.7
    endloop
  endfacet
  facet normal 0.195086 -0.980786 0
    outer loop
      vertex -25.25 3.05 17.7
      vertex -25.4605 3.00813 15.9
      vertex -25.25 3.05 15.9
    endloop
  endfacet
  facet normal 0.555625 -0.831433 0
    outer loop
      vertex -25.6389 2.88891 15.9
      vertex -25.4605 3.00813 17.7
      vertex -25.6389 2.88891 17.7
    endloop
  endfacet
  facet normal 0.555625 -0.831433 0
    outer loop
      vertex -25.4605 3.00813 17.7
      vertex -25.6389 2.88891 15.9
      vertex -25.4605 3.00813 15.9
    endloop
  endfacet
  facet normal -0.980756 0.195238 0
    outer loop
      vertex -24.7419 2.28952 15.9
      vertex -24.7 2.5 17.7
      vertex -24.7 2.5 15.9
    endloop
  endfacet
  facet normal -0.980756 0.195238 0
    outer loop
      vertex -24.7 2.5 17.7
      vertex -24.7419 2.28952 15.9
      vertex -24.7419 2.28952 17.7
    endloop
  endfacet
  facet normal 0.980754 -0.195247 0
    outer loop
      vertex -25.8 2.5 17.7
      vertex -25.7581 2.71047 15.9
      vertex -25.7581 2.71047 17.7
    endloop
  endfacet
  facet normal 0.980754 -0.195247 0
    outer loop
      vertex -25.7581 2.71047 15.9
      vertex -25.8 2.5 17.7
      vertex -25.8 2.5 15.9
    endloop
  endfacet
  facet normal 0.831519 0.555496 0
    outer loop
      vertex -25.6389 2.11109 17.7
      vertex -25.7581 2.28952 15.9
      vertex -25.7581 2.28952 17.7
    endloop
  endfacet
  facet normal 0.831519 0.555496 0
    outer loop
      vertex -25.7581 2.28952 15.9
      vertex -25.6389 2.11109 17.7
      vertex -25.6389 2.11109 15.9
    endloop
  endfacet
  facet normal -0.195086 -0.980786 0
    outer loop
      vertex -25.25 3.05 15.9
      vertex -25.0395 3.00813 17.7
      vertex -25.25 3.05 17.7
    endloop
  endfacet
  facet normal -0.195086 -0.980786 -0
    outer loop
      vertex -25.0395 3.00813 17.7
      vertex -25.25 3.05 15.9
      vertex -25.0395 3.00813 15.9
    endloop
  endfacet
  facet normal 0.555625 0.831433 -0
    outer loop
      vertex -25.4605 1.99187 15.9
      vertex -25.6389 2.11109 17.7
      vertex -25.4605 1.99187 17.7
    endloop
  endfacet
  facet normal 0.555625 0.831433 0
    outer loop
      vertex -25.6389 2.11109 17.7
      vertex -25.4605 1.99187 15.9
      vertex -25.6389 2.11109 15.9
    endloop
  endfacet
  facet normal 0.555625 -0.831433 0
    outer loop
      vertex -23.1389 -2.11109 15.9
      vertex -22.9605 -1.99187 17.7
      vertex -23.1389 -2.11109 17.7
    endloop
  endfacet
  facet normal 0.555625 -0.831433 0
    outer loop
      vertex -22.9605 -1.99187 17.7
      vertex -23.1389 -2.11109 15.9
      vertex -22.9605 -1.99187 15.9
    endloop
  endfacet
  facet normal -0.831519 -0.555496 0
    outer loop
      vertex -22.2419 -2.28952 15.9
      vertex -22.3611 -2.11109 17.7
      vertex -22.3611 -2.11109 15.9
    endloop
  endfacet
  facet normal -0.831519 -0.555496 0
    outer loop
      vertex -22.3611 -2.11109 17.7
      vertex -22.2419 -2.28952 15.9
      vertex -22.2419 -2.28952 17.7
    endloop
  endfacet
  facet normal -0.980756 -0.195238 0
    outer loop
      vertex -22.2 -2.5 15.9
      vertex -22.2419 -2.28952 17.7
      vertex -22.2419 -2.28952 15.9
    endloop
  endfacet
  facet normal -0.980756 -0.195238 0
    outer loop
      vertex -22.2419 -2.28952 17.7
      vertex -22.2 -2.5 15.9
      vertex -22.2 -2.5 17.7
    endloop
  endfacet
  facet normal 0.831519 -0.555496 0
    outer loop
      vertex -23.2581 -2.28952 17.7
      vertex -23.1389 -2.11109 15.9
      vertex -23.1389 -2.11109 17.7
    endloop
  endfacet
  facet normal 0.831519 -0.555496 0
    outer loop
      vertex -23.1389 -2.11109 15.9
      vertex -23.2581 -2.28952 17.7
      vertex -23.2581 -2.28952 15.9
    endloop
  endfacet
  facet normal 0.195086 0.980786 -0
    outer loop
      vertex -22.75 -3.05 15.9
      vertex -22.9605 -3.00813 17.7
      vertex -22.75 -3.05 17.7
    endloop
  endfacet
  facet normal 0.195086 0.980786 0
    outer loop
      vertex -22.9605 -3.00813 17.7
      vertex -22.75 -3.05 15.9
      vertex -22.9605 -3.00813 15.9
    endloop
  endfacet
  facet normal -0.195086 0.980786 0
    outer loop
      vertex -22.5395 -3.00813 15.9
      vertex -22.75 -3.05 17.7
      vertex -22.5395 -3.00813 17.7
    endloop
  endfacet
  facet normal -0.195086 0.980786 0
    outer loop
      vertex -22.75 -3.05 17.7
      vertex -22.5395 -3.00813 15.9
      vertex -22.75 -3.05 15.9
    endloop
  endfacet
  facet normal -0.555625 0.831433 0
    outer loop
      vertex -22.3611 -2.88891 15.9
      vertex -22.5395 -3.00813 17.7
      vertex -22.3611 -2.88891 17.7
    endloop
  endfacet
  facet normal -0.555625 0.831433 0
    outer loop
      vertex -22.5395 -3.00813 17.7
      vertex -22.3611 -2.88891 15.9
      vertex -22.5395 -3.00813 15.9
    endloop
  endfacet
  facet normal -0.831534 0.555474 0
    outer loop
      vertex -22.3611 -2.88891 15.9
      vertex -22.2419 -2.71047 17.7
      vertex -22.2419 -2.71047 15.9
    endloop
  endfacet
  facet normal -0.831534 0.555474 0
    outer loop
      vertex -22.2419 -2.71047 17.7
      vertex -22.3611 -2.88891 15.9
      vertex -22.3611 -2.88891 17.7
    endloop
  endfacet
  facet normal 0.980756 -0.195238 0
    outer loop
      vertex -23.3 -2.5 17.7
      vertex -23.2581 -2.28952 15.9
      vertex -23.2581 -2.28952 17.7
    endloop
  endfacet
  facet normal 0.980756 -0.195238 0
    outer loop
      vertex -23.2581 -2.28952 15.9
      vertex -23.3 -2.5 17.7
      vertex -23.3 -2.5 15.9
    endloop
  endfacet
  facet normal -0.980754 0.195247 0
    outer loop
      vertex -22.2419 -2.71047 15.9
      vertex -22.2 -2.5 17.7
      vertex -22.2 -2.5 15.9
    endloop
  endfacet
  facet normal -0.980754 0.195247 0
    outer loop
      vertex -22.2 -2.5 17.7
      vertex -22.2419 -2.71047 15.9
      vertex -22.2419 -2.71047 17.7
    endloop
  endfacet
  facet normal 0.195086 -0.980786 0
    outer loop
      vertex -22.9605 -1.99187 15.9
      vertex -22.75 -1.95 17.7
      vertex -22.9605 -1.99187 17.7
    endloop
  endfacet
  facet normal 0.195086 -0.980786 0
    outer loop
      vertex -22.75 -1.95 17.7
      vertex -22.9605 -1.99187 15.9
      vertex -22.75 -1.95 15.9
    endloop
  endfacet
  facet normal -0.195086 -0.980786 0
    outer loop
      vertex -22.75 -1.95 15.9
      vertex -22.5395 -1.99187 17.7
      vertex -22.75 -1.95 17.7
    endloop
  endfacet
  facet normal -0.195086 -0.980786 -0
    outer loop
      vertex -22.5395 -1.99187 17.7
      vertex -22.75 -1.95 15.9
      vertex -22.5395 -1.99187 15.9
    endloop
  endfacet
  facet normal -0.555625 -0.831433 0
    outer loop
      vertex -22.5395 -1.99187 15.9
      vertex -22.3611 -2.11109 17.7
      vertex -22.5395 -1.99187 17.7
    endloop
  endfacet
  facet normal -0.555625 -0.831433 -0
    outer loop
      vertex -22.3611 -2.11109 17.7
      vertex -22.5395 -1.99187 15.9
      vertex -22.3611 -2.11109 15.9
    endloop
  endfacet
  facet normal 0.831534 0.555474 0
    outer loop
      vertex -23.1389 -2.88891 17.7
      vertex -23.2581 -2.71047 15.9
      vertex -23.2581 -2.71047 17.7
    endloop
  endfacet
  facet normal 0.831534 0.555474 0
    outer loop
      vertex -23.2581 -2.71047 15.9
      vertex -23.1389 -2.88891 17.7
      vertex -23.1389 -2.88891 15.9
    endloop
  endfacet
  facet normal 0.980754 0.195247 0
    outer loop
      vertex -23.2581 -2.71047 17.7
      vertex -23.3 -2.5 15.9
      vertex -23.3 -2.5 17.7
    endloop
  endfacet
  facet normal 0.980754 0.195247 0
    outer loop
      vertex -23.3 -2.5 15.9
      vertex -23.2581 -2.71047 17.7
      vertex -23.2581 -2.71047 15.9
    endloop
  endfacet
  facet normal 0.555625 0.831433 -0
    outer loop
      vertex -22.9605 -3.00813 15.9
      vertex -23.1389 -2.88891 17.7
      vertex -22.9605 -3.00813 17.7
    endloop
  endfacet
  facet normal 0.555625 0.831433 0
    outer loop
      vertex -23.1389 -2.88891 17.7
      vertex -22.9605 -3.00813 15.9
      vertex -23.1389 -2.88891 15.9
    endloop
  endfacet
  facet normal 0.555641 -0.831422 0
    outer loop
      vertex -23.1389 0.388908 15.9
      vertex -22.9605 0.508133 17.7
      vertex -23.1389 0.388908 17.7
    endloop
  endfacet
  facet normal 0.555641 -0.831422 0
    outer loop
      vertex -22.9605 0.508133 17.7
      vertex -23.1389 0.388908 15.9
      vertex -22.9605 0.508133 15.9
    endloop
  endfacet
  facet normal -0.831524 -0.555489 0
    outer loop
      vertex -22.2419 0.210475 15.9
      vertex -22.3611 0.388908 17.7
      vertex -22.3611 0.388908 15.9
    endloop
  endfacet
  facet normal -0.831524 -0.555489 0
    outer loop
      vertex -22.3611 0.388908 17.7
      vertex -22.2419 0.210475 15.9
      vertex -22.2419 0.210475 17.7
    endloop
  endfacet
  facet normal -0.980755 -0.195242 0
    outer loop
      vertex -22.2 0 15.9
      vertex -22.2419 0.210475 17.7
      vertex -22.2419 0.210475 15.9
    endloop
  endfacet
  facet normal -0.980755 -0.195242 0
    outer loop
      vertex -22.2419 0.210475 17.7
      vertex -22.2 0 15.9
      vertex -22.2 0 17.7
    endloop
  endfacet
  facet normal 0.831524 -0.555489 0
    outer loop
      vertex -23.2581 0.210475 17.7
      vertex -23.1389 0.388908 15.9
      vertex -23.1389 0.388908 17.7
    endloop
  endfacet
  facet normal 0.831524 -0.555489 0
    outer loop
      vertex -23.1389 0.388908 15.9
      vertex -23.2581 0.210475 17.7
      vertex -23.2581 0.210475 15.9
    endloop
  endfacet
  facet normal 0.195068 0.98079 -0
    outer loop
      vertex -22.75 -0.549999 15.9
      vertex -22.9605 -0.508133 17.7
      vertex -22.75 -0.549999 17.7
    endloop
  endfacet
  facet normal 0.195068 0.98079 0
    outer loop
      vertex -22.9605 -0.508133 17.7
      vertex -22.75 -0.549999 15.9
      vertex -22.9605 -0.508133 15.9
    endloop
  endfacet
  facet normal -0.195068 0.98079 0
    outer loop
      vertex -22.5395 -0.508133 15.9
      vertex -22.75 -0.549999 17.7
      vertex -22.5395 -0.508133 17.7
    endloop
  endfacet
  facet normal -0.195068 0.98079 0
    outer loop
      vertex -22.75 -0.549999 17.7
      vertex -22.5395 -0.508133 15.9
      vertex -22.75 -0.549999 15.9
    endloop
  endfacet
  facet normal -0.555641 0.831422 0
    outer loop
      vertex -22.3611 -0.388908 15.9
      vertex -22.5395 -0.508133 17.7
      vertex -22.3611 -0.388908 17.7
    endloop
  endfacet
  facet normal -0.555641 0.831422 0
    outer loop
      vertex -22.5395 -0.508133 17.7
      vertex -22.3611 -0.388908 15.9
      vertex -22.5395 -0.508133 15.9
    endloop
  endfacet
  facet normal -0.831524 0.555489 0
    outer loop
      vertex -22.3611 -0.388908 15.9
      vertex -22.2419 -0.210475 17.7
      vertex -22.2419 -0.210475 15.9
    endloop
  endfacet
  facet normal -0.831524 0.555489 0
    outer loop
      vertex -22.2419 -0.210475 17.7
      vertex -22.3611 -0.388908 15.9
      vertex -22.3611 -0.388908 17.7
    endloop
  endfacet
  facet normal 0.980755 -0.195242 0
    outer loop
      vertex -23.3 0 17.7
      vertex -23.2581 0.210475 15.9
      vertex -23.2581 0.210475 17.7
    endloop
  endfacet
  facet normal 0.980755 -0.195242 0
    outer loop
      vertex -23.2581 0.210475 15.9
      vertex -23.3 0 17.7
      vertex -23.3 0 15.9
    endloop
  endfacet
  facet normal -0.980755 0.195242 0
    outer loop
      vertex -22.2419 -0.210475 15.9
      vertex -22.2 0 17.7
      vertex -22.2 0 15.9
    endloop
  endfacet
  facet normal -0.980755 0.195242 0
    outer loop
      vertex -22.2 0 17.7
      vertex -22.2419 -0.210475 15.9
      vertex -22.2419 -0.210475 17.7
    endloop
  endfacet
  facet normal 0.195068 -0.98079 0
    outer loop
      vertex -22.9605 0.508133 15.9
      vertex -22.75 0.549999 17.7
      vertex -22.9605 0.508133 17.7
    endloop
  endfacet
  facet normal 0.195068 -0.98079 0
    outer loop
      vertex -22.75 0.549999 17.7
      vertex -22.9605 0.508133 15.9
      vertex -22.75 0.549999 15.9
    endloop
  endfacet
  facet normal -0.195068 -0.98079 0
    outer loop
      vertex -22.75 0.549999 15.9
      vertex -22.5395 0.508133 17.7
      vertex -22.75 0.549999 17.7
    endloop
  endfacet
  facet normal -0.195068 -0.98079 -0
    outer loop
      vertex -22.5395 0.508133 17.7
      vertex -22.75 0.549999 15.9
      vertex -22.5395 0.508133 15.9
    endloop
  endfacet
  facet normal -0.555641 -0.831422 0
    outer loop
      vertex -22.5395 0.508133 15.9
      vertex -22.3611 0.388908 17.7
      vertex -22.5395 0.508133 17.7
    endloop
  endfacet
  facet normal -0.555641 -0.831422 -0
    outer loop
      vertex -22.3611 0.388908 17.7
      vertex -22.5395 0.508133 15.9
      vertex -22.3611 0.388908 15.9
    endloop
  endfacet
  facet normal 0.831524 0.555489 0
    outer loop
      vertex -23.1389 -0.388908 17.7
      vertex -23.2581 -0.210475 15.9
      vertex -23.2581 -0.210475 17.7
    endloop
  endfacet
  facet normal 0.831524 0.555489 0
    outer loop
      vertex -23.2581 -0.210475 15.9
      vertex -23.1389 -0.388908 17.7
      vertex -23.1389 -0.388908 15.9
    endloop
  endfacet
  facet normal 0.980755 0.195242 0
    outer loop
      vertex -23.2581 -0.210475 17.7
      vertex -23.3 0 15.9
      vertex -23.3 0 17.7
    endloop
  endfacet
  facet normal 0.980755 0.195242 0
    outer loop
      vertex -23.3 0 15.9
      vertex -23.2581 -0.210475 17.7
      vertex -23.2581 -0.210475 15.9
    endloop
  endfacet
  facet normal 0.555641 0.831422 -0
    outer loop
      vertex -22.9605 -0.508133 15.9
      vertex -23.1389 -0.388908 17.7
      vertex -22.9605 -0.508133 17.7
    endloop
  endfacet
  facet normal 0.555641 0.831422 0
    outer loop
      vertex -23.1389 -0.388908 17.7
      vertex -22.9605 -0.508133 15.9
      vertex -23.1389 -0.388908 15.9
    endloop
  endfacet
  facet normal 0.195086 0.980786 -0
    outer loop
      vertex -22.75 1.95 15.9
      vertex -22.9605 1.99187 17.7
      vertex -22.75 1.95 17.7
    endloop
  endfacet
  facet normal 0.195086 0.980786 0
    outer loop
      vertex -22.9605 1.99187 17.7
      vertex -22.75 1.95 15.9
      vertex -22.9605 1.99187 15.9
    endloop
  endfacet
  facet normal -0.831519 0.555496 0
    outer loop
      vertex -22.3611 2.11109 15.9
      vertex -22.2419 2.28952 17.7
      vertex -22.2419 2.28952 15.9
    endloop
  endfacet
  facet normal -0.831519 0.555496 0
    outer loop
      vertex -22.2419 2.28952 17.7
      vertex -22.3611 2.11109 15.9
      vertex -22.3611 2.11109 17.7
    endloop
  endfacet
  facet normal -0.831534 -0.555474 0
    outer loop
      vertex -22.2419 2.71047 15.9
      vertex -22.3611 2.88891 17.7
      vertex -22.3611 2.88891 15.9
    endloop
  endfacet
  facet normal -0.831534 -0.555474 0
    outer loop
      vertex -22.3611 2.88891 17.7
      vertex -22.2419 2.71047 15.9
      vertex -22.2419 2.71047 17.7
    endloop
  endfacet
  facet normal -0.980754 -0.195247 0
    outer loop
      vertex -22.2 2.5 15.9
      vertex -22.2419 2.71047 17.7
      vertex -22.2419 2.71047 15.9
    endloop
  endfacet
  facet normal -0.980754 -0.195247 0
    outer loop
      vertex -22.2419 2.71047 17.7
      vertex -22.2 2.5 15.9
      vertex -22.2 2.5 17.7
    endloop
  endfacet
  facet normal -0.555625 -0.831433 0
    outer loop
      vertex -22.5395 3.00813 15.9
      vertex -22.3611 2.88891 17.7
      vertex -22.5395 3.00813 17.7
    endloop
  endfacet
  facet normal -0.555625 -0.831433 -0
    outer loop
      vertex -22.3611 2.88891 17.7
      vertex -22.5395 3.00813 15.9
      vertex -22.3611 2.88891 15.9
    endloop
  endfacet
  facet normal -0.195086 -0.980786 0
    outer loop
      vertex -22.75 3.05 15.9
      vertex -22.5395 3.00813 17.7
      vertex -22.75 3.05 17.7
    endloop
  endfacet
  facet normal -0.195086 -0.980786 -0
    outer loop
      vertex -22.5395 3.00813 17.7
      vertex -22.75 3.05 15.9
      vertex -22.5395 3.00813 15.9
    endloop
  endfacet
  facet normal 0.980756 0.195238 0
    outer loop
      vertex -23.2581 2.28952 17.7
      vertex -23.3 2.5 15.9
      vertex -23.3 2.5 17.7
    endloop
  endfacet
  facet normal 0.980756 0.195238 0
    outer loop
      vertex -23.3 2.5 15.9
      vertex -23.2581 2.28952 17.7
      vertex -23.2581 2.28952 15.9
    endloop
  endfacet
  facet normal -0.555625 0.831433 0
    outer loop
      vertex -22.3611 2.11109 15.9
      vertex -22.5395 1.99187 17.7
      vertex -22.3611 2.11109 17.7
    endloop
  endfacet
  facet normal -0.555625 0.831433 0
    outer loop
      vertex -22.5395 1.99187 17.7
      vertex -22.3611 2.11109 15.9
      vertex -22.5395 1.99187 15.9
    endloop
  endfacet
  facet normal 0.831534 -0.555474 0
    outer loop
      vertex -23.2581 2.71047 17.7
      vertex -23.1389 2.88891 15.9
      vertex -23.1389 2.88891 17.7
    endloop
  endfacet
  facet normal 0.831534 -0.555474 0
    outer loop
      vertex -23.1389 2.88891 15.9
      vertex -23.2581 2.71047 17.7
      vertex -23.2581 2.71047 15.9
    endloop
  endfacet
  facet normal 0.195086 -0.980786 0
    outer loop
      vertex -22.9605 3.00813 15.9
      vertex -22.75 3.05 17.7
      vertex -22.9605 3.00813 17.7
    endloop
  endfacet
  facet normal 0.195086 -0.980786 0
    outer loop
      vertex -22.75 3.05 17.7
      vertex -22.9605 3.00813 15.9
      vertex -22.75 3.05 15.9
    endloop
  endfacet
  facet normal 0.555625 -0.831433 0
    outer loop
      vertex -23.1389 2.88891 15.9
      vertex -22.9605 3.00813 17.7
      vertex -23.1389 2.88891 17.7
    endloop
  endfacet
  facet normal 0.555625 -0.831433 0
    outer loop
      vertex -22.9605 3.00813 17.7
      vertex -23.1389 2.88891 15.9
      vertex -22.9605 3.00813 15.9
    endloop
  endfacet
  facet normal -0.980756 0.195238 0
    outer loop
      vertex -22.2419 2.28952 15.9
      vertex -22.2 2.5 17.7
      vertex -22.2 2.5 15.9
    endloop
  endfacet
  facet normal -0.980756 0.195238 0
    outer loop
      vertex -22.2 2.5 17.7
      vertex -22.2419 2.28952 15.9
      vertex -22.2419 2.28952 17.7
    endloop
  endfacet
  facet normal 0.980754 -0.195247 0
    outer loop
      vertex -23.3 2.5 17.7
      vertex -23.2581 2.71047 15.9
      vertex -23.2581 2.71047 17.7
    endloop
  endfacet
  facet normal 0.980754 -0.195247 0
    outer loop
      vertex -23.2581 2.71047 15.9
      vertex -23.3 2.5 17.7
      vertex -23.3 2.5 15.9
    endloop
  endfacet
  facet normal 0.831519 0.555496 0
    outer loop
      vertex -23.1389 2.11109 17.7
      vertex -23.2581 2.28952 15.9
      vertex -23.2581 2.28952 17.7
    endloop
  endfacet
  facet normal 0.831519 0.555496 0
    outer loop
      vertex -23.2581 2.28952 15.9
      vertex -23.1389 2.11109 17.7
      vertex -23.1389 2.11109 15.9
    endloop
  endfacet
  facet normal -0.195086 0.980786 0
    outer loop
      vertex -22.5395 1.99187 15.9
      vertex -22.75 1.95 17.7
      vertex -22.5395 1.99187 17.7
    endloop
  endfacet
  facet normal -0.195086 0.980786 0
    outer loop
      vertex -22.75 1.95 17.7
      vertex -22.5395 1.99187 15.9
      vertex -22.75 1.95 15.9
    endloop
  endfacet
  facet normal 0.555625 0.831433 -0
    outer loop
      vertex -22.9605 1.99187 15.9
      vertex -23.1389 2.11109 17.7
      vertex -22.9605 1.99187 17.7
    endloop
  endfacet
  facet normal 0.555625 0.831433 0
    outer loop
      vertex -23.1389 2.11109 17.7
      vertex -22.9605 1.99187 15.9
      vertex -23.1389 2.11109 15.9
    endloop
  endfacet
  facet normal 0.555625 -0.831433 0
    outer loop
      vertex -20.6389 -2.11109 15.9
      vertex -20.4605 -1.99187 17.7
      vertex -20.6389 -2.11109 17.7
    endloop
  endfacet
  facet normal 0.555625 -0.831433 0
    outer loop
      vertex -20.4605 -1.99187 17.7
      vertex -20.6389 -2.11109 15.9
      vertex -20.4605 -1.99187 15.9
    endloop
  endfacet
  facet normal -0.831519 -0.555496 0
    outer loop
      vertex -19.7419 -2.28952 15.9
      vertex -19.8611 -2.11109 17.7
      vertex -19.8611 -2.11109 15.9
    endloop
  endfacet
  facet normal -0.831519 -0.555496 0
    outer loop
      vertex -19.8611 -2.11109 17.7
      vertex -19.7419 -2.28952 15.9
      vertex -19.7419 -2.28952 17.7
    endloop
  endfacet
  facet normal -0.980756 -0.195238 0
    outer loop
      vertex -19.7 -2.5 15.9
      vertex -19.7419 -2.28952 17.7
      vertex -19.7419 -2.28952 15.9
    endloop
  endfacet
  facet normal -0.980756 -0.195238 0
    outer loop
      vertex -19.7419 -2.28952 17.7
      vertex -19.7 -2.5 15.9
      vertex -19.7 -2.5 17.7
    endloop
  endfacet
  facet normal 0.831519 -0.555496 0
    outer loop
      vertex -20.7581 -2.28952 17.7
      vertex -20.6389 -2.11109 15.9
      vertex -20.6389 -2.11109 17.7
    endloop
  endfacet
  facet normal 0.831519 -0.555496 0
    outer loop
      vertex -20.6389 -2.11109 15.9
      vertex -20.7581 -2.28952 17.7
      vertex -20.7581 -2.28952 15.9
    endloop
  endfacet
  facet normal 0.195086 0.980786 -0
    outer loop
      vertex -20.25 -3.05 15.9
      vertex -20.4605 -3.00813 17.7
      vertex -20.25 -3.05 17.7
    endloop
  endfacet
  facet normal 0.195086 0.980786 0
    outer loop
      vertex -20.4605 -3.00813 17.7
      vertex -20.25 -3.05 15.9
      vertex -20.4605 -3.00813 15.9
    endloop
  endfacet
  facet normal -0.195086 0.980786 0
    outer loop
      vertex -20.0395 -3.00813 15.9
      vertex -20.25 -3.05 17.7
      vertex -20.0395 -3.00813 17.7
    endloop
  endfacet
  facet normal -0.195086 0.980786 0
    outer loop
      vertex -20.25 -3.05 17.7
      vertex -20.0395 -3.00813 15.9
      vertex -20.25 -3.05 15.9
    endloop
  endfacet
  facet normal -0.555625 0.831433 0
    outer loop
      vertex -19.8611 -2.88891 15.9
      vertex -20.0395 -3.00813 17.7
      vertex -19.8611 -2.88891 17.7
    endloop
  endfacet
  facet normal -0.555625 0.831433 0
    outer loop
      vertex -20.0395 -3.00813 17.7
      vertex -19.8611 -2.88891 15.9
      vertex -20.0395 -3.00813 15.9
    endloop
  endfacet
  facet normal -0.831534 0.555474 0
    outer loop
      vertex -19.8611 -2.88891 15.9
      vertex -19.7419 -2.71047 17.7
      vertex -19.7419 -2.71047 15.9
    endloop
  endfacet
  facet normal -0.831534 0.555474 0
    outer loop
      vertex -19.7419 -2.71047 17.7
      vertex -19.8611 -2.88891 15.9
      vertex -19.8611 -2.88891 17.7
    endloop
  endfacet
  facet normal 0.980756 -0.195238 0
    outer loop
      vertex -20.8 -2.5 17.7
      vertex -20.7581 -2.28952 15.9
      vertex -20.7581 -2.28952 17.7
    endloop
  endfacet
  facet normal 0.980756 -0.195238 0
    outer loop
      vertex -20.7581 -2.28952 15.9
      vertex -20.8 -2.5 17.7
      vertex -20.8 -2.5 15.9
    endloop
  endfacet
  facet normal -0.980754 0.195247 0
    outer loop
      vertex -19.7419 -2.71047 15.9
      vertex -19.7 -2.5 17.7
      vertex -19.7 -2.5 15.9
    endloop
  endfacet
  facet normal -0.980754 0.195247 0
    outer loop
      vertex -19.7 -2.5 17.7
      vertex -19.7419 -2.71047 15.9
      vertex -19.7419 -2.71047 17.7
    endloop
  endfacet
  facet normal 0.195086 -0.980786 0
    outer loop
      vertex -20.4605 -1.99187 15.9
      vertex -20.25 -1.95 17.7
      vertex -20.4605 -1.99187 17.7
    endloop
  endfacet
  facet normal 0.195086 -0.980786 0
    outer loop
      vertex -20.25 -1.95 17.7
      vertex -20.4605 -1.99187 15.9
      vertex -20.25 -1.95 15.9
    endloop
  endfacet
  facet normal -0.195086 -0.980786 0
    outer loop
      vertex -20.25 -1.95 15.9
      vertex -20.0395 -1.99187 17.7
      vertex -20.25 -1.95 17.7
    endloop
  endfacet
  facet normal -0.195086 -0.980786 -0
    outer loop
      vertex -20.0395 -1.99187 17.7
      vertex -20.25 -1.95 15.9
      vertex -20.0395 -1.99187 15.9
    endloop
  endfacet
  facet normal -0.555625 -0.831433 0
    outer loop
      vertex -20.0395 -1.99187 15.9
      vertex -19.8611 -2.11109 17.7
      vertex -20.0395 -1.99187 17.7
    endloop
  endfacet
  facet normal -0.555625 -0.831433 -0
    outer loop
      vertex -19.8611 -2.11109 17.7
      vertex -20.0395 -1.99187 15.9
      vertex -19.8611 -2.11109 15.9
    endloop
  endfacet
  facet normal 0.831534 0.555474 0
    outer loop
      vertex -20.6389 -2.88891 17.7
      vertex -20.7581 -2.71047 15.9
      vertex -20.7581 -2.71047 17.7
    endloop
  endfacet
  facet normal 0.831534 0.555474 0
    outer loop
      vertex -20.7581 -2.71047 15.9
      vertex -20.6389 -2.88891 17.7
      vertex -20.6389 -2.88891 15.9
    endloop
  endfacet
  facet normal 0.980754 0.195247 0
    outer loop
      vertex -20.7581 -2.71047 17.7
      vertex -20.8 -2.5 15.9
      vertex -20.8 -2.5 17.7
    endloop
  endfacet
  facet normal 0.980754 0.195247 0
    outer loop
      vertex -20.8 -2.5 15.9
      vertex -20.7581 -2.71047 17.7
      vertex -20.7581 -2.71047 15.9
    endloop
  endfacet
  facet normal 0.555625 0.831433 -0
    outer loop
      vertex -20.4605 -3.00813 15.9
      vertex -20.6389 -2.88891 17.7
      vertex -20.4605 -3.00813 17.7
    endloop
  endfacet
  facet normal 0.555625 0.831433 0
    outer loop
      vertex -20.6389 -2.88891 17.7
      vertex -20.4605 -3.00813 15.9
      vertex -20.6389 -2.88891 15.9
    endloop
  endfacet
  facet normal 0.555641 -0.831422 0
    outer loop
      vertex -20.6389 0.388908 15.9
      vertex -20.4605 0.508133 17.7
      vertex -20.6389 0.388908 17.7
    endloop
  endfacet
  facet normal 0.555641 -0.831422 0
    outer loop
      vertex -20.4605 0.508133 17.7
      vertex -20.6389 0.388908 15.9
      vertex -20.4605 0.508133 15.9
    endloop
  endfacet
  facet normal -0.831524 -0.555489 0
    outer loop
      vertex -19.7419 0.210475 15.9
      vertex -19.8611 0.388908 17.7
      vertex -19.8611 0.388908 15.9
    endloop
  endfacet
  facet normal -0.831524 -0.555489 0
    outer loop
      vertex -19.8611 0.388908 17.7
      vertex -19.7419 0.210475 15.9
      vertex -19.7419 0.210475 17.7
    endloop
  endfacet
  facet normal -0.980755 -0.195242 0
    outer loop
      vertex -19.7 0 15.9
      vertex -19.7419 0.210475 17.7
      vertex -19.7419 0.210475 15.9
    endloop
  endfacet
  facet normal -0.980755 -0.195242 0
    outer loop
      vertex -19.7419 0.210475 17.7
      vertex -19.7 0 15.9
      vertex -19.7 0 17.7
    endloop
  endfacet
  facet normal 0.831524 -0.555489 0
    outer loop
      vertex -20.7581 0.210475 17.7
      vertex -20.6389 0.388908 15.9
      vertex -20.6389 0.388908 17.7
    endloop
  endfacet
  facet normal 0.831524 -0.555489 0
    outer loop
      vertex -20.6389 0.388908 15.9
      vertex -20.7581 0.210475 17.7
      vertex -20.7581 0.210475 15.9
    endloop
  endfacet
  facet normal 0.195068 0.98079 -0
    outer loop
      vertex -20.25 -0.549999 15.9
      vertex -20.4605 -0.508133 17.7
      vertex -20.25 -0.549999 17.7
    endloop
  endfacet
  facet normal 0.195068 0.98079 0
    outer loop
      vertex -20.4605 -0.508133 17.7
      vertex -20.25 -0.549999 15.9
      vertex -20.4605 -0.508133 15.9
    endloop
  endfacet
  facet normal -0.195068 0.98079 0
    outer loop
      vertex -20.0395 -0.508133 15.9
      vertex -20.25 -0.549999 17.7
      vertex -20.0395 -0.508133 17.7
    endloop
  endfacet
  facet normal -0.195068 0.98079 0
    outer loop
      vertex -20.25 -0.549999 17.7
      vertex -20.0395 -0.508133 15.9
      vertex -20.25 -0.549999 15.9
    endloop
  endfacet
  facet normal -0.555641 0.831422 0
    outer loop
      vertex -19.8611 -0.388908 15.9
      vertex -20.0395 -0.508133 17.7
      vertex -19.8611 -0.388908 17.7
    endloop
  endfacet
  facet normal -0.555641 0.831422 0
    outer loop
      vertex -20.0395 -0.508133 17.7
      vertex -19.8611 -0.388908 15.9
      vertex -20.0395 -0.508133 15.9
    endloop
  endfacet
  facet normal -0.831524 0.555489 0
    outer loop
      vertex -19.8611 -0.388908 15.9
      vertex -19.7419 -0.210475 17.7
      vertex -19.7419 -0.210475 15.9
    endloop
  endfacet
  facet normal -0.831524 0.555489 0
    outer loop
      vertex -19.7419 -0.210475 17.7
      vertex -19.8611 -0.388908 15.9
      vertex -19.8611 -0.388908 17.7
    endloop
  endfacet
  facet normal 0.980755 -0.195242 0
    outer loop
      vertex -20.8 0 17.7
      vertex -20.7581 0.210475 15.9
      vertex -20.7581 0.210475 17.7
    endloop
  endfacet
  facet normal 0.980755 -0.195242 0
    outer loop
      vertex -20.7581 0.210475 15.9
      vertex -20.8 0 17.7
      vertex -20.8 0 15.9
    endloop
  endfacet
  facet normal -0.980755 0.195242 0
    outer loop
      vertex -19.7419 -0.210475 15.9
      vertex -19.7 0 17.7
      vertex -19.7 0 15.9
    endloop
  endfacet
  facet normal -0.980755 0.195242 0
    outer loop
      vertex -19.7 0 17.7
      vertex -19.7419 -0.210475 15.9
      vertex -19.7419 -0.210475 17.7
    endloop
  endfacet
  facet normal 0.195068 -0.98079 0
    outer loop
      vertex -20.4605 0.508133 15.9
      vertex -20.25 0.549999 17.7
      vertex -20.4605 0.508133 17.7
    endloop
  endfacet
  facet normal 0.195068 -0.98079 0
    outer loop
      vertex -20.25 0.549999 17.7
      vertex -20.4605 0.508133 15.9
      vertex -20.25 0.549999 15.9
    endloop
  endfacet
  facet normal -0.195068 -0.98079 0
    outer loop
      vertex -20.25 0.549999 15.9
      vertex -20.0395 0.508133 17.7
      vertex -20.25 0.549999 17.7
    endloop
  endfacet
  facet normal -0.195068 -0.98079 -0
    outer loop
      vertex -20.0395 0.508133 17.7
      vertex -20.25 0.549999 15.9
      vertex -20.0395 0.508133 15.9
    endloop
  endfacet
  facet normal -0.555641 -0.831422 0
    outer loop
      vertex -20.0395 0.508133 15.9
      vertex -19.8611 0.388908 17.7
      vertex -20.0395 0.508133 17.7
    endloop
  endfacet
  facet normal -0.555641 -0.831422 -0
    outer loop
      vertex -19.8611 0.388908 17.7
      vertex -20.0395 0.508133 15.9
      vertex -19.8611 0.388908 15.9
    endloop
  endfacet
  facet normal 0.831524 0.555489 0
    outer loop
      vertex -20.6389 -0.388908 17.7
      vertex -20.7581 -0.210475 15.9
      vertex -20.7581 -0.210475 17.7
    endloop
  endfacet
  facet normal 0.831524 0.555489 0
    outer loop
      vertex -20.7581 -0.210475 15.9
      vertex -20.6389 -0.388908 17.7
      vertex -20.6389 -0.388908 15.9
    endloop
  endfacet
  facet normal 0.980755 0.195242 0
    outer loop
      vertex -20.7581 -0.210475 17.7
      vertex -20.8 0 15.9
      vertex -20.8 0 17.7
    endloop
  endfacet
  facet normal 0.980755 0.195242 0
    outer loop
      vertex -20.8 0 15.9
      vertex -20.7581 -0.210475 17.7
      vertex -20.7581 -0.210475 15.9
    endloop
  endfacet
  facet normal 0.555641 0.831422 -0
    outer loop
      vertex -20.4605 -0.508133 15.9
      vertex -20.6389 -0.388908 17.7
      vertex -20.4605 -0.508133 17.7
    endloop
  endfacet
  facet normal 0.555641 0.831422 0
    outer loop
      vertex -20.6389 -0.388908 17.7
      vertex -20.4605 -0.508133 15.9
      vertex -20.6389 -0.388908 15.9
    endloop
  endfacet
  facet normal 0.195086 0.980786 -0
    outer loop
      vertex -20.25 1.95 15.9
      vertex -20.4605 1.99187 17.7
      vertex -20.25 1.95 17.7
    endloop
  endfacet
  facet normal 0.195086 0.980786 0
    outer loop
      vertex -20.4605 1.99187 17.7
      vertex -20.25 1.95 15.9
      vertex -20.4605 1.99187 15.9
    endloop
  endfacet
  facet normal -0.831519 0.555496 0
    outer loop
      vertex -19.8611 2.11109 15.9
      vertex -19.7419 2.28952 17.7
      vertex -19.7419 2.28952 15.9
    endloop
  endfacet
  facet normal -0.831519 0.555496 0
    outer loop
      vertex -19.7419 2.28952 17.7
      vertex -19.8611 2.11109 15.9
      vertex -19.8611 2.11109 17.7
    endloop
  endfacet
  facet normal -0.831534 -0.555474 0
    outer loop
      vertex -19.7419 2.71047 15.9
      vertex -19.8611 2.88891 17.7
      vertex -19.8611 2.88891 15.9
    endloop
  endfacet
  facet normal -0.831534 -0.555474 0
    outer loop
      vertex -19.8611 2.88891 17.7
      vertex -19.7419 2.71047 15.9
      vertex -19.7419 2.71047 17.7
    endloop
  endfacet
  facet normal -0.980754 -0.195247 0
    outer loop
      vertex -19.7 2.5 15.9
      vertex -19.7419 2.71047 17.7
      vertex -19.7419 2.71047 15.9
    endloop
  endfacet
  facet normal -0.980754 -0.195247 0
    outer loop
      vertex -19.7419 2.71047 17.7
      vertex -19.7 2.5 15.9
      vertex -19.7 2.5 17.7
    endloop
  endfacet
  facet normal -0.555625 -0.831433 0
    outer loop
      vertex -20.0395 3.00813 15.9
      vertex -19.8611 2.88891 17.7
      vertex -20.0395 3.00813 17.7
    endloop
  endfacet
  facet normal -0.555625 -0.831433 -0
    outer loop
      vertex -19.8611 2.88891 17.7
      vertex -20.0395 3.00813 15.9
      vertex -19.8611 2.88891 15.9
    endloop
  endfacet
  facet normal -0.195086 -0.980786 0
    outer loop
      vertex -20.25 3.05 15.9
      vertex -20.0395 3.00813 17.7
      vertex -20.25 3.05 17.7
    endloop
  endfacet
  facet normal -0.195086 -0.980786 -0
    outer loop
      vertex -20.0395 3.00813 17.7
      vertex -20.25 3.05 15.9
      vertex -20.0395 3.00813 15.9
    endloop
  endfacet
  facet normal 0.980756 0.195238 0
    outer loop
      vertex -20.7581 2.28952 17.7
      vertex -20.8 2.5 15.9
      vertex -20.8 2.5 17.7
    endloop
  endfacet
  facet normal 0.980756 0.195238 0
    outer loop
      vertex -20.8 2.5 15.9
      vertex -20.7581 2.28952 17.7
      vertex -20.7581 2.28952 15.9
    endloop
  endfacet
  facet normal -0.555625 0.831433 0
    outer loop
      vertex -19.8611 2.11109 15.9
      vertex -20.0395 1.99187 17.7
      vertex -19.8611 2.11109 17.7
    endloop
  endfacet
  facet normal -0.555625 0.831433 0
    outer loop
      vertex -20.0395 1.99187 17.7
      vertex -19.8611 2.11109 15.9
      vertex -20.0395 1.99187 15.9
    endloop
  endfacet
  facet normal 0.831534 -0.555474 0
    outer loop
      vertex -20.7581 2.71047 17.7
      vertex -20.6389 2.88891 15.9
      vertex -20.6389 2.88891 17.7
    endloop
  endfacet
  facet normal 0.831534 -0.555474 0
    outer loop
      vertex -20.6389 2.88891 15.9
      vertex -20.7581 2.71047 17.7
      vertex -20.7581 2.71047 15.9
    endloop
  endfacet
  facet normal 0.195086 -0.980786 0
    outer loop
      vertex -20.4605 3.00813 15.9
      vertex -20.25 3.05 17.7
      vertex -20.4605 3.00813 17.7
    endloop
  endfacet
  facet normal 0.195086 -0.980786 0
    outer loop
      vertex -20.25 3.05 17.7
      vertex -20.4605 3.00813 15.9
      vertex -20.25 3.05 15.9
    endloop
  endfacet
  facet normal 0.555625 -0.831433 0
    outer loop
      vertex -20.6389 2.88891 15.9
      vertex -20.4605 3.00813 17.7
      vertex -20.6389 2.88891 17.7
    endloop
  endfacet
  facet normal 0.555625 -0.831433 0
    outer loop
      vertex -20.4605 3.00813 17.7
      vertex -20.6389 2.88891 15.9
      vertex -20.4605 3.00813 15.9
    endloop
  endfacet
  facet normal -0.980756 0.195238 0
    outer loop
      vertex -19.7419 2.28952 15.9
      vertex -19.7 2.5 17.7
      vertex -19.7 2.5 15.9
    endloop
  endfacet
  facet normal -0.980756 0.195238 0
    outer loop
      vertex -19.7 2.5 17.7
      vertex -19.7419 2.28952 15.9
      vertex -19.7419 2.28952 17.7
    endloop
  endfacet
  facet normal 0.980754 -0.195247 0
    outer loop
      vertex -20.8 2.5 17.7
      vertex -20.7581 2.71047 15.9
      vertex -20.7581 2.71047 17.7
    endloop
  endfacet
  facet normal 0.980754 -0.195247 0
    outer loop
      vertex -20.7581 2.71047 15.9
      vertex -20.8 2.5 17.7
      vertex -20.8 2.5 15.9
    endloop
  endfacet
  facet normal 0.831519 0.555496 0
    outer loop
      vertex -20.6389 2.11109 17.7
      vertex -20.7581 2.28952 15.9
      vertex -20.7581 2.28952 17.7
    endloop
  endfacet
  facet normal 0.831519 0.555496 0
    outer loop
      vertex -20.7581 2.28952 15.9
      vertex -20.6389 2.11109 17.7
      vertex -20.6389 2.11109 15.9
    endloop
  endfacet
  facet normal -0.195086 0.980786 0
    outer loop
      vertex -20.0395 1.99187 15.9
      vertex -20.25 1.95 17.7
      vertex -20.0395 1.99187 17.7
    endloop
  endfacet
  facet normal -0.195086 0.980786 0
    outer loop
      vertex -20.25 1.95 17.7
      vertex -20.0395 1.99187 15.9
      vertex -20.25 1.95 15.9
    endloop
  endfacet
  facet normal 0.555625 0.831433 -0
    outer loop
      vertex -20.4605 1.99187 15.9
      vertex -20.6389 2.11109 17.7
      vertex -20.4605 1.99187 17.7
    endloop
  endfacet
  facet normal 0.555625 0.831433 0
    outer loop
      vertex -20.6389 2.11109 17.7
      vertex -20.4605 1.99187 15.9
      vertex -20.6389 2.11109 15.9
    endloop
  endfacet
  facet normal -0.92388 -0.382682 0
    outer loop
      vertex -5.72156 -6.45648 11.7
      vertex -5.93135 -5.95 12.79
      vertex -5.93135 -5.95 11.7
    endloop
  endfacet
  facet normal -0.92388 -0.382682 0
    outer loop
      vertex -5.93135 -5.95 12.79
      vertex -5.72156 -6.45648 11.7
      vertex -5.72156 -6.45648 12.79
    endloop
  endfacet
  facet normal -0.991444 -0.130534 0
    outer loop
      vertex -5.65 -7 11.7
      vertex -5.72156 -6.45648 12.79
      vertex -5.72156 -6.45648 11.7
    endloop
  endfacet
  facet normal -0.991444 -0.130534 0
    outer loop
      vertex -5.72156 -6.45648 12.79
      vertex -5.65 -7 11.7
      vertex -5.65 -7 12.79
    endloop
  endfacet
  facet normal 0.608766 -0.79335 0
    outer loop
      vertex -9.23492 -5.51508 11.7
      vertex -8.8 -5.18135 12.79
      vertex -9.23492 -5.51508 12.79
    endloop
  endfacet
  facet normal 0.608766 -0.79335 0
    outer loop
      vertex -8.8 -5.18135 12.79
      vertex -9.23492 -5.51508 11.7
      vertex -8.8 -5.18135 11.7
    endloop
  endfacet
  facet normal 0.382682 -0.92388 0
    outer loop
      vertex -8.8 -5.18135 11.7
      vertex -8.29352 -4.97156 12.79
      vertex -8.8 -5.18135 12.79
    endloop
  endfacet
  facet normal 0.382682 -0.92388 0
    outer loop
      vertex -8.29352 -4.97156 12.79
      vertex -8.8 -5.18135 11.7
      vertex -8.29352 -4.97156 11.7
    endloop
  endfacet
  facet normal -0.608766 0.79335 0
    outer loop
      vertex -6.26508 -8.48492 11.7
      vertex -6.7 -8.81865 12.79
      vertex -6.26508 -8.48492 12.79
    endloop
  endfacet
  facet normal -0.608766 0.79335 0
    outer loop
      vertex -6.7 -8.81865 12.79
      vertex -6.26508 -8.48492 11.7
      vertex -6.7 -8.81865 11.7
    endloop
  endfacet
  facet normal -0.608766 -0.79335 0
    outer loop
      vertex -6.7 -5.18135 11.7
      vertex -6.26508 -5.51508 12.79
      vertex -6.7 -5.18135 12.79
    endloop
  endfacet
  facet normal -0.608766 -0.79335 -0
    outer loop
      vertex -6.26508 -5.51508 12.79
      vertex -6.7 -5.18135 11.7
      vertex -6.26508 -5.51508 11.7
    endloop
  endfacet
  facet normal 0.130534 0.991444 -0
    outer loop
      vertex -7.75 -9.1 11.7
      vertex -8.29352 -9.02844 12.79
      vertex -7.75 -9.1 12.79
    endloop
  endfacet
  facet normal 0.130534 0.991444 0
    outer loop
      vertex -8.29352 -9.02844 12.79
      vertex -7.75 -9.1 11.7
      vertex -8.29352 -9.02844 11.7
    endloop
  endfacet
  facet normal -0.130534 -0.991444 0
    outer loop
      vertex -7.75 -4.9 11.7
      vertex -7.20648 -4.97156 12.79
      vertex -7.75 -4.9 12.79
    endloop
  endfacet
  facet normal -0.130534 -0.991444 -0
    outer loop
      vertex -7.20648 -4.97156 12.79
      vertex -7.75 -4.9 11.7
      vertex -7.20648 -4.97156 11.7
    endloop
  endfacet
  facet normal -0.382682 -0.92388 0
    outer loop
      vertex -7.20648 -4.97156 11.7
      vertex -6.7 -5.18135 12.79
      vertex -7.20648 -4.97156 12.79
    endloop
  endfacet
  facet normal -0.382682 -0.92388 -0
    outer loop
      vertex -6.7 -5.18135 12.79
      vertex -7.20648 -4.97156 11.7
      vertex -6.7 -5.18135 11.7
    endloop
  endfacet
  facet normal 0.608766 0.79335 -0
    outer loop
      vertex -8.8 -8.81865 11.7
      vertex -9.23492 -8.48492 12.79
      vertex -8.8 -8.81865 12.79
    endloop
  endfacet
  facet normal 0.608766 0.79335 0
    outer loop
      vertex -9.23492 -8.48492 12.79
      vertex -8.8 -8.81865 11.7
      vertex -9.23492 -8.48492 11.7
    endloop
  endfacet
  facet normal -0.79335 -0.608766 0
    outer loop
      vertex -5.93135 -5.95 11.7
      vertex -6.26508 -5.51508 12.79
      vertex -6.26508 -5.51508 11.7
    endloop
  endfacet
  facet normal -0.79335 -0.608766 0
    outer loop
      vertex -6.26508 -5.51508 12.79
      vertex -5.93135 -5.95 11.7
      vertex -5.93135 -5.95 12.79
    endloop
  endfacet
  facet normal -0.79335 0.608766 0
    outer loop
      vertex -6.26508 -8.48492 11.7
      vertex -5.93135 -8.05 12.79
      vertex -5.93135 -8.05 11.7
    endloop
  endfacet
  facet normal -0.79335 0.608766 0
    outer loop
      vertex -5.93135 -8.05 12.79
      vertex -6.26508 -8.48492 11.7
      vertex -6.26508 -8.48492 12.79
    endloop
  endfacet
  facet normal -0.382682 0.92388 0
    outer loop
      vertex -6.7 -8.81865 11.7
      vertex -7.20648 -9.02844 12.79
      vertex -6.7 -8.81865 12.79
    endloop
  endfacet
  facet normal -0.382682 0.92388 0
    outer loop
      vertex -7.20648 -9.02844 12.79
      vertex -6.7 -8.81865 11.7
      vertex -7.20648 -9.02844 11.7
    endloop
  endfacet
  facet normal 0.79335 -0.608766 0
    outer loop
      vertex -9.56865 -5.95 12.79
      vertex -9.23492 -5.51508 11.7
      vertex -9.23492 -5.51508 12.79
    endloop
  endfacet
  facet normal 0.79335 -0.608766 0
    outer loop
      vertex -9.23492 -5.51508 11.7
      vertex -9.56865 -5.95 12.79
      vertex -9.56865 -5.95 11.7
    endloop
  endfacet
  facet normal 0.79335 0.608766 0
    outer loop
      vertex -9.23492 -8.48492 12.79
      vertex -9.56865 -8.05 11.7
      vertex -9.56865 -8.05 12.79
    endloop
  endfacet
  facet normal 0.79335 0.608766 0
    outer loop
      vertex -9.56865 -8.05 11.7
      vertex -9.23492 -8.48492 12.79
      vertex -9.23492 -8.48492 11.7
    endloop
  endfacet
  facet normal -0.991444 0.130534 0
    outer loop
      vertex -5.72156 -7.54352 11.7
      vertex -5.65 -7 12.79
      vertex -5.65 -7 11.7
    endloop
  endfacet
  facet normal -0.991444 0.130534 0
    outer loop
      vertex -5.65 -7 12.79
      vertex -5.72156 -7.54352 11.7
      vertex -5.72156 -7.54352 12.79
    endloop
  endfacet
  facet normal 0.130534 -0.991444 0
    outer loop
      vertex -8.29352 -4.97156 11.7
      vertex -7.75 -4.9 12.79
      vertex -8.29352 -4.97156 12.79
    endloop
  endfacet
  facet normal 0.130534 -0.991444 0
    outer loop
      vertex -7.75 -4.9 12.79
      vertex -8.29352 -4.97156 11.7
      vertex -7.75 -4.9 11.7
    endloop
  endfacet
  facet normal 0.92388 0.382682 0
    outer loop
      vertex -9.56865 -8.05 12.79
      vertex -9.77844 -7.54352 11.7
      vertex -9.77844 -7.54352 12.79
    endloop
  endfacet
  facet normal 0.92388 0.382682 0
    outer loop
      vertex -9.77844 -7.54352 11.7
      vertex -9.56865 -8.05 12.79
      vertex -9.56865 -8.05 11.7
    endloop
  endfacet
  facet normal 0.991444 0.130534 0
    outer loop
      vertex -9.77844 -7.54352 12.79
      vertex -9.85 -7 11.7
      vertex -9.85 -7 12.79
    endloop
  endfacet
  facet normal 0.991444 0.130534 0
    outer loop
      vertex -9.85 -7 11.7
      vertex -9.77844 -7.54352 12.79
      vertex -9.77844 -7.54352 11.7
    endloop
  endfacet
  facet normal -0.92388 0.382682 0
    outer loop
      vertex -5.93135 -8.05 11.7
      vertex -5.72156 -7.54352 12.79
      vertex -5.72156 -7.54352 11.7
    endloop
  endfacet
  facet normal -0.92388 0.382682 0
    outer loop
      vertex -5.72156 -7.54352 12.79
      vertex -5.93135 -8.05 11.7
      vertex -5.93135 -8.05 12.79
    endloop
  endfacet
  facet normal 0.382682 0.92388 -0
    outer loop
      vertex -8.29352 -9.02844 11.7
      vertex -8.8 -8.81865 12.79
      vertex -8.29352 -9.02844 12.79
    endloop
  endfacet
  facet normal 0.382682 0.92388 0
    outer loop
      vertex -8.8 -8.81865 12.79
      vertex -8.29352 -9.02844 11.7
      vertex -8.8 -8.81865 11.7
    endloop
  endfacet
  facet normal 0 0 -1
    outer loop
      vertex -5.72156 -7.54352 12.79
      vertex -5.72156 -6.45648 12.79
      vertex -5.65 -7 12.79
    endloop
  endfacet
  facet normal 0 0 -1
    outer loop
      vertex -5.93135 -8.05 12.79
      vertex -5.72156 -6.45648 12.79
      vertex -5.72156 -7.54352 12.79
    endloop
  endfacet
  facet normal 0 0 -1
    outer loop
      vertex -5.93135 -8.05 12.79
      vertex -5.93135 -5.95 12.79
      vertex -5.72156 -6.45648 12.79
    endloop
  endfacet
  facet normal 0 0 -1
    outer loop
      vertex -6.26508 -8.48492 12.79
      vertex -5.93135 -5.95 12.79
      vertex -5.93135 -8.05 12.79
    endloop
  endfacet
  facet normal 0 0 -1
    outer loop
      vertex -6.26508 -8.48492 12.79
      vertex -6.26508 -5.51508 12.79
      vertex -5.93135 -5.95 12.79
    endloop
  endfacet
  facet normal 0 0 -1
    outer loop
      vertex -6.7 -8.81865 12.79
      vertex -6.26508 -5.51508 12.79
      vertex -6.26508 -8.48492 12.79
    endloop
  endfacet
  facet normal 0 0 -1
    outer loop
      vertex -6.7 -8.81865 12.79
      vertex -6.7 -5.18135 12.79
      vertex -6.26508 -5.51508 12.79
    endloop
  endfacet
  facet normal 0 0 -1
    outer loop
      vertex -7.20648 -9.02844 12.79
      vertex -6.7 -5.18135 12.79
      vertex -6.7 -8.81865 12.79
    endloop
  endfacet
  facet normal 0 0 -1
    outer loop
      vertex -7.20648 -9.02844 12.79
      vertex -7.20648 -4.97156 12.79
      vertex -6.7 -5.18135 12.79
    endloop
  endfacet
  facet normal 0 0 -1
    outer loop
      vertex -7.75 -9.1 12.79
      vertex -7.20648 -4.97156 12.79
      vertex -7.20648 -9.02844 12.79
    endloop
  endfacet
  facet normal 0 0 -1
    outer loop
      vertex -7.75 -9.1 12.79
      vertex -7.75 -4.9 12.79
      vertex -7.20648 -4.97156 12.79
    endloop
  endfacet
  facet normal 0 0 -1
    outer loop
      vertex -8.29352 -9.02844 12.79
      vertex -7.75 -4.9 12.79
      vertex -7.75 -9.1 12.79
    endloop
  endfacet
  facet normal 0 0 -1
    outer loop
      vertex -8.29352 -9.02844 12.79
      vertex -8.29352 -4.97156 12.79
      vertex -7.75 -4.9 12.79
    endloop
  endfacet
  facet normal 0 0 -1
    outer loop
      vertex -8.8 -8.81865 12.79
      vertex -8.29352 -4.97156 12.79
      vertex -8.29352 -9.02844 12.79
    endloop
  endfacet
  facet normal 0 0 -1
    outer loop
      vertex -8.8 -8.81865 12.79
      vertex -8.8 -5.18135 12.79
      vertex -8.29352 -4.97156 12.79
    endloop
  endfacet
  facet normal 0 0 -1
    outer loop
      vertex -9.23492 -8.48492 12.79
      vertex -8.8 -5.18135 12.79
      vertex -8.8 -8.81865 12.79
    endloop
  endfacet
  facet normal 0 0 -1
    outer loop
      vertex -9.23492 -8.48492 12.79
      vertex -9.23492 -5.51508 12.79
      vertex -8.8 -5.18135 12.79
    endloop
  endfacet
  facet normal 0 0 -1
    outer loop
      vertex -9.56865 -8.05 12.79
      vertex -9.23492 -5.51508 12.79
      vertex -9.23492 -8.48492 12.79
    endloop
  endfacet
  facet normal 0 0 -1
    outer loop
      vertex -9.56865 -8.05 12.79
      vertex -9.56865 -5.95 12.79
      vertex -9.23492 -5.51508 12.79
    endloop
  endfacet
  facet normal 0 0 -1
    outer loop
      vertex -9.77844 -7.54352 12.79
      vertex -9.56865 -5.95 12.79
      vertex -9.56865 -8.05 12.79
    endloop
  endfacet
  facet normal 0 0 -1
    outer loop
      vertex -9.77844 -7.54352 12.79
      vertex -9.77844 -6.45648 12.79
      vertex -9.56865 -5.95 12.79
    endloop
  endfacet
  facet normal 0 -0 -1
    outer loop
      vertex -9.77844 -6.45648 12.79
      vertex -9.77844 -7.54352 12.79
      vertex -9.85 -7 12.79
    endloop
  endfacet
  facet normal -0.130534 0.991444 0
    outer loop
      vertex -7.20648 -9.02844 11.7
      vertex -7.75 -9.1 12.79
      vertex -7.20648 -9.02844 12.79
    endloop
  endfacet
  facet normal -0.130534 0.991444 0
    outer loop
      vertex -7.75 -9.1 12.79
      vertex -7.20648 -9.02844 11.7
      vertex -7.75 -9.1 11.7
    endloop
  endfacet
  facet normal 0.92388 -0.382682 0
    outer loop
      vertex -9.77844 -6.45648 12.79
      vertex -9.56865 -5.95 11.7
      vertex -9.56865 -5.95 12.79
    endloop
  endfacet
  facet normal 0.92388 -0.382682 0
    outer loop
      vertex -9.56865 -5.95 11.7
      vertex -9.77844 -6.45648 12.79
      vertex -9.77844 -6.45648 11.7
    endloop
  endfacet
  facet normal 0.991444 -0.130534 0
    outer loop
      vertex -9.85 -7 12.79
      vertex -9.77844 -6.45648 11.7
      vertex -9.77844 -6.45648 12.79
    endloop
  endfacet
  facet normal 0.991444 -0.130534 0
    outer loop
      vertex -9.77844 -6.45648 11.7
      vertex -9.85 -7 12.79
      vertex -9.85 -7 11.7
    endloop
  endfacet
  facet normal -0.608766 0.79335 0
    outer loop
      vertex -6.26508 5.51508 11.7
      vertex -6.7 5.18135 12.79
      vertex -6.26508 5.51508 12.79
    endloop
  endfacet
  facet normal -0.608766 0.79335 0
    outer loop
      vertex -6.7 5.18135 12.79
      vertex -6.26508 5.51508 11.7
      vertex -6.7 5.18135 11.7
    endloop
  endfacet
  facet normal 0.79335 -0.608766 0
    outer loop
      vertex -9.56865 8.05 12.79
      vertex -9.23492 8.48492 11.7
      vertex -9.23492 8.48492 12.79
    endloop
  endfacet
  facet normal 0.79335 -0.608766 0
    outer loop
      vertex -9.23492 8.48492 11.7
      vertex -9.56865 8.05 12.79
      vertex -9.56865 8.05 11.7
    endloop
  endfacet
  facet normal -0.92388 -0.382682 0
    outer loop
      vertex -5.72156 7.54352 11.7
      vertex -5.93135 8.05 12.79
      vertex -5.93135 8.05 11.7
    endloop
  endfacet
  facet normal -0.92388 -0.382682 0
    outer loop
      vertex -5.93135 8.05 12.79
      vertex -5.72156 7.54352 11.7
      vertex -5.72156 7.54352 12.79
    endloop
  endfacet
  facet normal -0.991444 -0.130534 0
    outer loop
      vertex -5.65 7 11.7
      vertex -5.72156 7.54352 12.79
      vertex -5.72156 7.54352 11.7
    endloop
  endfacet
  facet normal -0.991444 -0.130534 0
    outer loop
      vertex -5.72156 7.54352 12.79
      vertex -5.65 7 11.7
      vertex -5.65 7 12.79
    endloop
  endfacet
  facet normal 0.991444 0.130534 0
    outer loop
      vertex -9.77844 6.45648 12.79
      vertex -9.85 7 11.7
      vertex -9.85 7 12.79
    endloop
  endfacet
  facet normal 0.991444 0.130534 0
    outer loop
      vertex -9.85 7 11.7
      vertex -9.77844 6.45648 12.79
      vertex -9.77844 6.45648 11.7
    endloop
  endfacet
  facet normal -0.382682 0.92388 0
    outer loop
      vertex -6.7 5.18135 11.7
      vertex -7.20648 4.97156 12.79
      vertex -6.7 5.18135 12.79
    endloop
  endfacet
  facet normal -0.382682 0.92388 0
    outer loop
      vertex -7.20648 4.97156 12.79
      vertex -6.7 5.18135 11.7
      vertex -7.20648 4.97156 11.7
    endloop
  endfacet
  facet normal 0.92388 -0.382682 0
    outer loop
      vertex -9.77844 7.54352 12.79
      vertex -9.56865 8.05 11.7
      vertex -9.56865 8.05 12.79
    endloop
  endfacet
  facet normal 0.92388 -0.382682 0
    outer loop
      vertex -9.56865 8.05 11.7
      vertex -9.77844 7.54352 12.79
      vertex -9.77844 7.54352 11.7
    endloop
  endfacet
  facet normal -0.79335 0.608766 0
    outer loop
      vertex -6.26508 5.51508 11.7
      vertex -5.93135 5.95 12.79
      vertex -5.93135 5.95 11.7
    endloop
  endfacet
  facet normal -0.79335 0.608766 0
    outer loop
      vertex -5.93135 5.95 12.79
      vertex -6.26508 5.51508 11.7
      vertex -6.26508 5.51508 12.79
    endloop
  endfacet
  facet normal -0.991444 0.130534 0
    outer loop
      vertex -5.72156 6.45648 11.7
      vertex -5.65 7 12.79
      vertex -5.65 7 11.7
    endloop
  endfacet
  facet normal -0.991444 0.130534 0
    outer loop
      vertex -5.65 7 12.79
      vertex -5.72156 6.45648 11.7
      vertex -5.72156 6.45648 12.79
    endloop
  endfacet
  facet normal 0.382682 0.92388 -0
    outer loop
      vertex -8.29352 4.97156 11.7
      vertex -8.8 5.18135 12.79
      vertex -8.29352 4.97156 12.79
    endloop
  endfacet
  facet normal 0.382682 0.92388 0
    outer loop
      vertex -8.8 5.18135 12.79
      vertex -8.29352 4.97156 11.7
      vertex -8.8 5.18135 11.7
    endloop
  endfacet
  facet normal 0.130534 0.991444 -0
    outer loop
      vertex -7.75 4.9 11.7
      vertex -8.29352 4.97156 12.79
      vertex -7.75 4.9 12.79
    endloop
  endfacet
  facet normal 0.130534 0.991444 0
    outer loop
      vertex -8.29352 4.97156 12.79
      vertex -7.75 4.9 11.7
      vertex -8.29352 4.97156 11.7
    endloop
  endfacet
  facet normal 0.130534 -0.991444 0
    outer loop
      vertex -8.29352 9.02844 11.7
      vertex -7.75 9.1 12.79
      vertex -8.29352 9.02844 12.79
    endloop
  endfacet
  facet normal 0.130534 -0.991444 0
    outer loop
      vertex -7.75 9.1 12.79
      vertex -8.29352 9.02844 11.7
      vertex -7.75 9.1 11.7
    endloop
  endfacet
  facet normal 0.608766 -0.79335 0
    outer loop
      vertex -9.23492 8.48492 11.7
      vertex -8.8 8.81865 12.79
      vertex -9.23492 8.48492 12.79
    endloop
  endfacet
  facet normal 0.608766 -0.79335 0
    outer loop
      vertex -8.8 8.81865 12.79
      vertex -9.23492 8.48492 11.7
      vertex -8.8 8.81865 11.7
    endloop
  endfacet
  facet normal -0.382682 -0.92388 0
    outer loop
      vertex -7.20648 9.02844 11.7
      vertex -6.7 8.81865 12.79
      vertex -7.20648 9.02844 12.79
    endloop
  endfacet
  facet normal -0.382682 -0.92388 -0
    outer loop
      vertex -6.7 8.81865 12.79
      vertex -7.20648 9.02844 11.7
      vertex -6.7 8.81865 11.7
    endloop
  endfacet
  facet normal 0.382682 -0.92388 0
    outer loop
      vertex -8.8 8.81865 11.7
      vertex -8.29352 9.02844 12.79
      vertex -8.8 8.81865 12.79
    endloop
  endfacet
  facet normal 0.382682 -0.92388 0
    outer loop
      vertex -8.29352 9.02844 12.79
      vertex -8.8 8.81865 11.7
      vertex -8.29352 9.02844 11.7
    endloop
  endfacet
  facet normal -0.92388 0.382682 0
    outer loop
      vertex -5.93135 5.95 11.7
      vertex -5.72156 6.45648 12.79
      vertex -5.72156 6.45648 11.7
    endloop
  endfacet
  facet normal -0.92388 0.382682 0
    outer loop
      vertex -5.72156 6.45648 12.79
      vertex -5.93135 5.95 11.7
      vertex -5.93135 5.95 12.79
    endloop
  endfacet
  facet normal 0 0 -1
    outer loop
      vertex -5.72156 6.45648 12.79
      vertex -5.72156 7.54352 12.79
      vertex -5.65 7 12.79
    endloop
  endfacet
  facet normal 0 0 -1
    outer loop
      vertex -5.93135 5.95 12.79
      vertex -5.72156 7.54352 12.79
      vertex -5.72156 6.45648 12.79
    endloop
  endfacet
  facet normal 0 0 -1
    outer loop
      vertex -5.93135 5.95 12.79
      vertex -5.93135 8.05 12.79
      vertex -5.72156 7.54352 12.79
    endloop
  endfacet
  facet normal 0 0 -1
    outer loop
      vertex -6.26508 5.51508 12.79
      vertex -5.93135 8.05 12.79
      vertex -5.93135 5.95 12.79
    endloop
  endfacet
  facet normal 0 0 -1
    outer loop
      vertex -6.26508 5.51508 12.79
      vertex -6.26508 8.48492 12.79
      vertex -5.93135 8.05 12.79
    endloop
  endfacet
  facet normal 0 0 -1
    outer loop
      vertex -6.7 5.18135 12.79
      vertex -6.26508 8.48492 12.79
      vertex -6.26508 5.51508 12.79
    endloop
  endfacet
  facet normal 0 0 -1
    outer loop
      vertex -6.7 5.18135 12.79
      vertex -6.7 8.81865 12.79
      vertex -6.26508 8.48492 12.79
    endloop
  endfacet
  facet normal 0 0 -1
    outer loop
      vertex -7.20648 4.97156 12.79
      vertex -6.7 8.81865 12.79
      vertex -6.7 5.18135 12.79
    endloop
  endfacet
  facet normal 0 0 -1
    outer loop
      vertex -7.20648 4.97156 12.79
      vertex -7.20648 9.02844 12.79
      vertex -6.7 8.81865 12.79
    endloop
  endfacet
  facet normal 0 0 -1
    outer loop
      vertex -7.75 4.9 12.79
      vertex -7.20648 9.02844 12.79
      vertex -7.20648 4.97156 12.79
    endloop
  endfacet
  facet normal 0 0 -1
    outer loop
      vertex -7.75 4.9 12.79
      vertex -7.75 9.1 12.79
      vertex -7.20648 9.02844 12.79
    endloop
  endfacet
  facet normal 0 0 -1
    outer loop
      vertex -8.29352 4.97156 12.79
      vertex -7.75 9.1 12.79
      vertex -7.75 4.9 12.79
    endloop
  endfacet
  facet normal 0 0 -1
    outer loop
      vertex -8.29352 4.97156 12.79
      vertex -8.29352 9.02844 12.79
      vertex -7.75 9.1 12.79
    endloop
  endfacet
  facet normal 0 0 -1
    outer loop
      vertex -8.8 5.18135 12.79
      vertex -8.29352 9.02844 12.79
      vertex -8.29352 4.97156 12.79
    endloop
  endfacet
  facet normal 0 0 -1
    outer loop
      vertex -8.8 5.18135 12.79
      vertex -8.8 8.81865 12.79
      vertex -8.29352 9.02844 12.79
    endloop
  endfacet
  facet normal 0 0 -1
    outer loop
      vertex -9.23492 5.51508 12.79
      vertex -8.8 8.81865 12.79
      vertex -8.8 5.18135 12.79
    endloop
  endfacet
  facet normal 0 0 -1
    outer loop
      vertex -9.23492 5.51508 12.79
      vertex -9.23492 8.48492 12.79
      vertex -8.8 8.81865 12.79
    endloop
  endfacet
  facet normal 0 0 -1
    outer loop
      vertex -9.56865 5.95 12.79
      vertex -9.23492 8.48492 12.79
      vertex -9.23492 5.51508 12.79
    endloop
  endfacet
  facet normal 0 0 -1
    outer loop
      vertex -9.56865 5.95 12.79
      vertex -9.56865 8.05 12.79
      vertex -9.23492 8.48492 12.79
    endloop
  endfacet
  facet normal 0 0 -1
    outer loop
      vertex -9.77844 6.45648 12.79
      vertex -9.56865 8.05 12.79
      vertex -9.56865 5.95 12.79
    endloop
  endfacet
  facet normal 0 0 -1
    outer loop
      vertex -9.77844 6.45648 12.79
      vertex -9.77844 7.54352 12.79
      vertex -9.56865 8.05 12.79
    endloop
  endfacet
  facet normal 0 -0 -1
    outer loop
      vertex -9.77844 7.54352 12.79
      vertex -9.77844 6.45648 12.79
      vertex -9.85 7 12.79
    endloop
  endfacet
  facet normal -0.130534 0.991444 0
    outer loop
      vertex -7.20648 4.97156 11.7
      vertex -7.75 4.9 12.79
      vertex -7.20648 4.97156 12.79
    endloop
  endfacet
  facet normal -0.130534 0.991444 0
    outer loop
      vertex -7.75 4.9 12.79
      vertex -7.20648 4.97156 11.7
      vertex -7.75 4.9 11.7
    endloop
  endfacet
  facet normal -0.79335 -0.608766 0
    outer loop
      vertex -5.93135 8.05 11.7
      vertex -6.26508 8.48492 12.79
      vertex -6.26508 8.48492 11.7
    endloop
  endfacet
  facet normal -0.79335 -0.608766 0
    outer loop
      vertex -6.26508 8.48492 12.79
      vertex -5.93135 8.05 11.7
      vertex -5.93135 8.05 12.79
    endloop
  endfacet
  facet normal 0.92388 0.382682 0
    outer loop
      vertex -9.56865 5.95 12.79
      vertex -9.77844 6.45648 11.7
      vertex -9.77844 6.45648 12.79
    endloop
  endfacet
  facet normal 0.92388 0.382682 0
    outer loop
      vertex -9.77844 6.45648 11.7
      vertex -9.56865 5.95 12.79
      vertex -9.56865 5.95 11.7
    endloop
  endfacet
  facet normal -0.608766 -0.79335 0
    outer loop
      vertex -6.7 8.81865 11.7
      vertex -6.26508 8.48492 12.79
      vertex -6.7 8.81865 12.79
    endloop
  endfacet
  facet normal -0.608766 -0.79335 -0
    outer loop
      vertex -6.26508 8.48492 12.79
      vertex -6.7 8.81865 11.7
      vertex -6.26508 8.48492 11.7
    endloop
  endfacet
  facet normal -0.130534 -0.991444 0
    outer loop
      vertex -7.75 9.1 11.7
      vertex -7.20648 9.02844 12.79
      vertex -7.75 9.1 12.79
    endloop
  endfacet
  facet normal -0.130534 -0.991444 -0
    outer loop
      vertex -7.20648 9.02844 12.79
      vertex -7.75 9.1 11.7
      vertex -7.20648 9.02844 11.7
    endloop
  endfacet
  facet normal 0.608766 0.79335 -0
    outer loop
      vertex -8.8 5.18135 11.7
      vertex -9.23492 5.51508 12.79
      vertex -8.8 5.18135 12.79
    endloop
  endfacet
  facet normal 0.608766 0.79335 0
    outer loop
      vertex -9.23492 5.51508 12.79
      vertex -8.8 5.18135 11.7
      vertex -9.23492 5.51508 11.7
    endloop
  endfacet
  facet normal 0.79335 0.608766 0
    outer loop
      vertex -9.23492 5.51508 12.79
      vertex -9.56865 5.95 11.7
      vertex -9.56865 5.95 12.79
    endloop
  endfacet
  facet normal 0.79335 0.608766 0
    outer loop
      vertex -9.56865 5.95 11.7
      vertex -9.23492 5.51508 12.79
      vertex -9.23492 5.51508 11.7
    endloop
  endfacet
  facet normal 0.991444 -0.130534 0
    outer loop
      vertex -9.85 7 12.79
      vertex -9.77844 7.54352 11.7
      vertex -9.77844 7.54352 12.79
    endloop
  endfacet
  facet normal 0.991444 -0.130534 0
    outer loop
      vertex -9.77844 7.54352 11.7
      vertex -9.85 7 12.79
      vertex -9.85 7 11.7
    endloop
  endfacet
  facet normal -0.92388 -0.382681 0
    outer loop
      vertex -8.11474 0.491755 15.9
      vertex -8.30455 0.95 17.7
      vertex -8.30455 0.95 15.9
    endloop
  endfacet
  facet normal -0.92388 -0.382681 0
    outer loop
      vertex -8.30455 0.95 17.7
      vertex -8.11474 0.491755 15.9
      vertex -8.11474 0.491755 17.7
    endloop
  endfacet
  facet normal -0.991445 -0.130525 0
    outer loop
      vertex -8.05 0 15.9
      vertex -8.11474 0.491755 17.7
      vertex -8.11474 0.491755 15.9
    endloop
  endfacet
  facet normal -0.991445 -0.130525 0
    outer loop
      vertex -8.11474 0.491755 17.7
      vertex -8.05 0 15.9
      vertex -8.05 0 17.7
    endloop
  endfacet
  facet normal -0.60877 0.793347 0
    outer loop
      vertex -8.6065 -1.3435 15.9
      vertex -9 -1.64545 17.7
      vertex -8.6065 -1.3435 17.7
    endloop
  endfacet
  facet normal -0.60877 0.793347 0
    outer loop
      vertex -9 -1.64545 17.7
      vertex -8.6065 -1.3435 15.9
      vertex -9 -1.64545 15.9
    endloop
  endfacet
  facet normal -0.382685 0.923879 0
    outer loop
      vertex -9 -1.64545 15.9
      vertex -9.45824 -1.83526 17.7
      vertex -9 -1.64545 17.7
    endloop
  endfacet
  facet normal -0.382685 0.923879 0
    outer loop
      vertex -9.45824 -1.83526 17.7
      vertex -9 -1.64545 15.9
      vertex -9.45824 -1.83526 15.9
    endloop
  endfacet
  facet normal 0.130513 -0.991447 0
    outer loop
      vertex -10.4418 1.83526 15.9
      vertex -9.95 1.9 17.7
      vertex -10.4418 1.83526 17.7
    endloop
  endfacet
  facet normal 0.130513 -0.991447 0
    outer loop
      vertex -9.95 1.9 17.7
      vertex -10.4418 1.83526 15.9
      vertex -9.95 1.9 15.9
    endloop
  endfacet
  facet normal -0.382685 -0.923879 0
    outer loop
      vertex -9.45824 1.83526 15.9
      vertex -9 1.64545 17.7
      vertex -9.45824 1.83526 17.7
    endloop
  endfacet
  facet normal -0.382685 -0.923879 -0
    outer loop
      vertex -9 1.64545 17.7
      vertex -9.45824 1.83526 15.9
      vertex -9 1.64545 15.9
    endloop
  endfacet
  facet normal -0.793347 0.60877 0
    outer loop
      vertex -8.6065 -1.3435 15.9
      vertex -8.30455 -0.95 17.7
      vertex -8.30455 -0.95 15.9
    endloop
  endfacet
  facet normal -0.793347 0.60877 0
    outer loop
      vertex -8.30455 -0.95 17.7
      vertex -8.6065 -1.3435 15.9
      vertex -8.6065 -1.3435 17.7
    endloop
  endfacet
  facet normal -0.92388 0.382681 0
    outer loop
      vertex -8.30455 -0.95 15.9
      vertex -8.11474 -0.491755 17.7
      vertex -8.11474 -0.491755 15.9
    endloop
  endfacet
  facet normal -0.92388 0.382681 0
    outer loop
      vertex -8.11474 -0.491755 17.7
      vertex -8.30455 -0.95 15.9
      vertex -8.30455 -0.95 17.7
    endloop
  endfacet
  facet normal 0.130513 0.991447 -0
    outer loop
      vertex -9.95 -1.9 15.9
      vertex -10.4418 -1.83526 17.7
      vertex -9.95 -1.9 17.7
    endloop
  endfacet
  facet normal 0.130513 0.991447 0
    outer loop
      vertex -10.4418 -1.83526 17.7
      vertex -9.95 -1.9 15.9
      vertex -10.4418 -1.83526 15.9
    endloop
  endfacet
  facet normal 0.60877 -0.793347 0
    outer loop
      vertex -11.2935 1.3435 15.9
      vertex -10.9 1.64545 17.7
      vertex -11.2935 1.3435 17.7
    endloop
  endfacet
  facet normal 0.60877 -0.793347 0
    outer loop
      vertex -10.9 1.64545 17.7
      vertex -11.2935 1.3435 15.9
      vertex -10.9 1.64545 15.9
    endloop
  endfacet
  facet normal -0.991445 0.130525 0
    outer loop
      vertex -8.11474 -0.491755 15.9
      vertex -8.05 0 17.7
      vertex -8.05 0 15.9
    endloop
  endfacet
  facet normal -0.991445 0.130525 0
    outer loop
      vertex -8.05 0 17.7
      vertex -8.11474 -0.491755 15.9
      vertex -8.11474 -0.491755 17.7
    endloop
  endfacet
  facet normal 0.991455 -0.130445 0
    outer loop
      vertex -11.85 0 17.7
      vertex -11.7853 0.491755 15.9
      vertex -11.7853 0.491755 17.7
    endloop
  endfacet
  facet normal 0.991455 -0.130445 0
    outer loop
      vertex -11.7853 0.491755 15.9
      vertex -11.85 0 17.7
      vertex -11.85 0 15.9
    endloop
  endfacet
  facet normal -0.130523 0.991445 0
    outer loop
      vertex -9.45824 -1.83526 15.9
      vertex -9.95 -1.9 17.7
      vertex -9.45824 -1.83526 17.7
    endloop
  endfacet
  facet normal -0.130523 0.991445 0
    outer loop
      vertex -9.95 -1.9 17.7
      vertex -9.45824 -1.83526 15.9
      vertex -9.95 -1.9 15.9
    endloop
  endfacet
  facet normal -0.130523 -0.991445 0
    outer loop
      vertex -9.95 1.9 15.9
      vertex -9.45824 1.83526 17.7
      vertex -9.95 1.9 17.7
    endloop
  endfacet
  facet normal -0.130523 -0.991445 -0
    outer loop
      vertex -9.45824 1.83526 17.7
      vertex -9.95 1.9 15.9
      vertex -9.45824 1.83526 15.9
    endloop
  endfacet
  facet normal 0.793395 0.608707 0
    outer loop
      vertex -11.2935 -1.3435 17.7
      vertex -11.5954 -0.95 15.9
      vertex -11.5954 -0.95 17.7
    endloop
  endfacet
  facet normal 0.793395 0.608707 0
    outer loop
      vertex -11.5954 -0.95 15.9
      vertex -11.2935 -1.3435 17.7
      vertex -11.2935 -1.3435 15.9
    endloop
  endfacet
  facet normal 0.382713 -0.923867 0
    outer loop
      vertex -10.9 1.64545 15.9
      vertex -10.4418 1.83526 17.7
      vertex -10.9 1.64545 17.7
    endloop
  endfacet
  facet normal 0.382713 -0.923867 0
    outer loop
      vertex -10.4418 1.83526 17.7
      vertex -10.9 1.64545 15.9
      vertex -10.4418 1.83526 15.9
    endloop
  endfacet
  facet normal 0.923816 -0.382836 0
    outer loop
      vertex -11.7853 0.491755 17.7
      vertex -11.5954 0.95 15.9
      vertex -11.5954 0.95 17.7
    endloop
  endfacet
  facet normal 0.923816 -0.382836 0
    outer loop
      vertex -11.5954 0.95 15.9
      vertex -11.7853 0.491755 17.7
      vertex -11.7853 0.491755 15.9
    endloop
  endfacet
  facet normal 0.991455 0.130445 0
    outer loop
      vertex -11.7853 -0.491755 17.7
      vertex -11.85 0 15.9
      vertex -11.85 0 17.7
    endloop
  endfacet
  facet normal 0.991455 0.130445 0
    outer loop
      vertex -11.85 0 15.9
      vertex -11.7853 -0.491755 17.7
      vertex -11.7853 -0.491755 15.9
    endloop
  endfacet
  facet normal -0.60877 -0.793347 0
    outer loop
      vertex -9 1.64545 15.9
      vertex -8.6065 1.3435 17.7
      vertex -9 1.64545 17.7
    endloop
  endfacet
  facet normal -0.60877 -0.793347 -0
    outer loop
      vertex -8.6065 1.3435 17.7
      vertex -9 1.64545 15.9
      vertex -8.6065 1.3435 15.9
    endloop
  endfacet
  facet normal 0.382713 0.923867 -0
    outer loop
      vertex -10.4418 -1.83526 15.9
      vertex -10.9 -1.64545 17.7
      vertex -10.4418 -1.83526 17.7
    endloop
  endfacet
  facet normal 0.382713 0.923867 0
    outer loop
      vertex -10.9 -1.64545 17.7
      vertex -10.4418 -1.83526 15.9
      vertex -10.9 -1.64545 15.9
    endloop
  endfacet
  facet normal 0.793395 -0.608707 0
    outer loop
      vertex -11.5954 0.95 17.7
      vertex -11.2935 1.3435 15.9
      vertex -11.2935 1.3435 17.7
    endloop
  endfacet
  facet normal 0.793395 -0.608707 0
    outer loop
      vertex -11.2935 1.3435 15.9
      vertex -11.5954 0.95 17.7
      vertex -11.5954 0.95 15.9
    endloop
  endfacet
  facet normal -0.793347 -0.60877 0
    outer loop
      vertex -8.30455 0.95 15.9
      vertex -8.6065 1.3435 17.7
      vertex -8.6065 1.3435 15.9
    endloop
  endfacet
  facet normal -0.793347 -0.60877 0
    outer loop
      vertex -8.6065 1.3435 17.7
      vertex -8.30455 0.95 15.9
      vertex -8.30455 0.95 17.7
    endloop
  endfacet
  facet normal 0.60877 0.793347 -0
    outer loop
      vertex -10.9 -1.64545 15.9
      vertex -11.2935 -1.3435 17.7
      vertex -10.9 -1.64545 17.7
    endloop
  endfacet
  facet normal 0.60877 0.793347 0
    outer loop
      vertex -11.2935 -1.3435 17.7
      vertex -10.9 -1.64545 15.9
      vertex -11.2935 -1.3435 15.9
    endloop
  endfacet
  facet normal 0.923816 0.382836 0
    outer loop
      vertex -11.5954 -0.95 17.7
      vertex -11.7853 -0.491755 15.9
      vertex -11.7853 -0.491755 17.7
    endloop
  endfacet
  facet normal 0.923816 0.382836 0
    outer loop
      vertex -11.7853 -0.491755 15.9
      vertex -11.5954 -0.95 17.7
      vertex -11.5954 -0.95 15.9
    endloop
  endfacet
endsolid OpenSCAD_Model
